domain,label,family,observed_at
fromhisthe.net,1,suppobox,2025-01-04T03:06:00
oqfobwz.net,1,conficker,2025-01-03T13:50:00
i2c30s8.biz,1,cryptolocker,2025-01-01T22:54:00
ug7mr22.info,1,cryptolocker,2025-01-01T07:26:00
host4904.kogiu.com,0,benign,2025-01-04T09:44:00
host4431.yzdog.com,0,benign,2025-01-04T01:51:00
office.com,0,benign,2025-01-01T23:29:00
wclp0al.biz,1,cryptolocker,2025-01-02T07:09:00
m7t0hw7.info,1,cryptolocker,2025-01-02T05:11:00
zvaac5c.ru,1,cryptolocker,2025-01-03T14:47:00
host2018.uqgin.com,0,benign,2025-01-02T09:38:00
host671.oivvb.com,0,benign,2025-01-01T11:11:00
lhewu.net,1,conficker,2025-01-03T15:46:00
vpe3e43.info,1,cryptolocker,2025-01-01T01:57:00
host3967.tpoyw.com,0,benign,2025-01-03T18:07:00
zoksr.net,1,conficker,2025-01-02T01:32:00
host3818.mfgxg.com,0,benign,2025-01-03T15:38:00
j2oh4ja.biz,1,cryptolocker,2025-01-02T07:28:00
host4433.cngqz.com,0,benign,2025-01-04T01:53:00
slack.com,0,benign,2025-01-01T09:41:00
andthathave.net,1,suppobox,2025-01-01T12:30:00
rockfire.org,1,matsnu,2025-01-02T08:00:00
anplad2.biz,1,cryptolocker,2025-01-01T07:17:00
host4782.stynj.com,0,benign,2025-01-04T07:42:00
host4410.oidkq.com,0,benign,2025-01-04T01:30:00
host462.dbrih.com,0,benign,2025-01-01T07:42:00
linkedin.com,0,benign,2025-01-03T11:05:00
qul6plo.info,1,cryptolocker,2025-01-01T23:22:00
havewithfrom.net,1,suppobox,2025-01-03T09:40:00
tqrsnxuvnygg.com,1,kraken,2025-01-01T21:57:00
host2323.euaal.com,0,benign,2025-01-02T14:43:00
host353.hvgvl.com,0,benign,2025-01-01T05:53:00
amazon.com,0,benign,2025-01-02T22:33:00
host3086.utzes.com,0,benign,2025-01-03T03:26:00
lunsowlwrctk.com,1,kraken,2025-01-02T19:33:00
badszt.net,1,conficker,2025-01-01T19:17:00
wgcecg.net,1,conficker,2025-01-03T15:02:00
grapeelder.org,1,matsnu,2025-01-04T03:34:00
oblkmpso.net,1,conficker,2025-01-03T17:30:00
cherryfig.org,1,matsnu,2025-01-04T00:09:00
host2702.bbsqt.com,0,benign,2025-01-02T21:02:00
host2502.frznv.com,0,benign,2025-01-02T17:42:00
x27ev0ygz4.net,1,generic,2025-01-02T08:28:00
cmckset72ewqj7ly.info,1,generic,2025-01-03T13:55:00
ixa6507cc2k.info,1,generic,2025-01-03T23:24:00
zumtkk.net,1,conficker,2025-01-02T17:20:00
host3053.aiwtn.com,0,benign,2025-01-03T02:53:00
host2861.uqnev.com,0,benign,2025-01-02T23:41:00
havetheand.net,1,suppobox,2025-01-01T18:25:00
salesforce.com,0,benign,2025-01-03T14:30:00
yjj0i1texekp268yqe.ru,1,generic,2025-01-01T07:15:00
host3040.prtwb.com,0,benign,2025-01-03T02:40:00
bz8xfj0hpx.cn,1,generic,2025-01-03T16:33:00
butbutnot.net,1,suppobox,2025-01-02T01:19:00
tmevwsjzgjqo.com,1,kraken,2025-01-02T16:10:00
0vjfnes6.org,1,generic,2025-01-01T11:40:00
o8q8vk9.info,1,cryptolocker,2025-01-01T11:21:00
rpcnk.net,1,conficker,2025-01-03T20:29:00
grapebanana.org,1,matsnu,2025-01-01T14:44:00
host2441.rguht.com,0,benign,2025-01-02T16:41:00
0yfjxzc.biz,1,cryptolocker,2025-01-03T18:02:00
figfig.org,1,matsnu,2025-01-04T01:43:00
ea6eg36i91yzeiebtf.cn,1,generic,2025-01-03T00:36:00
host589.awoog.com,0,benign,2025-01-01T09:49:00
thatthethis.net,1,suppobox,2025-01-03T14:29:00
hisbutthey.net,1,suppobox,2025-01-03T18:08:00
zfsocutm.net,1,conficker,2025-01-02T08:53:00
host3595.sdrrl.com,0,benign,2025-01-03T11:55:00
fjhdvre.net,1,conficker,2025-01-02T07:37:00
zoom.us,0,benign,2025-01-02T11:22:00
cloudflare.com,0,benign,2025-01-01T18:13:00
txazhlflxtwh.com,1,kraken,2025-01-03T18:10:00
pfsnfg.net,1,conficker,2025-01-01T15:50:00
host1923.nqabf.com,0,benign,2025-01-02T08:03:00
theyfromhis.net,1,suppobox,2025-01-01T17:38:00
github.com,0,benign,2025-01-04T04:08:00
0r9me49.biz,1,cryptolocker,2025-01-03T14:39:00
nc9rvb9.info,1,cryptolocker,2025-01-04T03:25:00
azure.com,0,benign,2025-01-02T03:03:00
hxqawbmnkfpl.com,1,kraken,2025-01-03T10:44:00
host350.zleyx.com,0,benign,2025-01-01T05:50:00
host582.bsedg.com,0,benign,2025-01-01T09:42:00
lnitky.net,1,conficker,2025-01-03T14:32:00
9a50kpl.info,1,cryptolocker,2025-01-03T13:28:00
host1820.ouoau.com,0,benign,2025-01-02T06:20:00
waterfire.org,1,matsnu,2025-01-03T05:34:00
flhkcfzegagi.com,1,kraken,2025-01-01T06:29:00
thehaveyou.net,1,suppobox,2025-01-03T00:17:00
host1012.dicmx.com,0,benign,2025-01-01T16:52:00
host2909.djwyg.com,0,benign,2025-01-03T00:29:00
ryhs0ev63l.biz,1,generic,2025-01-03T08:17:00
host3801.sunus.com,0,benign,2025-01-03T15:21:00
ldgcsqdg.net,1,conficker,2025-01-02T07:06:00
appleelder.org,1,matsnu,2025-01-02T20:06:00
host3638.efnso.com,0,benign,2025-01-03T12:38:00
host3507.tabql.com,0,benign,2025-01-03T10:27:00
host4805.ridir.com,0,benign,2025-01-04T08:05:00
689d3ri.info,1,cryptolocker,2025-01-03T01:51:00
host1427.lcirk.com,0,benign,2025-01-01T23:47:00
host4396.bacxz.com,0,benign,2025-01-04T01:16:00
cloudflare.com,0,benign,2025-01-03T08:24:00
stonefire.org,1,matsnu,2025-01-03T08:22:00
host4666.arkto.com,0,benign,2025-01-04T05:46:00
host213.ultqn.com,0,benign,2025-01-01T03:33:00
withthethey.net,1,suppobox,2025-01-01T21:07:00
ls5ls29pwrzos45273g.info,1,generic,2025-01-02T21:37:00
firerock.org,1,matsnu,2025-01-02T01:07:00
host3977.eyohb.com,0,benign,2025-01-03T18:17:00
smzchiyp.net,1,conficker,2025-01-04T03:39:00
treerock.org,1,matsnu,2025-01-04T09:21:00
kcfjq.net,1,conficker,2025-01-01T20:43:00
seoewptkcxjl.com,1,kraken,2025-01-01T18:28:00
withbutwith.net,1,suppobox,2025-01-02T04:19:00
u2jr520e2kdpcck6.com,1,generic,2025-01-02T10:56:00
fromwithfor.net,1,suppobox,2025-01-02T08:34:00
host3592.njbix.com,0,benign,2025-01-03T11:52:00
host1287.bzadm.com,0,benign,2025-01-01T21:27:00
host2316.rwmbs.com,0,benign,2025-01-02T14:36:00
iwxesfwihcwf.com,1,kraken,2025-01-03T06:01:00
hisforhave.net,1,suppobox,2025-01-03T14:41:00
google.com,0,benign,2025-01-02T17:01:00
gnqigxm.net,1,conficker,2025-01-01T17:57:00
host3716.keyku.com,0,benign,2025-01-03T13:56:00
host1972.dhdzp.com,0,benign,2025-01-02T08:52:00
pikbtaqntfci.com,1,kraken,2025-01-03T23:43:00
4dmzr4z4weiznay.net,1,generic,2025-01-01T23:35:00
treerock.org,1,matsnu,2025-01-01T03:20:00
thistheyhave.net,1,suppobox,2025-01-03T12:43:00
slack.com,0,benign,2025-01-03T23:19:00
host2048.smfoc.com,0,benign,2025-01-02T10:08:00
vnehxxzhucwm.com,1,kraken,2025-01-04T02:24:00
figcherry.org,1,matsnu,2025-01-04T06:58:00
wzwhzkn.net,1,conficker,2025-01-02T18:39:00
linkedin.com,0,benign,2025-01-01T22:03:00
fromtheyfrom.net,1,suppobox,2025-01-02T04:50:00
jzydlzobihbt.com,1,kraken,2025-01-02T07:47:00
live.com,0,benign,2025-01-03T23:24:00
host199.fpprm.com,0,benign,2025-01-01T03:19:00
bkyddcnzoxiv.com,1,kraken,2025-01-02T18:50:00
ol5o7hy.info,1,cryptolocker,2025-01-03T21:46:00
host1261.wubin.com,0,benign,2025-01-01T21:01:00
krieucua.net,1,conficker,2025-01-02T02:40:00
host4989.yxcnm.com,0,benign,2025-01-04T11:09:00
host3380.vzaiw.com,0,benign,2025-01-03T08:20:00
0twxo9ha.cn,1,generic,2025-01-02T10:12:00
host257.fbfnm.com,0,benign,2025-01-01T04:17:00
dwtuxsbukxvc.com,1,kraken,2025-01-01T14:27:00
host664.btjxr.com,0,benign,2025-01-01T11:04:00
yahoo.com,0,benign,2025-01-01T12:12:00
host4744.rrdbt.com,0,benign,2025-01-04T07:04:00
tp8ztqfg0l5jny59.org,1,generic,2025-01-01T05:43:00
tv9i2z4zcxdc3wjok0.net,1,generic,2025-01-03T18:44:00
host742.fnixj.com,0,benign,2025-01-01T12:22:00
saruo.net,1,conficker,2025-01-01T04:30:00
host891.inoaj.com,0,benign,2025-01-01T14:51:00
host4411.xttmg.com,0,benign,2025-01-04T01:31:00
pmsbom.net,1,conficker,2025-01-01T23:00:00
bing.com,0,benign,2025-01-02T03:45:00
host3392.vqtrh.com,0,benign,2025-01-03T08:32:00
salesforce.com,0,benign,2025-01-02T02:06:00
host1539.aowxe.com,0,benign,2025-01-02T01:39:00
nfcjgpddyqrk.com,1,kraken,2025-01-01T11:52:00
mgtrwxv.net,1,conficker,2025-01-02T01:26:00
5uw7oz4.info,1,cryptolocker,2025-01-02T09:58:00
applerock.org,1,matsnu,2025-01-01T21:15:00
host4920.xeodc.com,0,benign,2025-01-04T10:00:00
rockcherry.org,1,matsnu,2025-01-02T16:17:00
host2905.mgasa.com,0,benign,2025-01-03T00:25:00
firebanana.org,1,matsnu,2025-01-02T08:23:00
0h5lwszjsx2xmnuv.com,1,generic,2025-01-01T02:28:00
host3602.slqxn.com,0,benign,2025-01-03T12:02:00
fj05gosqbq.org,1,generic,2025-01-01T05:31:00
host421.zduwk.com,0,benign,2025-01-01T07:01:00
host1650.wsnbo.com,0,benign,2025-01-02T03:30:00
treestone.org,1,matsnu,2025-01-01T21:32:00
bqgmc3n5mj72p.org,1,generic,2025-01-01T16:31:00
tjuypbipvndc.com,1,kraken,2025-01-04T05:12:00
0xeylei.info,1,cryptolocker,2025-01-01T06:24:00
bing.com,0,benign,2025-01-01T08:39:00
host642.whjns.com,0,benign,2025-01-01T10:42:00
stonefig.org,1,matsnu,2025-01-01T02:42:00
s0a7zm9y.ru,1,generic,2025-01-01T21:50:00
host1824.kqicd.com,0,benign,2025-01-02T06:24:00
tyb37m0d.net,1,generic,2025-01-02T19:43:00
host44.zlxoj.com,0,benign,2025-01-01T00:44:00
treewater.org,1,matsnu,2025-01-02T20:00:00
host509.hhdwg.com,0,benign,2025-01-01T08:29:00
iihemsdlijsp.com,1,kraken,2025-01-02T21:29:00
elderrock.org,1,matsnu,2025-01-02T07:08:00
cherrystone.org,1,matsnu,2025-01-01T16:19:00
thetheythat.net,1,suppobox,2025-01-03T07:48:00
host4648.uxjmr.com,0,benign,2025-01-04T05:28:00
google.com,0,benign,2025-01-01T06:07:00
havehisthe.net,1,suppobox,2025-01-03T13:31:00
uj98fcr.ru,1,cryptolocker,2025-01-02T15:55:00
host1639.qmhvj.com,0,benign,2025-01-02T03:19:00
host1062.mazad.com,0,benign,2025-01-01T17:42:00
facebook.com,0,benign,2025-01-04T10:24:00
netflix.com,0,benign,2025-01-04T04:01:00
microsoft.com,0,benign,2025-01-01T21:16:00
buttheyand.net,1,suppobox,2025-01-02T17:14:00
host2822.fsurf.com,0,benign,2025-01-02T23:02:00
host4309.eaert.com,0,benign,2025-01-03T23:49:00
host308.kijaz.com,0,benign,2025-01-01T05:08:00
host2176.erfrj.com,0,benign,2025-01-02T12:16:00
host4247.geldn.com,0,benign,2025-01-03T22:47:00
cherrystone.org,1,matsnu,2025-01-02T17:17:00
host4175.quoux.com,0,benign,2025-01-03T21:35:00
kgiijycyfcpk.com,1,kraken,2025-01-01T16:36:00
qiabiclk.net,1,conficker,2025-01-03T19:55:00
host2927.pjfee.com,0,benign,2025-01-03T00:47:00
0pvl3df.biz,1,cryptolocker,2025-01-03T17:07:00
host4699.hvyim.com,0,benign,2025-01-04T06:19:00
andforhis.net,1,suppobox,2025-01-02T15:36:00
host3815.pmdlh.com,0,benign,2025-01-03T15:35:00
host3055.pmczw.com,0,benign,2025-01-03T02:55:00
host4078.yqyhe.com,0,benign,2025-01-03T19:58:00
mgukudkc.net,1,conficker,2025-01-01T08:31:00
kiqxl.net,1,conficker,2025-01-02T02:08:00
host3410.uvqac.com,0,benign,2025-01-03T08:50:00
forthisyou.net,1,suppobox,2025-01-03T15:55:00
26ma9tv.info,1,cryptolocker,2025-01-03T02:54:00
host463.qbbsw.com,0,benign,2025-01-01T07:43:00
axwtcfvpewwo.com,1,kraken,2025-01-01T01:07:00
uvezdlchnvbj.com,1,kraken,2025-01-01T09:11:00
host2120.nxzkm.com,0,benign,2025-01-02T11:20:00
05f5jespqc5lyplxgt0c.com,1,generic,2025-01-02T20:30:00
host2508.fxwam.com,0,benign,2025-01-02T17:48:00
host4246.ozgih.com,0,benign,2025-01-03T22:46:00
dqldkoohexpw.com,1,kraken,2025-01-01T20:59:00
host3668.tirip.com,0,benign,2025-01-03T13:08:00
xdangj.net,1,conficker,2025-01-04T03:22:00
qwpzlcqmdlru.com,1,kraken,2025-01-03T15:59:00
host1967.ovsir.com,0,benign,2025-01-02T08:47:00
5zno01h.biz,1,cryptolocker,2025-01-03T07:32:00
host4762.zappk.com,0,benign,2025-01-04T07:22:00
jmgqnq6.biz,1,cryptolocker,2025-01-01T11:19:00
i3oo05qr0j5mj.org,1,generic,2025-01-04T08:43:00
host2349.ugozq.com,0,benign,2025-01-02T15:09:00
histhenot.net,1,suppobox,2025-01-01T05:21:00
host2788.exhid.com,0,benign,2025-01-02T22:28:00
salesforce.com,0,benign,2025-01-01T06:50:00
forfromhis.net,1,suppobox,2025-01-03T05:05:00
host4295.bxejw.com,0,benign,2025-01-03T23:35:00
host3976.pdyon.com,0,benign,2025-01-03T18:16:00
znfqciuqfsse.com,1,kraken,2025-01-02T20:47:00
oluxgdbiodtz.com,1,kraken,2025-01-01T11:25:00
fzqfbznrituo.com,1,kraken,2025-01-01T07:25:00
thatandhis.net,1,suppobox,2025-01-03T13:14:00
youtheand.net,1,suppobox,2025-01-01T13:27:00
59iqlbaq8.ru,1,generic,2025-01-02T18:21:00
office.com,0,benign,2025-01-01T10:39:00
host4630.ogsrz.com,0,benign,2025-01-04T05:10:00
withhisbut.net,1,suppobox,2025-01-01T07:38:00
host3022.dhxbv.com,0,benign,2025-01-03T02:22:00
host2319.tniqj.com,0,benign,2025-01-02T14:39:00
mv1ns2jfml71auunekos.ru,1,generic,2025-01-04T05:43:00
odsqummuripj.com,1,kraken,2025-01-04T07:52:00
kksnuldslqvg.com,1,kraken,2025-01-01T21:05:00
host1854.fecrg.com,0,benign,2025-01-02T06:54:00
host24.wazxs.com,0,benign,2025-01-01T00:24:00
ybpdsyt.net,1,conficker,2025-01-01T05:25:00
host2305.lnpzf.com,0,benign,2025-01-02T14:25:00
bananawater.org,1,matsnu,2025-01-02T23:59:00
host666.iqeli.com,0,benign,2025-01-01T11:06:00
treegrape.org,1,matsnu,2025-01-02T17:33:00
host4768.boyig.com,0,benign,2025-01-04T07:28:00
host366.fmfri.com,0,benign,2025-01-01T06:06:00
thethisthis.net,1,suppobox,2025-01-01T03:18:00
thishisnot.net,1,suppobox,2025-01-03T06:08:00
wmpzljmhvsgo.com,1,kraken,2025-01-02T15:05:00
nsonnkrhfvvj.com,1,kraken,2025-01-02T03:18:00
host4866.umamk.com,0,benign,2025-01-04T09:06:00
host486.zztwj.com,0,benign,2025-01-01T08:06:00
lshuqbn.net,1,conficker,2025-01-02T14:57:00
zoom.us,0,benign,2025-01-04T10:16:00
azure.com,0,benign,2025-01-01T08:00:00
datestone.org,1,matsnu,2025-01-01T09:37:00
awmtapyz.net,1,conficker,2025-01-01T18:13:00
apple.com,0,benign,2025-01-02T23:40:00
host3214.cseam.com,0,benign,2025-01-03T05:34:00
office.com,0,benign,2025-01-02T22:22:00
iuvghtp.ru,1,cryptolocker,2025-01-02T01:57:00
amazon.com,0,benign,2025-01-02T19:14:00
jmrqf58.biz,1,cryptolocker,2025-01-02T13:21:00
host2814.kjdkc.com,0,benign,2025-01-02T22:54:00
host4742.amlii.com,0,benign,2025-01-04T07:02:00
host3349.quonr.com,0,benign,2025-01-03T07:49:00
o0skh17b9043y1n.org,1,generic,2025-01-03T04:37:00
thethenot.net,1,suppobox,2025-01-01T02:30:00
05efdwea4p6vo4gype3.info,1,generic,2025-01-03T00:30:00
w7kf46v.info,1,cryptolocker,2025-01-04T06:35:00
tiv7q3re708g6q.net,1,generic,2025-01-02T10:31:00
goxzgsnrixyo.com,1,kraken,2025-01-03T11:51:00
jr8ky0j.biz,1,cryptolocker,2025-01-03T01:40:00
eczwtkgwngtc.com,1,kraken,2025-01-01T19:18:00
host2289.dlfhv.com,0,benign,2025-01-02T14:09:00
microsoft.com,0,benign,2025-01-02T23:14:00
facebook.com,0,benign,2025-01-01T17:01:00
amazon.com,0,benign,2025-01-03T07:32:00
beyornrxzdgg.com,1,kraken,2025-01-01T22:24:00
xkefhnwt.net,1,conficker,2025-01-02T08:26:00
host3215.pigay.com,0,benign,2025-01-03T05:35:00
yahoo.com,0,benign,2025-01-03T08:05:00
cherryfire.org,1,matsnu,2025-01-01T19:44:00
pvtis.net,1,conficker,2025-01-03T18:09:00
cyzhsrlyuqiy.com,1,kraken,2025-01-03T16:14:00
zoom.us,0,benign,2025-01-04T10:42:00
host2075.qooew.com,0,benign,2025-01-02T10:35:00
wqvnup1.ru,1,cryptolocker,2025-01-02T17:48:00
host3235.cghgk.com,0,benign,2025-01-03T05:55:00
rockfig.org,1,matsnu,2025-01-02T11:00:00
netflix.com,0,benign,2025-01-03T18:46:00
youwithhis.net,1,suppobox,2025-01-01T18:23:00
suvcblqh.net,1,conficker,2025-01-03T01:07:00
hx6hrb86jm2c1hyu44xa.ru,1,generic,2025-01-02T22:37:00
host1822.gcpkc.com,0,benign,2025-01-02T06:22:00
facebook.com,0,benign,2025-01-03T21:20:00
kowj8w4.biz,1,cryptolocker,2025-01-01T00:03:00
histheyyou.net,1,suppobox,2025-01-02T17:26:00
host4455.sjhuk.com,0,benign,2025-01-04T02:15:00
host3622.vxkkc.com,0,benign,2025-01-03T12:22:00
linkedin.com,0,benign,2025-01-04T07:44:00
xeuabbcyosgk.com,1,kraken,2025-01-04T00:25:00
kpfjnlv.net,1,conficker,2025-01-01T21:44:00
withthisthey.net,1,suppobox,2025-01-02T23:31:00
ocyoyuh.net,1,conficker,2025-01-04T03:54:00
elderrock.org,1,matsnu,2025-01-02T12:27:00
withhavenot.net,1,suppobox,2025-01-03T13:09:00
host3937.badxx.com,0,benign,2025-01-03T17:37:00
eldercherry.org,1,matsnu,2025-01-02T13:38:00
ljub6volatnq164.ru,1,generic,2025-01-02T23:25:00
apple.com,0,benign,2025-01-01T16:14:00
slack.com,0,benign,2025-01-01T18:44:00
ddxd9lo.biz,1,cryptolocker,2025-01-03T03:23:00
linkedin.com,0,benign,2025-01-03T22:37:00
t30xdxjtbcmi4vjl.ru,1,generic,2025-01-02T09:33:00
datedate.org,1,matsnu,2025-01-01T01:46:00
w0c5ip5g.biz,1,generic,2025-01-04T09:36:00
host2979.oprzs.com,0,benign,2025-01-03T01:39:00
host145.uyquf.com,0,benign,2025-01-01T02:25:00
host3890.sviiy.com,0,benign,2025-01-03T16:50:00
host4476.eorcg.com,0,benign,2025-01-04T02:36:00
host600.yxqfi.com,0,benign,2025-01-01T10:00:00
host1277.meehs.com,0,benign,2025-01-01T21:17:00
host3301.mnquk.com,0,benign,2025-01-03T07:01:00
b1g1o62elqaga5os04.com,1,generic,2025-01-02T00:18:00
host2582.civnn.com,0,benign,2025-01-02T19:02:00
live.com,0,benign,2025-01-02T21:18:00
salesforce.com,0,benign,2025-01-04T08:50:00
host1635.jcacu.com,0,benign,2025-01-02T03:15:00
vdnqjqw6.info,1,generic,2025-01-01T17:43:00
host4938.jiaru.com,0,benign,2025-01-04T10:18:00
host2096.xalil.com,0,benign,2025-01-02T10:56:00
host1902.agbjb.com,0,benign,2025-01-02T07:42:00
andhavehis.net,1,suppobox,2025-01-01T15:28:00
host2932.estbd.com,0,benign,2025-01-03T00:52:00
appleelder.org,1,matsnu,2025-01-01T15:20:00
cpgadb.net,1,conficker,2025-01-02T13:39:00
jkwpxcmiluiu.com,1,kraken,2025-01-02T06:13:00
a9oiq35.info,1,cryptolocker,2025-01-02T21:51:00
host4021.pojey.com,0,benign,2025-01-03T19:01:00
hjnstebhabcr.com,1,kraken,2025-01-01T04:32:00
host4458.wfvuw.com,0,benign,2025-01-04T02:18:00
netflix.com,0,benign,2025-01-03T15:07:00
bing.com,0,benign,2025-01-03T02:37:00
rrguylrrjmxg.com,1,kraken,2025-01-04T06:32:00
szbzvbxuutoo.com,1,kraken,2025-01-03T10:27:00
host4908.izbxa.com,0,benign,2025-01-04T09:48:00
srtjyhvrzgqg.com,1,kraken,2025-01-03T06:50:00
havehavefrom.net,1,suppobox,2025-01-02T04:10:00
ctiuxzz.net,1,conficker,2025-01-02T13:33:00
host1195.teres.com,0,benign,2025-01-01T19:55:00
host4902.oxqod.com,0,benign,2025-01-04T09:42:00
host3555.eniwn.com,0,benign,2025-01-03T11:15:00
ugnwr.net,1,conficker,2025-01-03T18:26:00
forfornot.net,1,suppobox,2025-01-04T03:12:00
waterelder.org,1,matsnu,2025-01-01T03:53:00
github.com,0,benign,2025-01-01T14:45:00
host2064.mjzec.com,0,benign,2025-01-02T10:24:00
thisfromhis.net,1,suppobox,2025-01-01T22:10:00
thefromand.net,1,suppobox,2025-01-01T18:46:00
host2576.deymn.com,0,benign,2025-01-02T18:56:00
host4603.xvhzc.com,0,benign,2025-01-04T04:43:00
treeapple.org,1,matsnu,2025-01-02T02:58:00
host3810.wwnnx.com,0,benign,2025-01-03T15:30:00
thatthatbut.net,1,suppobox,2025-01-03T22:01:00
host4483.ojrqz.com,0,benign,2025-01-04T02:43:00
kpyvpnz.net,1,conficker,2025-01-04T06:19:00
forhavehis.net,1,suppobox,2025-01-02T22:17:00
host980.hdzqw.com,0,benign,2025-01-01T16:20:00
kxdmud.net,1,conficker,2025-01-04T09:26:00
havebuthave.net,1,suppobox,2025-01-02T21:53:00
microsoft.com,0,benign,2025-01-01T01:28:00
host1799.bshie.com,0,benign,2025-01-02T05:59:00
host3534.ofufp.com,0,benign,2025-01-03T10:54:00
figdate.org,1,matsnu,2025-01-04T09:58:00
zoom.us,0,benign,2025-01-01T14:27:00
youbuthave.net,1,suppobox,2025-01-02T16:41:00
gxnwcdsyulbs.com,1,kraken,2025-01-04T06:01:00
22kyv0wuspnfwntg.ru,1,generic,2025-01-02T06:11:00
dkozrdrffbco.com,1,kraken,2025-01-03T05:08:00
fromthishis.net,1,suppobox,2025-01-03T16:02:00
aws.amazon.com,0,benign,2025-01-04T09:11:00
zqviigk.net,1,conficker,2025-01-01T12:04:00
agdefvnucxoc.com,1,kraken,2025-01-01T01:09:00
hisnotand.net,1,suppobox,2025-01-01T23:42:00
6gcrfpz.info,1,cryptolocker,2025-01-03T17:40:00
yahoo.com,0,benign,2025-01-04T02:34:00
coazrwebozuu.com,1,kraken,2025-01-03T02:47:00
host2221.wikgj.com,0,benign,2025-01-02T13:01:00
host4888.phzhc.com,0,benign,2025-01-04T09:28:00
butthatthis.net,1,suppobox,2025-01-04T02:20:00
ftwm5ms.biz,1,cryptolocker,2025-01-01T22:33:00
linkedin.com,0,benign,2025-01-01T07:20:00
host371.lqpoy.com,0,benign,2025-01-01T06:11:00
grapedate.org,1,matsnu,2025-01-02T00:57:00
wosycotfnmlz.com,1,kraken,2025-01-01T07:32:00
hufhmkbd.net,1,conficker,2025-01-03T17:26:00
k7xmlb1.biz,1,cryptolocker,2025-01-01T16:24:00
yxwmvg.net,1,conficker,2025-01-04T08:56:00
host3163.qhnia.com,0,benign,2025-01-03T04:43:00
figapple.org,1,matsnu,2025-01-01T13:49:00
zl1e589fk.com,1,generic,2025-01-01T06:42:00
netflix.com,0,benign,2025-01-03T00:55:00
zoom.us,0,benign,2025-01-04T01:39:00
stonefig.org,1,matsnu,2025-01-03T18:40:00
utxnvgxdklmu.com,1,kraken,2025-01-02T16:00:00
rfdxgvp.biz,1,cryptolocker,2025-01-03T18:22:00
host3176.kydrm.com,0,benign,2025-01-03T04:56:00
firecherry.org,1,matsnu,2025-01-02T14:50:00
cherryapple.org,1,matsnu,2025-01-03T03:21:00
thehisfor.net,1,suppobox,2025-01-03T14:13:00
host1776.gywys.com,0,benign,2025-01-02T05:36:00
host286.rbxzo.com,0,benign,2025-01-01T04:46:00
theyouhave.net,1,suppobox,2025-01-01T06:20:00
fireelder.org,1,matsnu,2025-01-04T10:11:00
ahqabxobhgkm.com,1,kraken,2025-01-01T10:09:00
mbrmm.net,1,conficker,2025-01-02T02:51:00
host1696.uzwkk.com,0,benign,2025-01-02T04:16:00
host4836.gcjvi.com,0,benign,2025-01-04T08:36:00
host1243.tpjui.com,0,benign,2025-01-01T20:43:00
2jxkn3jp9d.org,1,generic,2025-01-03T07:37:00
haveyouand.net,1,suppobox,2025-01-01T04:33:00
host4144.zriuj.com,0,benign,2025-01-03T21:04:00
nyunbalv.net,1,conficker,2025-01-04T10:38:00
host1370.izlzf.com,0,benign,2025-01-01T22:50:00
bing.com,0,benign,2025-01-03T16:34:00
host588.lldkm.com,0,benign,2025-01-01T09:48:00
cnhllwsnmrco.com,1,kraken,2025-01-01T00:15:00
host3140.ribzt.com,0,benign,2025-01-03T04:20:00
butthisbut.net,1,suppobox,2025-01-02T02:56:00
elderfig.org,1,matsnu,2025-01-01T01:12:00
host1549.eradh.com,0,benign,2025-01-02T01:49:00
sqdvzgsx.net,1,conficker,2025-01-03T21:03:00
kjbaqyvfpvjo.com,1,kraken,2025-01-02T21:59:00
host4975.qbdjz.com,0,benign,2025-01-04T10:55:00
oekbxdjkoicb.com,1,kraken,2025-01-01T12:18:00
host2816.nvwho.com,0,benign,2025-01-02T22:56:00
kqdbruiooqdl.com,1,kraken,2025-01-02T22:35:00
host1595.bwbba.com,0,benign,2025-01-02T02:35:00
dounbmsvrpnp.com,1,kraken,2025-01-03T17:37:00
eprosae.net,1,conficker,2025-01-02T05:09:00
host716.rmhny.com,0,benign,2025-01-01T11:56:00
grapefig.org,1,matsnu,2025-01-02T23:34:00
lbmdqhtj1emgzn2.tk,1,generic,2025-01-03T08:45:00
host3167.uosfy.com,0,benign,2025-01-03T04:47:00
host845.abrpw.com,0,benign,2025-01-01T14:05:00
181rgkpiwd.net,1,generic,2025-01-04T05:26:00
zjgo8lw97gy9fl.com,1,generic,2025-01-03T19:26:00
host3879.mcnmx.com,0,benign,2025-01-03T16:39:00
host2118.sxqvk.com,0,benign,2025-01-02T11:18:00
ajmpirclwqgt.com,1,kraken,2025-01-02T01:50:00
3n21bvy.biz,1,cryptolocker,2025-01-01T20:52:00
host2281.hddtw.com,0,benign,2025-01-02T14:01:00
xmpzsbtb.net,1,conficker,2025-01-04T01:42:00
afq62bwd.info,1,generic,2025-01-03T20:52:00
v8inb1611q77m4z6ag5a.org,1,generic,2025-01-01T13:23:00
slack.com,0,benign,2025-01-02T20:04:00
grapeapple.org,1,matsnu,2025-01-01T05:51:00
host3106.ylnxs.com,0,benign,2025-01-03T03:46:00
9xtkeun.info,1,cryptolocker,2025-01-02T23:18:00
uxsebtmqlbgu.com,1,kraken,2025-01-03T20:08:00
aolexxw.net,1,conficker,2025-01-03T02:21:00
host3837.bgczl.com,0,benign,2025-01-03T15:57:00
host2245.fzulr.com,0,benign,2025-01-02T13:25:00
host952.hfjin.com,0,benign,2025-01-01T15:52:00
host3606.lpkdu.com,0,benign,2025-01-03T12:06:00
host1101.gxpsl.com,0,benign,2025-01-01T18:21:00
ewfuhgqrzgzb.com,1,kraken,2025-01-03T10:42:00
host4548.lapfx.com,0,benign,2025-01-04T03:48:00
host2280.uatie.com,0,benign,2025-01-02T14:00:00
host830.ujfeg.com,0,benign,2025-01-01T13:50:00
host4066.cuupu.com,0,benign,2025-01-03T19:46:00
host3793.mfdxc.com,0,benign,2025-01-03T15:13:00
k61ytur.biz,1,cryptolocker,2025-01-03T19:39:00
yahoo.com,0,benign,2025-01-03T10:48:00
host4056.kbvzn.com,0,benign,2025-01-03T19:36:00
linkedin.com,0,benign,2025-01-04T02:37:00
2flvzk8.biz,1,cryptolocker,2025-01-03T03:33:00
host3541.cpapk.com,0,benign,2025-01-03T11:01:00
lvvgvfg.info,1,cryptolocker,2025-01-04T09:02:00
cvixskji.net,1,conficker,2025-01-01T01:16:00
vrurodeqcnct.com,1,kraken,2025-01-01T21:12:00
host2102.qvriw.com,0,benign,2025-01-02T11:02:00
host2371.yfgzg.com,0,benign,2025-01-02T15:31:00
host2875.ovdrf.com,0,benign,2025-01-02T23:55:00
linkedin.com,0,benign,2025-01-02T23:22:00
g9jdhd5.ru,1,cryptolocker,2025-01-03T20:27:00
y0cp8nwxu3.org,1,generic,2025-01-02T02:39:00
office.com,0,benign,2025-01-02T06:14:00
enqmfythxvbo.com,1,kraken,2025-01-02T07:18:00
cloudflare.com,0,benign,2025-01-03T09:08:00
host2974.bbkdq.com,0,benign,2025-01-03T01:34:00
host4668.cvsyd.com,0,benign,2025-01-04T05:48:00
host138.jldta.com,0,benign,2025-01-01T02:18:00
host15.fkryu.com,0,benign,2025-01-01T00:15:00
gijrgtxi.net,1,conficker,2025-01-03T01:21:00
cakaiqgrxnyf.com,1,kraken,2025-01-02T15:32:00
host3989.osusz.com,0,benign,2025-01-03T18:29:00
sixztrbzecza.com,1,kraken,2025-01-01T12:26:00
host2276.ajbtk.com,0,benign,2025-01-02T13:56:00
host4956.odbjb.com,0,benign,2025-01-04T10:36:00
hisbutfor.net,1,suppobox,2025-01-04T06:40:00
bmumbvboubiv.com,1,kraken,2025-01-03T16:56:00
host538.batqy.com,0,benign,2025-01-01T08:58:00
csprlrljofxd.com,1,kraken,2025-01-03T23:46:00
host941.slxuu.com,0,benign,2025-01-01T15:41:00
theyhisthey.net,1,suppobox,2025-01-04T06:20:00
theynotthat.net,1,suppobox,2025-01-02T18:09:00
host2444.hhwuf.com,0,benign,2025-01-02T16:44:00
host4076.qyphj.com,0,benign,2025-01-03T19:56:00
rocktree.org,1,matsnu,2025-01-03T20:18:00
host2546.fcjfg.com,0,benign,2025-01-02T18:26:00
qibmzsvn.net,1,conficker,2025-01-01T21:26:00
host4122.kkjda.com,0,benign,2025-01-03T20:42:00
bananatree.org,1,matsnu,2025-01-03T22:33:00
rzfasfhs.net,1,conficker,2025-01-03T08:27:00
host2358.lgjva.com,0,benign,2025-01-02T15:18:00
0q5s6dkwyg.info,1,generic,2025-01-03T08:28:00
txrrj.net,1,conficker,2025-01-02T12:49:00
datefig.org,1,matsnu,2025-01-01T11:16:00
host653.iluef.com,0,benign,2025-01-01T10:53:00
3q9mij3.biz,1,cryptolocker,2025-01-02T00:42:00
host14.zcrba.com,0,benign,2025-01-01T00:14:00
dnjbyjkd.net,1,conficker,2025-01-02T13:41:00
host4222.nbxtt.com,0,benign,2025-01-03T22:22:00
host2671.oksbv.com,0,benign,2025-01-02T20:31:00
host4034.xylvl.com,0,benign,2025-01-03T19:14:00
host4214.vktsu.com,0,benign,2025-01-03T22:14:00
cxaxzmiq.net,1,conficker,2025-01-03T10:15:00
host3295.hctyt.com,0,benign,2025-01-03T06:55:00
butthiswith.net,1,suppobox,2025-01-03T02:18:00
host1416.exlts.com,0,benign,2025-01-01T23:36:00
uswmq.net,1,conficker,2025-01-03T19:10:00
ry23zqlebqxjjrmwhs.tk,1,generic,2025-01-04T05:49:00
zoom.us,0,benign,2025-01-04T05:54:00
laet7wv7utio.net,1,generic,2025-01-04T04:25:00
yahoo.com,0,benign,2025-01-04T10:39:00
host4617.brnim.com,0,benign,2025-01-04T04:57:00
host54.oxeho.com,0,benign,2025-01-01T00:54:00
azure.com,0,benign,2025-01-04T10:47:00
youfromnot.net,1,suppobox,2025-01-01T01:53:00
salesforce.com,0,benign,2025-01-02T10:47:00
host3313.xuxgs.com,0,benign,2025-01-03T07:13:00
host692.daejk.com,0,benign,2025-01-01T11:32:00
host838.nnjmq.com,0,benign,2025-01-01T13:58:00
host1135.lvokw.com,0,benign,2025-01-01T18:55:00
host399.ubrum.com,0,benign,2025-01-01T06:39:00
gwrxmfws.net,1,conficker,2025-01-02T01:17:00
slack.com,0,benign,2025-01-01T16:40:00
tcchnhajhwpq.com,1,kraken,2025-01-04T04:15:00
d2teegi5ha8yeg2.info,1,generic,2025-01-02T00:11:00
mbxwf.net,1,conficker,2025-01-01T06:08:00
host258.jezul.com,0,benign,2025-01-01T04:18:00
z0ratwo.ru,1,cryptolocker,2025-01-03T15:31:00
youtheythat.net,1,suppobox,2025-01-03T14:56:00
microsoft.com,0,benign,2025-01-02T10:29:00
rfkdncgrpato.com,1,kraken,2025-01-01T22:51:00
datefig.org,1,matsnu,2025-01-01T06:06:00
hfjgirfw.net,1,conficker,2025-01-03T08:37:00
host4697.fqeyd.com,0,benign,2025-01-04T06:17:00
host1881.ovfta.com,0,benign,2025-01-02T07:21:00
host4040.ejoxn.com,0,benign,2025-01-03T19:20:00
vfzhv7mb92g.ru,1,generic,2025-01-04T06:36:00
ptzhnyt.net,1,conficker,2025-01-01T06:22:00
host2169.jfhni.com,0,benign,2025-01-02T12:09:00
host3952.uzpoo.com,0,benign,2025-01-03T17:52:00
jnsfzac.net,1,conficker,2025-01-03T05:07:00
eiewvk.net,1,conficker,2025-01-01T04:45:00
google.com,0,benign,2025-01-03T22:49:00
vmscmtn.net,1,conficker,2025-01-03T01:06:00
amazon.com,0,benign,2025-01-04T03:19:00
rockelder.org,1,matsnu,2025-01-01T17:29:00
host3660.ovfid.com,0,benign,2025-01-03T13:00:00
host2900.csvio.com,0,benign,2025-01-03T00:20:00
stoneapple.org,1,matsnu,2025-01-04T10:29:00
host22.gvvvz.com,0,benign,2025-01-01T00:22:00
host998.gzrax.com,0,benign,2025-01-01T16:38:00
mqztr.net,1,conficker,2025-01-01T03:38:00
facebook.com,0,benign,2025-01-03T23:09:00
watertree.org,1,matsnu,2025-01-04T09:03:00
withhaveyou.net,1,suppobox,2025-01-03T23:28:00
watertree.org,1,matsnu,2025-01-03T09:16:00
host1949.gjmcu.com,0,benign,2025-01-02T08:29:00
host2448.wwqkf.com,0,benign,2025-01-02T16:48:00
youthathis.net,1,suppobox,2025-01-02T08:22:00
applefig.org,1,matsnu,2025-01-04T06:39:00
l0die6yt1x3.tk,1,generic,2025-01-02T22:28:00
qtxisvs.net,1,conficker,2025-01-01T07:22:00
host3936.jgzox.com,0,benign,2025-01-03T17:36:00
ddlo021pqcuyik.tk,1,generic,2025-01-03T12:38:00
bciwa78.info,1,cryptolocker,2025-01-03T10:09:00
fr6u2p4k5kra9a8.info,1,generic,2025-01-02T04:15:00
5c4iuyb.info,1,cryptolocker,2025-01-02T05:03:00
host1029.spfiz.com,0,benign,2025-01-01T17:09:00
host4653.hiecb.com,0,benign,2025-01-04T05:33:00
kykmrnpk.net,1,conficker,2025-01-01T23:37:00
host3449.jsjdf.com,0,benign,2025-01-03T09:29:00
8ce1o78r.info,1,generic,2025-01-01T11:53:00
datestone.org,1,matsnu,2025-01-01T11:50:00
e3veg487fpt0k.info,1,generic,2025-01-01T22:20:00
host3956.uosrs.com,0,benign,2025-01-03T17:56:00
figfig.org,1,matsnu,2025-01-02T07:07:00
host2647.gksis.com,0,benign,2025-01-02T20:07:00
emrkatpa.net,1,conficker,2025-01-03T15:36:00
host943.wnwcz.com,0,benign,2025-01-01T15:43:00
host4168.obzqa.com,0,benign,2025-01-03T21:28:00
netflix.com,0,benign,2025-01-03T07:17:00
linkedin.com,0,benign,2025-01-02T18:36:00
host4629.hkcxk.com,0,benign,2025-01-04T05:09:00
theyfromwith.net,1,suppobox,2025-01-01T21:21:00
grapecherry.org,1,matsnu,2025-01-02T02:23:00
vqsugkc.net,1,conficker,2025-01-01T02:18:00
siqo4myim6hrjdqg1.org,1,generic,2025-01-02T01:20:00
bvbzpivdflwd.com,1,kraken,2025-01-01T05:12:00
stonewater.org,1,matsnu,2025-01-01T14:23:00
host2179.rzdpq.com,0,benign,2025-01-02T12:19:00
host1434.ajxwa.com,0,benign,2025-01-01T23:54:00
45wybnob1s9ui30.cn,1,generic,2025-01-02T07:56:00
host547.imqem.com,0,benign,2025-01-01T09:07:00
host4856.xvznd.com,0,benign,2025-01-04T08:56:00
dgnugzczsypb.com,1,kraken,2025-01-01T17:36:00
fromyoufrom.net,1,suppobox,2025-01-03T05:00:00
rockstone.org,1,matsnu,2025-01-02T18:07:00
9zfc1k54bl6.net,1,generic,2025-01-02T03:52:00
grapetree.org,1,matsnu,2025-01-01T11:36:00
host3006.igqrv.com,0,benign,2025-01-03T02:06:00
host1024.nyojd.com,0,benign,2025-01-01T17:04:00
host4111.ifohs.com,0,benign,2025-01-03T20:31:00
qqstjpjqyxgt.com,1,kraken,2025-01-01T06:28:00
andtheythat.net,1,suppobox,2025-01-01T04:51:00
datestone.org,1,matsnu,2025-01-02T03:20:00
vdpvzhky.net,1,conficker,2025-01-03T04:09:00
amazon.com,0,benign,2025-01-04T00:17:00
host1090.wfxvi.com,0,benign,2025-01-01T18:10:00
slack.com,0,benign,2025-01-01T05:06:00
tegba.net,1,conficker,2025-01-03T01:37:00
2ecv9e71n9h9.org,1,generic,2025-01-01T21:23:00
hccizdf.net,1,conficker,2025-01-04T02:06:00
linkedin.com,0,benign,2025-01-01T08:54:00
pphsm.net,1,conficker,2025-01-03T01:36:00
np19jw3.biz,1,cryptolocker,2025-01-01T18:40:00
host1641.efvzp.com,0,benign,2025-01-02T03:21:00
host4412.ubbst.com,0,benign,2025-01-04T01:32:00
883bzns.ru,1,cryptolocker,2025-01-02T12:52:00
host128.rbdtk.com,0,benign,2025-01-01T02:08:00
ykqphucswoyg.com,1,kraken,2025-01-01T05:42:00
host3813.ptcwa.com,0,benign,2025-01-03T15:33:00
ckqfei.net,1,conficker,2025-01-02T05:29:00
host3666.cwmgi.com,0,benign,2025-01-03T13:06:00
zoom.us,0,benign,2025-01-02T09:37:00
frczehw.ru,1,cryptolocker,2025-01-03T10:03:00
host3084.qglrz.com,0,benign,2025-01-03T03:24:00
host3513.cmozp.com,0,benign,2025-01-03T10:33:00
host2730.immqq.com,0,benign,2025-01-02T21:30:00
host613.xtnov.com,0,benign,2025-01-01T10:13:00
qdmgxtzsofzw.com,1,kraken,2025-01-02T15:43:00
host4921.yqqxi.com,0,benign,2025-01-04T10:01:00
q2djvco.info,1,cryptolocker,2025-01-04T00:24:00
host522.ziucn.com,0,benign,2025-01-01T08:42:00
gg709fyg7vfk.ru,1,generic,2025-01-04T05:23:00
host3454.tohqp.com,0,benign,2025-01-03T09:34:00
live.com,0,benign,2025-01-01T05:01:00
watertree.org,1,matsnu,2025-01-02T02:33:00
host3328.rlgfq.com,0,benign,2025-01-03T07:28:00
qfzyd.net,1,conficker,2025-01-01T13:32:00
host2442.cgqmy.com,0,benign,2025-01-02T16:42:00
ectnenbljn.org,1,generic,2025-01-03T03:05:00
ckxgdujlpjvu.com,1,kraken,2025-01-02T03:58:00
rockapple.org,1,matsnu,2025-01-03T13:20:00
host3177.znncz.com,0,benign,2025-01-03T04:57:00
apple.com,0,benign,2025-01-02T15:02:00
buttheyand.net,1,suppobox,2025-01-04T07:07:00
osmsm4a4yd4g8k6ci.cn,1,generic,2025-01-03T22:36:00
host357.hzirx.com,0,benign,2025-01-01T05:57:00
host4495.fuzjt.com,0,benign,2025-01-04T02:55:00
ipqwupxpayfm.com,1,kraken,2025-01-03T12:39:00
host1548.bkkta.com,0,benign,2025-01-02T01:48:00
host3065.cynng.com,0,benign,2025-01-03T03:05:00
tzurfsjofyvc.com,1,kraken,2025-01-01T20:56:00
xxertaryuodu.com,1,kraken,2025-01-01T04:37:00
host2383.skqnm.com,0,benign,2025-01-02T15:43:00
waterrock.org,1,matsnu,2025-01-01T14:40:00
thatnotfrom.net,1,suppobox,2025-01-02T03:06:00
host4248.mwxbe.com,0,benign,2025-01-03T22:48:00
zybonxkpjtyi.com,1,kraken,2025-01-01T21:19:00
host4126.iyycf.com,0,benign,2025-01-03T20:46:00
host19.qnaeq.com,0,benign,2025-01-01T00:19:00
host3772.ysjql.com,0,benign,2025-01-03T14:52:00
hwtsoeb.net,1,conficker,2025-01-03T03:16:00
host3637.njfxb.com,0,benign,2025-01-03T12:37:00
host4327.szihc.com,0,benign,2025-01-04T00:07:00
qcnyby9.info,1,cryptolocker,2025-01-03T02:38:00
host1278.tmwen.com,0,benign,2025-01-01T21:18:00
salesforce.com,0,benign,2025-01-03T21:39:00
host4397.ziisn.com,0,benign,2025-01-04T01:17:00
erolsqc.net,1,conficker,2025-01-03T13:39:00
qsplb.net,1,conficker,2025-01-04T06:34:00
host1900.sqtww.com,0,benign,2025-01-02T07:40:00
host2079.jmbbk.com,0,benign,2025-01-02T10:39:00
host4537.mvpyn.com,0,benign,2025-01-04T03:37:00
esahpaspxsdz.com,1,kraken,2025-01-02T18:14:00
host1084.oyazx.com,0,benign,2025-01-01T18:04:00
host833.fupof.com,0,benign,2025-01-01T13:53:00
figfig.org,1,matsnu,2025-01-01T16:56:00
buthiswith.net,1,suppobox,2025-01-03T03:48:00
host1909.hxtap.com,0,benign,2025-01-02T07:49:00
mrvkoh.net,1,conficker,2025-01-01T04:47:00
host3496.rmelq.com,0,benign,2025-01-03T10:16:00
slack.com,0,benign,2025-01-03T11:26:00
bwhgofijueaa.com,1,kraken,2025-01-01T05:33:00
thethatyou.net,1,suppobox,2025-01-01T10:03:00
host85.jzvoa.com,0,benign,2025-01-01T01:25:00
b723b1w.ru,1,cryptolocker,2025-01-03T07:24:00
grapeelder.org,1,matsnu,2025-01-01T17:09:00
host1375.ygbqt.com,0,benign,2025-01-01T22:55:00
host373.jlbsh.com,0,benign,2025-01-01T06:13:00
00cxoxk.info,1,cryptolocker,2025-01-01T11:59:00
host3773.vjcbw.com,0,benign,2025-01-03T14:53:00
host4562.wjcuf.com,0,benign,2025-01-04T04:02:00
cloudflare.com,0,benign,2025-01-01T06:56:00
g5409lg.biz,1,cryptolocker,2025-01-02T20:11:00
slack.com,0,benign,2025-01-01T10:03:00
host4707.wyzhz.com,0,benign,2025-01-04T06:27:00
host1593.gqsuk.com,0,benign,2025-01-02T02:33:00
wikipedia.org,0,benign,2025-01-01T03:16:00
hsoebtqk.net,1,conficker,2025-01-02T14:52:00
ehzp2p2pnbg.tk,1,generic,2025-01-03T14:24:00
naattiuugkej.com,1,kraken,2025-01-02T21:57:00
firebanana.org,1,matsnu,2025-01-02T20:35:00
pwpa63q.biz,1,cryptolocker,2025-01-02T02:19:00
til6ij7.ru,1,cryptolocker,2025-01-02T02:27:00
host2957.mxrqz.com,0,benign,2025-01-03T01:17:00
host4318.wpeau.com,0,benign,2025-01-03T23:58:00
host1185.pvxbe.com,0,benign,2025-01-01T19:45:00
host2574.wclvy.com,0,benign,2025-01-02T18:54:00
host316.exmel.com,0,benign,2025-01-01T05:16:00
p1evdws4oqh6jk47w67d.biz,1,generic,2025-01-01T21:30:00
atjqeshvcgml.com,1,kraken,2025-01-01T02:09:00
host4002.cutgo.com,0,benign,2025-01-03T18:42:00
host2001.utswq.com,0,benign,2025-01-02T09:21:00
l5ye3h6.biz,1,cryptolocker,2025-01-02T22:57:00
zoom.us,0,benign,2025-01-02T19:48:00
amazon.com,0,benign,2025-01-03T03:13:00
avhat01.biz,1,cryptolocker,2025-01-01T17:14:00
host1585.bpjyt.com,0,benign,2025-01-02T02:25:00
zmwxggjhmfwk.com,1,kraken,2025-01-01T17:50:00
applecherry.org,1,matsnu,2025-01-04T10:40:00
host80.uzcvw.com,0,benign,2025-01-01T01:20:00
host4492.unafb.com,0,benign,2025-01-04T02:52:00
host4068.dlmrj.com,0,benign,2025-01-03T19:48:00
github.com,0,benign,2025-01-01T16:54:00
fornotfor.net,1,suppobox,2025-01-03T13:42:00
twim9dbscb3if7.com,1,generic,2025-01-01T05:35:00
tsnaisk.ru,1,cryptolocker,2025-01-03T18:28:00
bnlhijhvybes.com,1,kraken,2025-01-02T04:46:00
pulazryhwfjc.com,1,kraken,2025-01-02T19:46:00
host3089.jykfl.com,0,benign,2025-01-03T03:29:00
host3931.odgya.com,0,benign,2025-01-03T17:31:00
jnzjnfns.net,1,conficker,2025-01-01T23:23:00
host2398.uusvr.com,0,benign,2025-01-02T15:58:00
mj6fq5u.info,1,cryptolocker,2025-01-03T21:16:00
host206.xfond.com,0,benign,2025-01-01T03:26:00
qrbeizmkvmcy.com,1,kraken,2025-01-04T10:00:00
bybjuidz.net,1,conficker,2025-01-01T00:02:00
dvswed9y4u.info,1,generic,2025-01-01T15:34:00
cloudflare.com,0,benign,2025-01-03T13:49:00
fromandfor.net,1,suppobox,2025-01-01T08:50:00
vevaapwm.net,1,conficker,2025-01-01T22:03:00
theytheyou.net,1,suppobox,2025-01-02T14:13:00
host1938.ldvmc.com,0,benign,2025-01-02T08:18:00
rdjxry.net,1,conficker,2025-01-03T03:09:00
applecherry.org,1,matsnu,2025-01-03T13:07:00
slack.com,0,benign,2025-01-01T15:58:00
host2459.ropht.com,0,benign,2025-01-02T16:59:00
notthehis.net,1,suppobox,2025-01-02T11:02:00
8pycvxphmwa.biz,1,generic,2025-01-02T12:15:00
host3405.salpw.com,0,benign,2025-01-03T08:45:00
host4103.nikqo.com,0,benign,2025-01-03T20:23:00
zoom.us,0,benign,2025-01-01T21:44:00
3hank0p.ru,1,cryptolocker,2025-01-03T15:56:00
host246.cxofe.com,0,benign,2025-01-01T04:06:00
tiopa.net,1,conficker,2025-01-03T08:33:00
host2262.zmhqn.com,0,benign,2025-01-02T13:42:00
host506.spbev.com,0,benign,2025-01-01T08:26:00
host723.uyjrw.com,0,benign,2025-01-01T12:03:00
host2301.kfhjt.com,0,benign,2025-01-02T14:21:00
elderrock.org,1,matsnu,2025-01-03T08:56:00
pg42k3b.info,1,cryptolocker,2025-01-03T19:51:00
host4460.jvzkf.com,0,benign,2025-01-04T02:20:00
butthatyou.net,1,suppobox,2025-01-02T06:02:00
stoneelder.org,1,matsnu,2025-01-02T21:03:00
host3549.bldob.com,0,benign,2025-01-03T11:09:00
cherryapple.org,1,matsnu,2025-01-04T07:44:00
5zbpgqcrkqicvsw7cggm.ru,1,generic,2025-01-01T23:53:00
gntspt.net,1,conficker,2025-01-01T09:35:00
host883.uftyp.com,0,benign,2025-01-01T14:43:00
host4497.wyvfu.com,0,benign,2025-01-04T02:57:00
host2714.cjkxj.com,0,benign,2025-01-02T21:14:00
host992.yvskb.com,0,benign,2025-01-01T16:32:00
figrock.org,1,matsnu,2025-01-02T23:43:00
host1968.idskb.com,0,benign,2025-01-02T08:48:00
yk3jyga83v6.ru,1,generic,2025-01-04T04:27:00
yzfa1c5.biz,1,cryptolocker,2025-01-01T16:49:00
ludvgovu.net,1,conficker,2025-01-01T02:56:00
linkedin.com,0,benign,2025-01-03T21:15:00
tdugypq.ru,1,cryptolocker,2025-01-03T11:02:00
mvedxsddycev.com,1,kraken,2025-01-03T02:12:00
uhvcdfpq.net,1,conficker,2025-01-02T13:08:00
waterapple.org,1,matsnu,2025-01-03T07:02:00
amazon.com,0,benign,2025-01-04T07:15:00
host2340.tmlzu.com,0,benign,2025-01-02T15:00:00
host1100.kfoht.com,0,benign,2025-01-01T18:20:00
live.com,0,benign,2025-01-03T07:26:00
host3922.xoedg.com,0,benign,2025-01-03T17:22:00
host1592.jyjgn.com,0,benign,2025-01-02T02:32:00
iaejkua.info,1,cryptolocker,2025-01-04T00:08:00
host3403.htalq.com,0,benign,2025-01-03T08:43:00
diuoncao.net,1,conficker,2025-01-02T16:03:00
jrh2hmc.info,1,cryptolocker,2025-01-03T09:06:00
host4158.hjaza.com,0,benign,2025-01-03T21:18:00
bukcgdodwumv.com,1,kraken,2025-01-01T05:11:00
host2140.baiws.com,0,benign,2025-01-02T11:40:00
host3658.fqiph.com,0,benign,2025-01-03T12:58:00
host4834.ihayh.com,0,benign,2025-01-04T08:34:00
91ttzoj.biz,1,cryptolocker,2025-01-01T21:43:00
wgdmxhf.net,1,conficker,2025-01-04T05:05:00
twfloagzjypj.com,1,kraken,2025-01-02T01:27:00
host645.bcndd.com,0,benign,2025-01-01T10:45:00
host898.edkju.com,0,benign,2025-01-01T14:58:00
host2866.jgmyh.com,0,benign,2025-01-02T23:46:00
zzaowusromzv.com,1,kraken,2025-01-01T14:00:00
host4518.gxiky.com,0,benign,2025-01-04T03:18:00
host1051.dtzrp.com,0,benign,2025-01-01T17:31:00
amazon.com,0,benign,2025-01-02T20:03:00
aws.amazon.com,0,benign,2025-01-03T06:07:00
6e36vfw.info,1,cryptolocker,2025-01-03T21:20:00
cherryrock.org,1,matsnu,2025-01-02T06:40:00
host2687.eeidz.com,0,benign,2025-01-02T20:47:00
host543.uqmsb.com,0,benign,2025-01-01T09:03:00
host1605.hqolh.com,0,benign,2025-01-02T02:45:00
nottheyhis.net,1,suppobox,2025-01-02T22:29:00
cherryrock.org,1,matsnu,2025-01-03T15:52:00
thisthiswith.net,1,suppobox,2025-01-04T06:33:00
host3009.cmjqt.com,0,benign,2025-01-03T02:09:00
slack.com,0,benign,2025-01-03T02:52:00
youfromthat.net,1,suppobox,2025-01-01T23:49:00
host2333.tmszf.com,0,benign,2025-01-02T14:53:00
host1060.eoosq.com,0,benign,2025-01-01T17:40:00
slack.com,0,benign,2025-01-02T13:39:00
microsoft.com,0,benign,2025-01-02T08:31:00
hisandthey.net,1,suppobox,2025-01-01T05:24:00
wikipedia.org,0,benign,2025-01-02T14:17:00
host4328.hqimm.com,0,benign,2025-01-04T00:08:00
host2938.zcsir.com,0,benign,2025-01-03T00:58:00
host4901.yefxx.com,0,benign,2025-01-04T09:41:00
netflix.com,0,benign,2025-01-01T01:43:00
a3d8mig.info,1,cryptolocker,2025-01-02T12:33:00
w025adf.biz,1,cryptolocker,2025-01-02T21:23:00
spwube2.ru,1,cryptolocker,2025-01-04T05:47:00
thathaveand.net,1,suppobox,2025-01-03T18:59:00
host2382.utoif.com,0,benign,2025-01-02T15:42:00
ovt0lf4.ru,1,cryptolocker,2025-01-03T11:23:00
office.com,0,benign,2025-01-02T04:19:00
ejedhljrowdm.com,1,kraken,2025-01-02T01:35:00
a5q15coc.com,1,generic,2025-01-03T07:57:00
dirpmpvj.net,1,conficker,2025-01-03T06:17:00
hbpet.net,1,conficker,2025-01-02T15:59:00
wlvcztu.net,1,conficker,2025-01-02T08:31:00
uzo0dbozv7x.net,1,generic,2025-01-02T04:22:00
iwvnekivcaay.com,1,kraken,2025-01-03T22:38:00
host1506.nyqvw.com,0,benign,2025-01-02T01:06:00
cherrycherry.org,1,matsnu,2025-01-02T15:40:00
host29.llmls.com,0,benign,2025-01-01T00:29:00
host2320.jkhps.com,0,benign,2025-01-02T14:40:00
host1405.lmfef.com,0,benign,2025-01-01T23:25:00
xbrrhbnkhjxb.com,1,kraken,2025-01-02T20:01:00
host3096.rdluv.com,0,benign,2025-01-03T03:36:00
7pbnh1b.ru,1,cryptolocker,2025-01-02T12:51:00
host1087.nrzrl.com,0,benign,2025-01-01T18:07:00
kikjsscdjrcz.com,1,kraken,2025-01-04T06:05:00
salesforce.com,0,benign,2025-01-01T14:41:00
host4631.ytdla.com,0,benign,2025-01-04T05:11:00
host20.shmvj.com,0,benign,2025-01-01T00:20:00
host1040.nswzn.com,0,benign,2025-01-01T17:20:00
oypukqmacfzb.com,1,kraken,2025-01-02T06:58:00
host3110.lpurg.com,0,benign,2025-01-03T03:50:00
host3512.ngzin.com,0,benign,2025-01-03T10:32:00
ywcdnaluehrs.com,1,kraken,2025-01-01T04:39:00
nnkaavb7ejfgu1w7.org,1,generic,2025-01-02T00:26:00
host598.tirij.com,0,benign,2025-01-01T09:58:00
nlamjvpb.net,1,conficker,2025-01-03T01:13:00
host672.nnczm.com,0,benign,2025-01-01T11:12:00
host2251.lkcrc.com,0,benign,2025-01-02T13:31:00
ygekrbm.net,1,conficker,2025-01-02T10:48:00
host372.cnutv.com,0,benign,2025-01-01T06:12:00
host2599.pajjx.com,0,benign,2025-01-02T19:19:00
host4041.kgunj.com,0,benign,2025-01-03T19:21:00
juepuayilwfh.com,1,kraken,2025-01-02T05:07:00
mgjrvj.net,1,conficker,2025-01-03T05:22:00
thisandthey.net,1,suppobox,2025-01-02T10:35:00
host1238.pyxys.com,0,benign,2025-01-01T20:38:00
uifjkktxsdpc.com,1,kraken,2025-01-04T09:30:00
stonegrape.org,1,matsnu,2025-01-02T11:01:00
mxqdhw.net,1,conficker,2025-01-01T23:09:00
host3865.qnpug.com,0,benign,2025-01-03T16:25:00
host3103.bmsco.com,0,benign,2025-01-03T03:43:00
host2716.erklg.com,0,benign,2025-01-02T21:16:00
host3276.jrvrp.com,0,benign,2025-01-03T06:36:00
apple.co,0,benign,2025-01-03T02:42:00
host4890.jrflc.com,0,benign,2025-01-04T09:30:00
office.com,0,benign,2025-01-03T00:07:00
host3966.hyhlg.com,0,benign,2025-01-03T18:06:00
host268.skjtu.com,0,benign,2025-01-01T04:28:00
dsmmo.net,1,conficker,2025-01-01T19:37:00
host181.iujto.com,0,benign,2025-01-01T03:01:00
havethatbut.net,1,suppobox,2025-01-03T01:05:00
upcuehtkdvpc.com,1,kraken,2025-01-02T14:20:00
83y2avpbs2o.tk,1,generic,2025-01-02T15:37:00
elderstone.org,1,matsnu,2025-01-03T06:03:00
host3244.khprb.com,0,benign,2025-01-03T06:04:00
treeelder.org,1,matsnu,2025-01-01T09:59:00
host2346.xcyds.com,0,benign,2025-01-02T15:06:00
host3945.ninnk.com,0,benign,2025-01-03T17:45:00
qmblpfegogei.com,1,kraken,2025-01-02T15:52:00
thathavefrom.net,1,suppobox,2025-01-03T08:57:00
by325zgqnjbi.info,1,generic,2025-01-03T02:57:00
withthatthis.net,1,suppobox,2025-01-01T02:15:00
butyounot.net,1,suppobox,2025-01-03T03:28:00
rwxfhtljahgk.com,1,kraken,2025-01-04T08:27:00
host1113.ckksl.com,0,benign,2025-01-01T18:33:00
bananarock.org,1,matsnu,2025-01-01T02:24:00
netflix.com,0,benign,2025-01-03T20:52:00
facebook.com,0,benign,2025-01-02T22:05:00
pqsemfff.net,1,conficker,2025-01-03T01:32:00
fromfromwith.net,1,suppobox,2025-01-01T15:49:00
ontdkqltrpbm.com,1,kraken,2025-01-01T00:41:00
theybutwith.net,1,suppobox,2025-01-04T02:56:00
slack.com,0,benign,2025-01-02T16:12:00
q837uu7.ru,1,cryptolocker,2025-01-03T04:11:00
host225.eiyzb.com,0,benign,2025-01-01T03:45:00
n1ahs2a.ru,1,cryptolocker,2025-01-04T05:29:00
th2scf3.info,1,cryptolocker,2025-01-03T11:12:00
zoom.us,0,benign,2025-01-02T13:44:00
pzrcl9tqhmv24tbrq2.org,1,generic,2025-01-01T20:23:00
thathisyou.net,1,suppobox,2025-01-01T13:43:00
4zi78mu.info,1,cryptolocker,2025-01-01T10:28:00
ddvhry97hqvn.biz,1,generic,2025-01-02T20:55:00
host1700.dwddy.com,0,benign,2025-01-02T04:20:00
khuzyqpvqn547g5fut.biz,1,generic,2025-01-04T04:13:00
host886.tjbbn.com,0,benign,2025-01-01T14:46:00
host4557.xjffj.com,0,benign,2025-01-04T03:57:00
yahoo.com,0,benign,2025-01-03T22:33:00
azure.com,0,benign,2025-01-03T13:23:00
host693.elufe.com,0,benign,2025-01-01T11:33:00
host3699.jvbax.com,0,benign,2025-01-03T13:39:00
treegrape.org,1,matsnu,2025-01-02T09:52:00
hisnotthey.net,1,suppobox,2025-01-02T15:01:00
host1857.zjyom.com,0,benign,2025-01-02T06:57:00
oma7ojo.info,1,cryptolocker,2025-01-03T08:29:00
4xen4mw7x7smza3i.ru,1,generic,2025-01-01T12:42:00
host341.jlpks.com,0,benign,2025-01-01T05:41:00
withbutthat.net,1,suppobox,2025-01-02T09:59:00
host93.hitqx.com,0,benign,2025-01-01T01:33:00
host4057.gpucr.com,0,benign,2025-01-03T19:37:00
7u8mbbjtu34nkr.net,1,generic,2025-01-01T01:33:00
amazon.com,0,benign,2025-01-01T05:48:00
liodz.net,1,conficker,2025-01-01T00:32:00
host4480.rvszn.com,0,benign,2025-01-04T02:40:00
host3240.qrsta.com,0,benign,2025-01-03T06:00:00
host1942.ndhxp.com,0,benign,2025-01-02T08:22:00
juejbehxvozx.com,1,kraken,2025-01-04T08:39:00
g7fyca4.ru,1,cryptolocker,2025-01-02T14:06:00
k82c1fb.biz,1,cryptolocker,2025-01-01T17:58:00
rw9mnj6s44oz.org,1,generic,2025-01-03T14:50:00
host1182.qvbzn.com,0,benign,2025-01-01T19:42:00
host4862.ahels.com,0,benign,2025-01-04T09:02:00
stonetree.org,1,matsnu,2025-01-02T13:10:00
linkedin.com,0,benign,2025-01-02T20:20:00
idktrl.net,1,conficker,2025-01-04T04:50:00
thatbutwith.net,1,suppobox,2025-01-02T23:50:00
host4997.rnrxy.com,0,benign,2025-01-04T11:17:00
wikipedia.org,0,benign,2025-01-03T16:15:00
ce1sp5n.info,1,cryptolocker,2025-01-02T09:47:00
crgnursvqqoa.com,1,kraken,2025-01-02T12:46:00
ko8o2gfc914ef15a.org,1,generic,2025-01-01T20:53:00
polocmg.net,1,conficker,2025-01-04T08:00:00
3xi42v3.biz,1,cryptolocker,2025-01-03T09:37:00
8zxm8f5.biz,1,cryptolocker,2025-01-03T23:20:00
aluzuhoztlqk.com,1,kraken,2025-01-03T08:24:00
slack.com,0,benign,2025-01-01T05:13:00
host4973.ggtkc.com,0,benign,2025-01-04T10:53:00
facebook.com,0,benign,2025-01-01T06:08:00
wpxixxw.info,1,cryptolocker,2025-01-04T11:13:00
waterelder.org,1,matsnu,2025-01-03T15:50:00
u9w6olj.info,1,cryptolocker,2025-01-03T05:59:00
datewater.org,1,matsnu,2025-01-04T03:30:00
yahoo.com,0,benign,2025-01-04T00:18:00
host2564.yinyd.com,0,benign,2025-01-02T18:44:00
host4681.txnxj.com,0,benign,2025-01-04T06:01:00
host568.sehkh.com,0,benign,2025-01-01T09:28:00
host249.gvcow.com,0,benign,2025-01-01T04:09:00
qffxdmqprcmb.com,1,kraken,2025-01-03T11:44:00
host2684.drnnj.com,0,benign,2025-01-02T20:44:00
figtree.org,1,matsnu,2025-01-03T08:46:00
yahoo.com,0,benign,2025-01-02T02:40:00
stonecherry.org,1,matsnu,2025-01-01T06:12:00
host1197.rtlre.com,0,benign,2025-01-01T19:57:00
host757.ongcv.com,0,benign,2025-01-01T12:37:00
1lunca2.ru,1,cryptolocker,2025-01-02T03:23:00
host533.yxhnv.com,0,benign,2025-01-01T08:53:00
qpffebz.net,1,conficker,2025-01-02T09:31:00
host915.nbvsn.com,0,benign,2025-01-01T15:15:00
host1982.fshxv.com,0,benign,2025-01-02T09:02:00
treewater.org,1,matsnu,2025-01-03T14:19:00
6isffim.ru,1,cryptolocker,2025-01-01T19:55:00
withwithbut.net,1,suppobox,2025-01-04T02:30:00
b66m7sh7k8.ru,1,generic,2025-01-01T17:31:00
github.com,0,benign,2025-01-02T18:57:00
o6wtog2qkqydx1klt08.net,1,generic,2025-01-03T12:40:00
azure.com,0,benign,2025-01-03T08:11:00
host502.jfyno.com,0,benign,2025-01-01T08:22:00
host154.msvmz.com,0,benign,2025-01-01T02:34:00
yzgloppksdol.com,1,kraken,2025-01-01T15:25:00
bing.com,0,benign,2025-01-03T03:21:00
6ve2xq8r3gs6cihj5q9.tk,1,generic,2025-01-02T19:22:00
host2690.rnzuh.com,0,benign,2025-01-02T20:50:00
host4125.gcqyc.com,0,benign,2025-01-03T20:45:00
usberk.net,1,conficker,2025-01-01T05:47:00
hiswithhis.net,1,suppobox,2025-01-03T09:45:00
theandwith.net,1,suppobox,2025-01-03T20:07:00
host3121.txgwn.com,0,benign,2025-01-03T04:01:00
yahoo.com,0,benign,2025-01-03T11:51:00
host4550.upavf.com,0,benign,2025-01-04T03:50:00
theynothave.net,1,suppobox,2025-01-03T20:17:00
obxgpkyg.net,1,conficker,2025-01-01T08:12:00
nbpwvbm.net,1,conficker,2025-01-01T10:23:00
treeapple.org,1,matsnu,2025-01-01T06:10:00
host4766.mhfds.com,0,benign,2025-01-04T07:26:00
host2207.xjrhr.com,0,benign,2025-01-02T12:47:00
elderbanana.org,1,matsnu,2025-01-01T11:42:00
host431.lxppb.com,0,benign,2025-01-01T07:11:00
wruvourghkwy.com,1,kraken,2025-01-03T07:18:00
host3407.dveny.com,0,benign,2025-01-03T08:47:00
host3283.bzqcc.com,0,benign,2025-01-03T06:43:00
host1675.dpaib.com,0,benign,2025-01-02T03:55:00
host1315.acimn.com,0,benign,2025-01-01T21:55:00
host1801.ybowd.com,0,benign,2025-01-02T06:01:00
xqebdijy.net,1,conficker,2025-01-01T09:32:00
host4715.pjycm.com,0,benign,2025-01-04T06:35:00
google.com,0,benign,2025-01-03T04:00:00
ojtrjuosesls.com,1,kraken,2025-01-01T19:39:00
host4813.xzthm.com,0,benign,2025-01-04T08:13:00
host2015.jfyql.com,0,benign,2025-01-02T09:35:00
ntphro.net,1,conficker,2025-01-01T06:09:00
oytaoaoxiuwe.com,1,kraken,2025-01-01T13:08:00
host2248.bdjco.com,0,benign,2025-01-02T13:28:00
i6mlfn7rpkq.info,1,generic,2025-01-03T11:10:00
treefire.org,1,matsnu,2025-01-01T13:02:00
host2639.zbajb.com,0,benign,2025-01-02T19:59:00
rocktree.org,1,matsnu,2025-01-03T10:24:00
od7g5ia.ru,1,cryptolocker,2025-01-02T17:21:00
host3724.qmfjp.com,0,benign,2025-01-03T14:04:00
zp34s78.biz,1,cryptolocker,2025-01-04T05:46:00
azure.com,0,benign,2025-01-02T08:26:00
host1429.fhpqc.com,0,benign,2025-01-01T23:49:00
qelewuaqxvvg.com,1,kraken,2025-01-02T10:25:00
daterock.org,1,matsnu,2025-01-04T08:42:00
amazon.com,0,benign,2025-01-01T06:55:00
qmwrpbmasyso.com,1,kraken,2025-01-02T07:39:00
forwithhave.net,1,suppobox,2025-01-01T23:05:00
host3667.izhce.com,0,benign,2025-01-03T13:07:00
host4292.ninxh.com,0,benign,2025-01-03T23:32:00
host4555.ateff.com,0,benign,2025-01-04T03:55:00
6acvn8v.info,1,cryptolocker,2025-01-01T19:33:00
host4452.elywk.com,0,benign,2025-01-04T02:12:00
host2044.zgybq.com,0,benign,2025-01-02T10:04:00
host3468.wbmbz.com,0,benign,2025-01-03T09:48:00
host2476.cycwn.com,0,benign,2025-01-02T17:16:00
host1103.jhgwv.com,0,benign,2025-01-01T18:23:00
cloudflare.com,0,benign,2025-01-01T16:35:00
vapsggstpehk.com,1,kraken,2025-01-03T22:52:00
host4816.dgixj.com,0,benign,2025-01-04T08:16:00
youforthis.net,1,suppobox,2025-01-01T23:25:00
fuu4csiemnfc.org,1,generic,2025-01-01T23:08:00
host3181.ichcy.com,0,benign,2025-01-03T05:01:00
host2804.uoase.com,0,benign,2025-01-02T22:44:00
lzfkumys.net,1,conficker,2025-01-02T01:14:00
haveyouthe.net,1,suppobox,2025-01-01T07:28:00
host4065.ixama.com,0,benign,2025-01-03T19:45:00
nn1758o.info,1,cryptolocker,2025-01-04T02:03:00
host939.rhjkz.com,0,benign,2025-01-01T15:39:00
host913.rnqpw.com,0,benign,2025-01-01T15:13:00
netflix.com,0,benign,2025-01-02T05:18:00
host906.rltmo.com,0,benign,2025-01-01T15:06:00
host1781.itfou.com,0,benign,2025-01-02T05:41:00
host342.xzrov.com,0,benign,2025-01-01T05:42:00
host618.vwlld.com,0,benign,2025-01-01T10:18:00
host2006.gfghs.com,0,benign,2025-01-02T09:26:00
host3726.fjjhu.com,0,benign,2025-01-03T14:06:00
host4911.bcmdm.com,0,benign,2025-01-04T09:51:00
rockstone.org,1,matsnu,2025-01-02T20:05:00
bfoowku7k0sd7bx2c.tk,1,generic,2025-01-01T12:46:00
mjqzjcal.net,1,conficker,2025-01-03T18:50:00
bing.com,0,benign,2025-01-04T10:30:00
trbnvghr9w80bo.ru,1,generic,2025-01-03T04:38:00
rnvsgs.net,1,conficker,2025-01-02T08:07:00
host3465.gurpl.com,0,benign,2025-01-03T09:45:00
5r35ow49bq6u51fyjt.cn,1,generic,2025-01-02T23:17:00
dtnsbusufiqg.com,1,kraken,2025-01-01T16:51:00
notyoubut.net,1,suppobox,2025-01-03T06:45:00
host2662.wuqit.com,0,benign,2025-01-02T20:22:00
withforyou.net,1,suppobox,2025-01-03T06:06:00
arjknjhmfrrj.com,1,kraken,2025-01-02T02:47:00
host3820.qefnu.com,0,benign,2025-01-03T15:40:00
host2131.pbbnp.com,0,benign,2025-01-02T11:31:00
host566.xmfar.com,0,benign,2025-01-01T09:26:00
host3095.tszkl.com,0,benign,2025-01-03T03:35:00
andnotyou.net,1,suppobox,2025-01-01T03:55:00
host1817.btaim.com,0,benign,2025-01-02T06:17:00
thetheythat.net,1,suppobox,2025-01-03T07:20:00
firegrape.org,1,matsnu,2025-01-01T07:12:00
host40.otery.com,0,benign,2025-01-01T00:40:00
host393.hwrie.com,0,benign,2025-01-01T06:33:00
host3859.laexl.com,0,benign,2025-01-03T16:19:00
thisthathis.net,1,suppobox,2025-01-01T07:08:00
host4750.vrpxt.com,0,benign,2025-01-04T07:10:00
bananaapple.org,1,matsnu,2025-01-04T03:52:00
host1507.pmugo.com,0,benign,2025-01-02T01:07:00
ew5eu594magf8qviuo.cn,1,generic,2025-01-01T00:24:00
host0.nuviw.com,0,benign,2025-01-01T00:00:00
host4062.yxhxp.com,0,benign,2025-01-03T19:42:00
host1996.jadkq.com,0,benign,2025-01-02T09:16:00
host4467.vulib.com,0,benign,2025-01-04T02:27:00
tbdyrme.net,1,conficker,2025-01-02T03:00:00
buthavefrom.net,1,suppobox,2025-01-01T02:08:00
nottheybut.net,1,suppobox,2025-01-01T05:59:00
cherrybanana.org,1,matsnu,2025-01-03T21:44:00
host4469.jopzf.com,0,benign,2025-01-04T02:29:00
havefromand.net,1,suppobox,2025-01-02T21:50:00
host4913.fpnpi.com,0,benign,2025-01-04T09:53:00
cherryelder.org,1,matsnu,2025-01-01T09:38:00
theynotyou.net,1,suppobox,2025-01-03T05:43:00
bananastone.org,1,matsnu,2025-01-02T14:59:00
host1880.bvynd.com,0,benign,2025-01-02T07:20:00
rbvsyhvqxykq.com,1,kraken,2025-01-01T08:15:00
k57saye.ru,1,cryptolocker,2025-01-03T15:18:00
host4776.xdhzz.com,0,benign,2025-01-04T07:36:00
host78.ubfqw.com,0,benign,2025-01-01T01:18:00
withnotwith.net,1,suppobox,2025-01-02T03:59:00
host1609.hwzcz.com,0,benign,2025-01-02T02:49:00
host1608.hixon.com,0,benign,2025-01-02T02:48:00
host3185.hyhjs.com,0,benign,2025-01-03T05:05:00
google.com,0,benign,2025-01-03T09:47:00
naaenuqmigpu.com,1,kraken,2025-01-02T18:25:00
host1862.dnlqn.com,0,benign,2025-01-02T07:02:00
bananastone.org,1,matsnu,2025-01-04T10:03:00
host1184.kceen.com,0,benign,2025-01-01T19:44:00
host3413.jumjs.com,0,benign,2025-01-03T08:53:00
treerock.org,1,matsnu,2025-01-03T11:09:00
xowecjv.net,1,conficker,2025-01-01T21:24:00
host4874.izwwq.com,0,benign,2025-01-04T09:14:00
host2022.khfft.com,0,benign,2025-01-02T09:42:00
host2840.avadq.com,0,benign,2025-01-02T23:20:00
lrebohhbecyn.com,1,kraken,2025-01-01T17:11:00
fxuuwrnvyejc.com,1,kraken,2025-01-02T07:12:00
host4577.bbixh.com,0,benign,2025-01-04T04:17:00
fromthisnot.net,1,suppobox,2025-01-03T05:44:00
figcherry.org,1,matsnu,2025-01-02T18:49:00
iypu79lpe0wlfvtnoy.cn,1,generic,2025-01-02T01:04:00
host3136.gafhn.com,0,benign,2025-01-03T04:16:00
gbenvirupdlw.com,1,kraken,2025-01-02T19:06:00
ukrqhxviahhm.com,1,kraken,2025-01-04T00:43:00
4ezxxlv.biz,1,cryptolocker,2025-01-02T21:04:00
appleapple.org,1,matsnu,2025-01-02T02:17:00
host3951.krcfl.com,0,benign,2025-01-03T17:51:00
host476.gtemc.com,0,benign,2025-01-01T07:56:00
olpvjdn0ybhge.net,1,generic,2025-01-01T16:44:00
applewater.org,1,matsnu,2025-01-01T06:53:00
notnotthe.net,1,suppobox,2025-01-03T14:04:00
host528.awukg.com,0,benign,2025-01-01T08:48:00
theyouand.net,1,suppobox,2025-01-01T20:14:00
treerock.org,1,matsnu,2025-01-03T20:49:00
datedate.org,1,matsnu,2025-01-02T19:28:00
gicvaadxbppo.com,1,kraken,2025-01-01T16:48:00
host4899.dhqcm.com,0,benign,2025-01-04T09:39:00
ca326dd.ru,1,cryptolocker,2025-01-04T00:20:00
bdmcs1ct.cn,1,generic,2025-01-01T17:22:00
host66.nvtae.com,0,benign,2025-01-01T01:06:00
host1738.pmluz.com,0,benign,2025-01-02T04:58:00
ykknoekbmsjg.com,1,kraken,2025-01-03T06:07:00
r9usbx89f7rp75583qq1.ru,1,generic,2025-01-03T02:02:00
host395.mbbvo.com,0,benign,2025-01-01T06:35:00
ypoocwykekcb.com,1,kraken,2025-01-01T12:50:00
host4354.feaqa.com,0,benign,2025-01-04T00:34:00
host836.vutow.com,0,benign,2025-01-01T13:56:00
host678.ovies.com,0,benign,2025-01-01T11:18:00
yahoo.com,0,benign,2025-01-03T04:03:00
cloudflare.com,0,benign,2025-01-03T05:29:00
host2194.knolt.com,0,benign,2025-01-02T12:34:00
butthatfrom.net,1,suppobox,2025-01-01T09:34:00
host2272.sqpmt.com,0,benign,2025-01-02T13:52:00
s0jxvsh.biz,1,cryptolocker,2025-01-02T20:25:00
c6kix8d3f00xvm55u.info,1,generic,2025-01-01T23:34:00
host165.prfpl.com,0,benign,2025-01-01T02:45:00
host785.vfftw.com,0,benign,2025-01-01T13:05:00
wm7able.ru,1,cryptolocker,2025-01-02T02:13:00
office.com,0,benign,2025-01-03T09:46:00
host3844.gqqwx.com,0,benign,2025-01-03T16:04:00
fejibuz.net,1,conficker,2025-01-02T14:31:00
host159.mtvhc.com,0,benign,2025-01-01T02:39:00
mrzqwqm.net,1,conficker,2025-01-02T16:31:00
host397.yxqlb.com,0,benign,2025-01-01T06:37:00
host617.rqzxt.com,0,benign,2025-01-01T10:17:00
rockelder.org,1,matsnu,2025-01-02T07:50:00
ehufiejeqtrj.com,1,kraken,2025-01-02T08:32:00
wnfmqhm.info,1,cryptolocker,2025-01-03T08:47:00
host4713.cpjkl.com,0,benign,2025-01-04T06:33:00
hmyyzescplsb7.info,1,generic,2025-01-01T13:03:00
google.com,0,benign,2025-01-01T20:51:00
host4195.kybyf.com,0,benign,2025-01-03T21:55:00
host4663.vczbe.com,0,benign,2025-01-04T05:43:00
hishisthis.net,1,suppobox,2025-01-04T06:37:00
host1099.oxdbz.com,0,benign,2025-01-01T18:19:00
dhaqm.net,1,conficker,2025-01-01T03:50:00
host1492.povxh.com,0,benign,2025-01-02T00:52:00
host3098.uwnlw.com,0,benign,2025-01-03T03:38:00
host2721.rlezj.com,0,benign,2025-01-02T21:21:00
host4858.liioi.com,0,benign,2025-01-04T08:58:00
host2154.ofnjs.com,0,benign,2025-01-02T11:54:00
host3654.ikuxu.com,0,benign,2025-01-03T12:54:00
linkedin.com,0,benign,2025-01-02T19:47:00
prlwgsmrsegc.com,1,kraken,2025-01-02T04:12:00
stonetree.org,1,matsnu,2025-01-02T22:11:00
host1037.nkdlk.com,0,benign,2025-01-01T17:17:00
host3119.yngqc.com,0,benign,2025-01-03T03:59:00
stonefire.org,1,matsnu,2025-01-04T07:18:00
host2939.cqgir.com,0,benign,2025-01-03T00:59:00
host3677.mhaqo.com,0,benign,2025-01-03T13:17:00
host2373.uiuqd.com,0,benign,2025-01-02T15:33:00
b3wk0o2dwq8n.ru,1,generic,2025-01-04T00:53:00
host3615.hgspj.com,0,benign,2025-01-03T12:15:00
host755.ofyjo.com,0,benign,2025-01-01T12:35:00
cloudflare.com,0,benign,2025-01-01T13:22:00
host2178.udavn.com,0,benign,2025-01-02T12:18:00
thehisthat.net,1,suppobox,2025-01-01T11:35:00
gfyzlbjqbabe.com,1,kraken,2025-01-03T05:11:00
bananafire.org,1,matsnu,2025-01-03T05:54:00
host2045.kioow.com,0,benign,2025-01-02T10:05:00
bmuavfp.net,1,conficker,2025-01-04T05:07:00
host1764.uarzv.com,0,benign,2025-01-02T05:24:00
host951.bngwg.com,0,benign,2025-01-01T15:51:00
host4219.imtuz.com,0,benign,2025-01-03T22:19:00
xqikiqrnaicg.com,1,kraken,2025-01-03T13:17:00
notthisthey.net,1,suppobox,2025-01-01T01:10:00
host1868.knyhh.com,0,benign,2025-01-02T07:08:00
host1115.rwdru.com,0,benign,2025-01-01T18:35:00
qsusrweb.net,1,conficker,2025-01-03T11:01:00
host3895.gjfyf.com,0,benign,2025-01-03T16:55:00
host823.rzxky.com,0,benign,2025-01-01T13:43:00
stonetree.org,1,matsnu,2025-01-01T03:28:00
host814.gndjo.com,0,benign,2025-01-01T13:34:00
rrku7sw55.tk,1,generic,2025-01-03T07:59:00
host2867.nschf.com,0,benign,2025-01-02T23:47:00
host1632.qfzhz.com,0,benign,2025-01-02T03:12:00
host432.ylccx.com,0,benign,2025-01-01T07:12:00
host667.mauwo.com,0,benign,2025-01-01T11:07:00
hishishave.net,1,suppobox,2025-01-01T06:33:00
host1368.mceue.com,0,benign,2025-01-01T22:48:00
host1620.ajvfe.com,0,benign,2025-01-02T03:00:00
hlns76036qemtnod5yzb.info,1,generic,2025-01-01T04:56:00
thatforbut.net,1,suppobox,2025-01-03T22:26:00
jvigkhooqdac.com,1,kraken,2025-01-01T17:26:00
host2463.fkjdp.com,0,benign,2025-01-02T17:03:00
microsoft.com,0,benign,2025-01-04T04:55:00
treegrape.org,1,matsnu,2025-01-01T12:43:00
6lnw469snv.com,1,generic,2025-01-03T18:32:00
dateelder.org,1,matsnu,2025-01-01T04:21:00
tjmkajc.net,1,conficker,2025-01-02T00:47:00
2qfkd7j.info,1,cryptolocker,2025-01-02T00:15:00
hw6ltxa.info,1,cryptolocker,2025-01-03T06:56:00
host3863.fyyor.com,0,benign,2025-01-03T16:23:00
waterrock.org,1,matsnu,2025-01-02T03:50:00
znake.net,1,conficker,2025-01-02T21:08:00
fgfgzanj5.tk,1,generic,2025-01-01T07:14:00
host4147.mpppk.com,0,benign,2025-01-03T21:07:00
cinmjtc.net,1,conficker,2025-01-04T01:34:00
butnotfor.net,1,suppobox,2025-01-02T22:39:00
host2785.frfhu.com,0,benign,2025-01-02T22:25:00
jvehtwjnebih.com,1,kraken,2025-01-02T17:02:00
host70.ohtlh.com,0,benign,2025-01-01T01:10:00
elderelder.org,1,matsnu,2025-01-04T07:17:00
odezvv.net,1,conficker,2025-01-01T14:41:00
xkrlavxl.net,1,conficker,2025-01-01T06:07:00
dazawv6a2wkfdmfdu.ru,1,generic,2025-01-02T18:51:00
host3304.kdyqo.com,0,benign,2025-01-03T07:04:00
waycrj0.biz,1,cryptolocker,2025-01-02T02:04:00
netflix.com,0,benign,2025-01-01T19:00:00
xqkoesh55l3p1qnd66.biz,1,generic,2025-01-03T08:02:00
fromhisthis.net,1,suppobox,2025-01-02T09:12:00
host4181.goujd.com,0,benign,2025-01-03T21:41:00
host376.ujjhr.com,0,benign,2025-01-01T06:16:00
85zpgj8m71dwdok.info,1,generic,2025-01-03T11:32:00
microsoft.com,0,benign,2025-01-02T06:18:00
stonedate.org,1,matsnu,2025-01-04T06:59:00
grapedate.org,1,matsnu,2025-01-01T12:12:00
8jwbfek.ru,1,cryptolocker,2025-01-03T09:57:00
facebook.com,0,benign,2025-01-02T05:29:00
apple.co,0,benign,2025-01-01T08:49:00
host3013.ogxdg.com,0,benign,2025-01-03T02:13:00
bffswqxrlojw.com,1,kraken,2025-01-03T12:46:00
cu0qtj7p7zbta7g.cn,1,generic,2025-01-03T15:13:00
syn5204.biz,1,cryptolocker,2025-01-01T19:02:00
applecherry.org,1,matsnu,2025-01-02T00:32:00
thehavethis.net,1,suppobox,2025-01-01T15:43:00
tvdoa.net,1,conficker,2025-01-04T09:13:00
ajjwewsiszwk.com,1,kraken,2025-01-02T23:11:00
host139.fcejh.com,0,benign,2025-01-01T02:19:00
plhdvw.net,1,conficker,2025-01-03T15:08:00
azure.com,0,benign,2025-01-03T18:23:00
linkedin.com,0,benign,2025-01-01T10:29:00
5qqzlns.biz,1,cryptolocker,2025-01-03T02:53:00
host548.zlvvn.com,0,benign,2025-01-01T09:08:00
host4420.dnypt.com,0,benign,2025-01-04T01:40:00
host4879.xfvuo.com,0,benign,2025-01-04T09:19:00
applefig.org,1,matsnu,2025-01-01T09:31:00
treebanana.org,1,matsnu,2025-01-04T05:58:00
host2958.kfmvo.com,0,benign,2025-01-03T01:18:00
andandfor.net,1,suppobox,2025-01-01T09:41:00
host4270.vgrqq.com,0,benign,2025-01-03T23:10:00
host4159.mpxxi.com,0,benign,2025-01-03T21:19:00
kwlsbrim0bxbvh70ryn1.net,1,generic,2025-01-04T07:33:00
host1226.fkclo.com,0,benign,2025-01-01T20:26:00
mtyaoitmhxqi.com,1,kraken,2025-01-02T18:11:00
fvpukttjk2w9zaec.biz,1,generic,2025-01-02T01:18:00
salesforce.com,0,benign,2025-01-01T09:32:00
host2181.yfldz.com,0,benign,2025-01-02T12:21:00
host689.henxv.com,0,benign,2025-01-01T11:29:00
host2520.mqfej.com,0,benign,2025-01-02T18:00:00
gse3cs7iissfimp.tk,1,generic,2025-01-04T05:09:00
host2919.cugsv.com,0,benign,2025-01-03T00:39:00
office.com,0,benign,2025-01-02T12:50:00
rudkgzofm3zmb5ooqs8s.biz,1,generic,2025-01-01T02:32:00
fromthethat.net,1,suppobox,2025-01-04T07:04:00
host4955.qztlu.com,0,benign,2025-01-04T10:35:00
host4114.jojso.com,0,benign,2025-01-03T20:34:00
w4r74whqj6v1ykckf8vd.info,1,generic,2025-01-02T12:16:00
watercherry.org,1,matsnu,2025-01-02T17:38:00
huvvazphelpw.com,1,kraken,2025-01-03T02:08:00
host1151.atltd.com,0,benign,2025-01-01T19:11:00
o5xnqd7.ru,1,cryptolocker,2025-01-03T13:06:00
bing.com,0,benign,2025-01-03T11:08:00
host1992.cvjuu.com,0,benign,2025-01-02T09:12:00
host250.zpqqa.com,0,benign,2025-01-01T04:10:00
ersefb9.ru,1,cryptolocker,2025-01-02T15:00:00
host1612.rtyyt.com,0,benign,2025-01-02T02:52:00
host3584.aadtz.com,0,benign,2025-01-03T11:44:00
figelder.org,1,matsnu,2025-01-01T03:14:00
withforthey.net,1,suppobox,2025-01-03T02:29:00
host2496.bscis.com,0,benign,2025-01-02T17:36:00
yopcicrtsnpq.com,1,kraken,2025-01-01T03:06:00
ygepyzjimxhd.com,1,kraken,2025-01-01T00:38:00
qgbdnl.net,1,conficker,2025-01-03T02:33:00
bing.com,0,benign,2025-01-03T10:59:00
hnxwxy7yx72xr.net,1,generic,2025-01-01T07:31:00
aaooqmnpfiit.com,1,kraken,2025-01-03T14:20:00
mkhumgjdnlvy.com,1,kraken,2025-01-02T02:45:00
lm5lpzo.ru,1,cryptolocker,2025-01-03T07:42:00
host1920.jqhxw.com,0,benign,2025-01-02T08:00:00
bananaelder.org,1,matsnu,2025-01-04T04:02:00
c3j2qwt.ru,1,cryptolocker,2025-01-02T17:29:00
host473.hzqrp.com,0,benign,2025-01-01T07:53:00
host1412.ejisy.com,0,benign,2025-01-01T23:32:00
hsgbbws.net,1,conficker,2025-01-01T01:18:00
linkedin.com,0,benign,2025-01-03T10:25:00
bxylwwtybxln.com,1,kraken,2025-01-03T06:35:00
host3263.czsjt.com,0,benign,2025-01-03T06:23:00
o29pd71.info,1,cryptolocker,2025-01-02T18:30:00
forfromthat.net,1,suppobox,2025-01-01T17:42:00
host3554.ojitg.com,0,benign,2025-01-03T11:14:00
host2094.jdlui.com,0,benign,2025-01-02T10:54:00
notfrombut.net,1,suppobox,2025-01-02T09:19:00
havebutfrom.net,1,suppobox,2025-01-03T08:36:00
host1281.relej.com,0,benign,2025-01-01T21:21:00
s78n2x61i5.net,1,generic,2025-01-03T12:25:00
theytheywith.net,1,suppobox,2025-01-03T21:28:00
host632.fvmtg.com,0,benign,2025-01-01T10:32:00
xcmasij.info,1,cryptolocker,2025-01-03T23:48:00
5h5t0pp.info,1,cryptolocker,2025-01-02T04:27:00
host97.ecgbv.com,0,benign,2025-01-01T01:37:00
host4705.snzml.com,0,benign,2025-01-04T06:25:00
host702.zarks.com,0,benign,2025-01-01T11:42:00
host2439.xpitx.com,0,benign,2025-01-02T16:39:00
amazon.com,0,benign,2025-01-03T14:00:00
host4954.coteu.com,0,benign,2025-01-04T10:34:00
nmscu.net,1,conficker,2025-01-03T07:33:00
zqwsom.net,1,conficker,2025-01-02T18:34:00
suvbdwcfkqyj.com,1,kraken,2025-01-03T01:16:00
github.com,0,benign,2025-01-02T06:44:00
host87.cklbz.com,0,benign,2025-01-01T01:27:00
host2400.vlqyh.com,0,benign,2025-01-02T16:00:00
host1573.bfwsc.com,0,benign,2025-01-02T02:13:00
enf4qdu.ru,1,cryptolocker,2025-01-03T15:19:00
host127.ugreb.com,0,benign,2025-01-01T02:07:00
host4322.votnb.com,0,benign,2025-01-04T00:02:00
dfegd.net,1,conficker,2025-01-01T23:56:00
wikipedia.org,0,benign,2025-01-01T13:46:00
host3551.zedxg.com,0,benign,2025-01-03T11:11:00
azure.com,0,benign,2025-01-02T04:47:00
iacwdgwa5f3mv6wm.net,1,generic,2025-01-02T11:18:00
g7tozao.info,1,cryptolocker,2025-01-04T02:37:00
host3697.cnfrg.com,0,benign,2025-01-03T13:37:00
zoom.us,0,benign,2025-01-03T15:56:00
host2256.xkxlr.com,0,benign,2025-01-02T13:36:00
hisnotthat.net,1,suppobox,2025-01-03T22:28:00
host1105.aiolo.com,0,benign,2025-01-01T18:25:00
3pa2ac4vws8ns.cn,1,generic,2025-01-02T11:34:00
host1109.zlfhk.com,0,benign,2025-01-01T18:29:00
5w9eleh.info,1,cryptolocker,2025-01-04T08:45:00
host1500.ascky.com,0,benign,2025-01-02T01:00:00
host3126.lunzj.com,0,benign,2025-01-03T04:06:00
wikipedia.org,0,benign,2025-01-01T10:28:00
ijagsej.net,1,conficker,2025-01-04T11:05:00
figwater.org,1,matsnu,2025-01-01T23:48:00
prtgdlzlfryx.com,1,kraken,2025-01-03T14:27:00
rentk8vcc6rml5xld.ru,1,generic,2025-01-03T13:30:00
host4387.vzffe.com,0,benign,2025-01-04T01:07:00
wxcipmtdrxzl.com,1,kraken,2025-01-02T18:08:00
histhenot.net,1,suppobox,2025-01-03T07:10:00
kxerzw.net,1,conficker,2025-01-01T12:03:00
host2555.ltdet.com,0,benign,2025-01-02T18:35:00
host2681.mishm.com,0,benign,2025-01-02T20:41:00
theywithhave.net,1,suppobox,2025-01-02T17:34:00
ejbcelkuzvji.com,1,kraken,2025-01-04T00:38:00
host4758.zkuud.com,0,benign,2025-01-04T07:18:00
1vfyfibwiaywej.info,1,generic,2025-01-02T01:37:00
facebook.com,0,benign,2025-01-01T19:15:00
host2173.zahrl.com,0,benign,2025-01-02T12:13:00
vztc8icom6rs7hj26dho.net,1,generic,2025-01-03T11:27:00
host4595.yizzb.com,0,benign,2025-01-04T04:35:00
wikipedia.org,0,benign,2025-01-03T15:22:00
stonegrape.org,1,matsnu,2025-01-04T10:08:00
theynotfrom.net,1,suppobox,2025-01-03T20:58:00
host807.iploj.com,0,benign,2025-01-01T13:27:00
host4842.xodzh.com,0,benign,2025-01-04T08:42:00
host3402.xekry.com,0,benign,2025-01-03T08:42:00
ocbsjjyhdnhm.com,1,kraken,2025-01-03T01:25:00
thatforand.net,1,suppobox,2025-01-04T01:03:00
host954.oybjl.com,0,benign,2025-01-01T15:54:00
theythewith.net,1,suppobox,2025-01-01T21:09:00
bdesu78.ru,1,cryptolocker,2025-01-01T07:21:00
slack.com,0,benign,2025-01-03T09:22:00
host2655.xwszp.com,0,benign,2025-01-02T20:15:00
host1191.wvvah.com,0,benign,2025-01-01T19:51:00
612t5o9.info,1,cryptolocker,2025-01-02T15:03:00
host1362.igpwg.com,0,benign,2025-01-01T22:42:00
host4277.cllhi.com,0,benign,2025-01-03T23:17:00
host1188.xeusw.com,0,benign,2025-01-01T19:48:00
host2829.gfyrr.com,0,benign,2025-01-02T23:09:00
watertree.org,1,matsnu,2025-01-01T15:37:00
baos6nuiggklz70wb7w.tk,1,generic,2025-01-02T01:56:00
37bd68vqqudtyxiue6.cn,1,generic,2025-01-02T18:57:00
otxk4lqif.ru,1,generic,2025-01-01T01:30:00
host982.iojpl.com,0,benign,2025-01-01T16:22:00
qcjxkw.net,1,conficker,2025-01-03T00:09:00
host2992.ewfpe.com,0,benign,2025-01-03T01:52:00
host2322.fsmxl.com,0,benign,2025-01-02T14:42:00
e4obui9.biz,1,cryptolocker,2025-01-01T10:34:00
host1266.essfo.com,0,benign,2025-01-01T21:06:00
host84.fodrs.com,0,benign,2025-01-01T01:24:00
r62gx8jfc3zc9ep73.org,1,generic,2025-01-02T09:39:00
dategrape.org,1,matsnu,2025-01-02T08:27:00
host863.ikuvk.com,0,benign,2025-01-01T14:23:00
dibkgyw.net,1,conficker,2025-01-02T19:13:00
host2856.xodoz.com,0,benign,2025-01-02T23:36:00
havetheynot.net,1,suppobox,2025-01-01T22:12:00
ojvjfbciiztk.com,1,kraken,2025-01-01T20:22:00
6fi97jhqjryw.org,1,generic,2025-01-01T10:15:00
host3357.ewoft.com,0,benign,2025-01-03T07:57:00
watertree.org,1,matsnu,2025-01-04T01:33:00
buthisand.net,1,suppobox,2025-01-01T00:22:00
applefire.org,1,matsnu,2025-01-04T03:07:00
azure.com,0,benign,2025-01-04T08:46:00
cyr0zrn.biz,1,cryptolocker,2025-01-02T17:18:00
host3031.eejbu.com,0,benign,2025-01-03T02:31:00
ckxtew.net,1,conficker,2025-01-01T09:44:00
vlyyetqt.net,1,conficker,2025-01-02T21:11:00
host330.hiqsj.com,0,benign,2025-01-01T05:30:00
u6oy3gn.biz,1,cryptolocker,2025-01-01T15:01:00
google.com,0,benign,2025-01-03T08:59:00
lnqjm.net,1,conficker,2025-01-01T20:21:00
fxjbhebejguw.com,1,kraken,2025-01-01T23:57:00
host4260.ivgef.com,0,benign,2025-01-03T23:00:00
xfibzcexrsfh.com,1,kraken,2025-01-01T15:14:00
ydajlp.net,1,conficker,2025-01-03T05:42:00
stonecherry.org,1,matsnu,2025-01-02T13:04:00
live.com,0,benign,2025-01-03T08:39:00
grapeelder.org,1,matsnu,2025-01-01T13:13:00
jfvqr.net,1,conficker,2025-01-03T19:47:00
m9z2gw1j92t0mn.cn,1,generic,2025-01-02T05:17:00
withnotthe.net,1,suppobox,2025-01-04T09:14:00
ngjijgjjvwxa.com,1,kraken,2025-01-01T18:38:00
vqfsscduepto.com,1,kraken,2025-01-04T03:43:00
host1317.dkqje.com,0,benign,2025-01-01T21:57:00
host1310.pfdrv.com,0,benign,2025-01-01T21:50:00
host2632.syfrd.com,0,benign,2025-01-02T19:52:00
xwhr1htoxc5q78w3.ru,1,generic,2025-01-03T12:28:00
ganekbq.net,1,conficker,2025-01-01T11:49:00
host3630.osgaz.com,0,benign,2025-01-03T12:30:00
nmpaxm8kkzytpuu.com,1,generic,2025-01-01T06:54:00
ndpypq.net,1,conficker,2025-01-02T09:07:00
hzgyngcs.net,1,conficker,2025-01-02T03:53:00
host4515.jnwlz.com,0,benign,2025-01-04T03:15:00
apple.com,0,benign,2025-01-01T18:58:00
frombuthave.net,1,suppobox,2025-01-02T01:59:00
host3051.lrwpj.com,0,benign,2025-01-03T02:51:00
linkedin.com,0,benign,2025-01-04T10:57:00
zzjvj.net,1,conficker,2025-01-03T11:42:00
host2070.xjdla.com,0,benign,2025-01-02T10:30:00
host1976.pjhmw.com,0,benign,2025-01-02T08:56:00
host2967.gqhvi.com,0,benign,2025-01-03T01:27:00
cloudflare.com,0,benign,2025-01-01T17:45:00
qoack.net,1,conficker,2025-01-03T19:01:00
host4029.rlfke.com,0,benign,2025-01-03T19:09:00
rmghpnl.net,1,conficker,2025-01-02T05:50:00
xzhojs.net,1,conficker,2025-01-01T20:30:00
hisyouthat.net,1,suppobox,2025-01-01T00:51:00
pghpvdsmtzyd.com,1,kraken,2025-01-03T07:25:00
vdttzhz.net,1,conficker,2025-01-02T22:14:00
linkedin.com,0,benign,2025-01-03T22:30:00
host3314.dwurx.com,0,benign,2025-01-03T07:14:00
vddldq8.biz,1,cryptolocker,2025-01-03T16:57:00
gmjrxdpcrnyg.com,1,kraken,2025-01-02T17:25:00
host2622.hbnpk.com,0,benign,2025-01-02T19:42:00
host546.sxnht.com,0,benign,2025-01-01T09:06:00
host4845.qyqwu.com,0,benign,2025-01-04T08:45:00
npdjmtmfweqr.com,1,kraken,2025-01-01T04:40:00
hishavefor.net,1,suppobox,2025-01-01T21:10:00
host3446.peaqw.com,0,benign,2025-01-03T09:26:00
butbutbut.net,1,suppobox,2025-01-01T17:21:00
5pb7szc0drxlex8b70q.net,1,generic,2025-01-02T16:27:00
apple.co,0,benign,2025-01-03T13:44:00
zcxygvc.ru,1,cryptolocker,2025-01-01T17:37:00
xd2jlcqx6p.cn,1,generic,2025-01-04T00:10:00
github.com,0,benign,2025-01-01T21:54:00
4wiggcf.ru,1,cryptolocker,2025-01-01T21:14:00
lzcvfut.net,1,conficker,2025-01-02T18:28:00
host1172.tnvne.com,0,benign,2025-01-01T19:32:00
microsoft.com,0,benign,2025-01-01T06:04:00
yahoo.com,0,benign,2025-01-01T20:13:00
host1156.okthe.com,0,benign,2025-01-01T19:16:00
host1526.wbrdr.com,0,benign,2025-01-02T01:26:00
host767.vvhnm.com,0,benign,2025-01-01T12:47:00
figtree.org,1,matsnu,2025-01-01T15:46:00
apple.com,0,benign,2025-01-02T22:13:00
host4624.sitev.com,0,benign,2025-01-04T05:04:00
host4721.ztvgo.com,0,benign,2025-01-04T06:41:00
facebook.com,0,benign,2025-01-02T03:52:00
kehpxjnwzfxz.com,1,kraken,2025-01-02T05:23:00
host458.mrstp.com,0,benign,2025-01-01T07:38:00
host4682.oowrf.com,0,benign,2025-01-04T06:02:00
kswssztmambl.com,1,kraken,2025-01-01T15:27:00
sshdncv.net,1,conficker,2025-01-02T09:42:00
yahoo.com,0,benign,2025-01-01T19:29:00
5ly3cvkz8mb.info,1,generic,2025-01-03T06:55:00
host2953.nmsvt.com,0,benign,2025-01-03T01:13:00
s5huatf5659pjwhhb.biz,1,generic,2025-01-01T10:40:00
host2321.iulvw.com,0,benign,2025-01-02T14:41:00
host2999.spupv.com,0,benign,2025-01-03T01:59:00
host4872.gzest.com,0,benign,2025-01-04T09:12:00
cloudflare.com,0,benign,2025-01-02T16:21:00
hisbutyou.net,1,suppobox,2025-01-04T00:30:00
imimfvmfpmrc.com,1,kraken,2025-01-04T02:26:00
nx4wyxh.ru,1,cryptolocker,2025-01-01T03:07:00
host619.yrqoh.com,0,benign,2025-01-01T10:19:00
bananawater.org,1,matsnu,2025-01-01T19:48:00
host4030.hnvfy.com,0,benign,2025-01-03T19:10:00
host3101.tcjpd.com,0,benign,2025-01-03T03:41:00
rzj9frz.ru,1,cryptolocker,2025-01-02T10:54:00
host3363.yurpf.com,0,benign,2025-01-03T08:03:00
99umm0zow.org,1,generic,2025-01-02T22:33:00
wjmbjixbgkzz.com,1,kraken,2025-01-01T00:59:00
host2540.amzrr.com,0,benign,2025-01-02T18:20:00
ipbldyjqdnid.com,1,kraken,2025-01-01T16:13:00
host897.tqppd.com,0,benign,2025-01-01T14:57:00
host576.stvua.com,0,benign,2025-01-01T09:36:00
vvbhymlpqfdi.com,1,kraken,2025-01-02T23:38:00
hisforthey.net,1,suppobox,2025-01-03T11:48:00
kpggxow.net,1,conficker,2025-01-01T17:49:00
ypoku.net,1,conficker,2025-01-02T02:16:00
treewater.org,1,matsnu,2025-01-03T13:52:00
aws.amazon.com,0,benign,2025-01-01T15:08:00
treegrape.org,1,matsnu,2025-01-02T04:05:00
host4718.jvweq.com,0,benign,2025-01-04T06:38:00
butbutthe.net,1,suppobox,2025-01-01T19:41:00
forfromthis.net,1,suppobox,2025-01-02T00:27:00
ihimcjxczrxr.com,1,kraken,2025-01-01T21:51:00
8zlo4xaoj3awv.net,1,generic,2025-01-03T05:47:00
fortheynot.net,1,suppobox,2025-01-01T03:52:00
oolyhwkqydis.com,1,kraken,2025-01-02T03:19:00
g8u7nvh995xfx.ru,1,generic,2025-01-02T18:36:00
host1749.nptjb.com,0,benign,2025-01-02T05:09:00
ibgtkiudfemd.com,1,kraken,2025-01-02T08:55:00
theytheythe.net,1,suppobox,2025-01-01T09:57:00
host4806.ruzfc.com,0,benign,2025-01-04T08:06:00
host4379.biflw.com,0,benign,2025-01-04T00:59:00
host1232.nnndt.com,0,benign,2025-01-01T20:32:00
host1766.xoprj.com,0,benign,2025-01-02T05:26:00
theyouhis.net,1,suppobox,2025-01-01T05:00:00
azvo5sr.info,1,cryptolocker,2025-01-04T08:06:00
host4471.ezvfw.com,0,benign,2025-01-04T02:31:00
lbyfimxpzbbo.com,1,kraken,2025-01-01T14:42:00
wikipedia.org,0,benign,2025-01-01T06:29:00
ktniupcw.net,1,conficker,2025-01-01T02:07:00
b34h34xeyt53kb5.cn,1,generic,2025-01-01T23:04:00
host3679.uhtgn.com,0,benign,2025-01-03T13:19:00
ympxsugdjxbr.com,1,kraken,2025-01-01T19:58:00
host2450.cyssx.com,0,benign,2025-01-02T16:50:00
host2769.wlnxz.com,0,benign,2025-01-02T22:09:00
qxgxgploudqg.com,1,kraken,2025-01-04T07:11:00
8w8ive9lvacxuht4vl.com,1,generic,2025-01-01T06:39:00
host217.wcjng.com,0,benign,2025-01-01T03:37:00
host3767.mhjem.com,0,benign,2025-01-03T14:47:00
host3600.rytzm.com,0,benign,2025-01-03T12:00:00
host4394.ndgtd.com,0,benign,2025-01-04T01:14:00
host1892.zaqhw.com,0,benign,2025-01-02T07:32:00
ztdhgrig.net,1,conficker,2025-01-01T20:34:00
bfemycqezeni.com,1,kraken,2025-01-03T07:44:00
shnwecvgndvw.com,1,kraken,2025-01-01T15:54:00
host3634.onhpy.com,0,benign,2025-01-03T12:34:00
gnpcu2i.biz,1,cryptolocker,2025-01-03T13:00:00
ecsyx5429v7u15c.biz,1,generic,2025-01-03T02:51:00
linkedin.com,0,benign,2025-01-02T15:23:00
9zn5fdl.info,1,cryptolocker,2025-01-01T09:29:00
waterwater.org,1,matsnu,2025-01-02T05:59:00
host3153.ljuyf.com,0,benign,2025-01-03T04:33:00
treebanana.org,1,matsnu,2025-01-02T18:23:00
ffspkqfmsane.com,1,kraken,2025-01-01T15:51:00
ggqrqpygzecw.com,1,kraken,2025-01-03T05:40:00
host1962.axuca.com,0,benign,2025-01-02T08:42:00
applebanana.org,1,matsnu,2025-01-03T15:42:00
zrejfgy.net,1,conficker,2025-01-01T16:40:00
udbnl80.info,1,cryptolocker,2025-01-01T22:55:00
host2374.lehby.com,0,benign,2025-01-02T15:34:00
host1687.syjue.com,0,benign,2025-01-02T04:07:00
mn61tit.ru,1,cryptolocker,2025-01-01T07:58:00
host16.nofaq.com,0,benign,2025-01-01T00:16:00
withthatthey.net,1,suppobox,2025-01-03T22:46:00
6o6a8w4j3jhzaj.org,1,generic,2025-01-02T21:14:00
host294.odlzu.com,0,benign,2025-01-01T04:54:00
host478.dgtmr.com,0,benign,2025-01-01T07:58:00
azure.com,0,benign,2025-01-01T22:34:00
host551.mmona.com,0,benign,2025-01-01T09:11:00
akwgqbl.net,1,conficker,2025-01-04T00:45:00
host1181.frbla.com,0,benign,2025-01-01T19:41:00
lpcrkx.net,1,conficker,2025-01-04T10:54:00
github.com,0,benign,2025-01-03T09:12:00
xk0h8lr.ru,1,cryptolocker,2025-01-03T06:39:00
dwojiwvplrte.com,1,kraken,2025-01-01T17:05:00
host1457.ishlu.com,0,benign,2025-01-02T00:17:00
1r3ac0ga.ru,1,generic,2025-01-03T08:04:00
zxtsdgms.net,1,conficker,2025-01-02T20:16:00
host1027.bjdxp.com,0,benign,2025-01-01T17:07:00
waterfire.org,1,matsnu,2025-01-01T04:59:00
bananawater.org,1,matsnu,2025-01-02T17:44:00
slack.com,0,benign,2025-01-01T22:56:00
nywmc32.biz,1,cryptolocker,2025-01-03T01:04:00
mdqeyhjkalhj.com,1,kraken,2025-01-02T17:08:00
host2138.laiub.com,0,benign,2025-01-02T11:38:00
stonefire.org,1,matsnu,2025-01-02T11:49:00
thishishave.net,1,suppobox,2025-01-03T11:28:00
host2295.bidal.com,0,benign,2025-01-02T14:15:00
slack.com,0,benign,2025-01-02T11:32:00
rfkempdbkdjc.com,1,kraken,2025-01-01T12:00:00
host1659.ncryw.com,0,benign,2025-01-02T03:39:00
fqviydhvyaii.com,1,kraken,2025-01-04T00:58:00
yzbjwa88.biz,1,generic,2025-01-01T17:55:00
host392.zbxic.com,0,benign,2025-01-01T06:32:00
rockstone.org,1,matsnu,2025-01-04T02:11:00
host2634.jiuqr.com,0,benign,2025-01-02T19:54:00
o4qbi6a.ru,1,cryptolocker,2025-01-01T14:47:00
host1544.xshvi.com,0,benign,2025-01-02T01:44:00
host1998.htksf.com,0,benign,2025-01-02T09:18:00
dly26d0tdv0o97tu.info,1,generic,2025-01-03T19:56:00
6b3w877pxp7pea.com,1,generic,2025-01-03T02:36:00
qmvpeeh.net,1,conficker,2025-01-02T11:45:00
amazon.com,0,benign,2025-01-01T19:38:00
host2438.vkhtm.com,0,benign,2025-01-02T16:38:00
host4398.nboqa.com,0,benign,2025-01-04T01:18:00
0pjdjgy.biz,1,cryptolocker,2025-01-02T07:27:00
hmkvcanibajq.com,1,kraken,2025-01-02T00:24:00
hntfjq.net,1,conficker,2025-01-04T10:12:00
yeuugi.net,1,conficker,2025-01-01T00:17:00
office.com,0,benign,2025-01-03T06:40:00
firewater.org,1,matsnu,2025-01-02T16:57:00
gxbfcrfzttmt.com,1,kraken,2025-01-02T15:17:00
isrsrcrzerts.com,1,kraken,2025-01-03T19:36:00
thatthisfrom.net,1,suppobox,2025-01-02T19:59:00
watercherry.org,1,matsnu,2025-01-01T13:44:00
host1426.shybp.com,0,benign,2025-01-01T23:46:00
havethenot.net,1,suppobox,2025-01-01T06:59:00
yp9i2sk.biz,1,cryptolocker,2025-01-04T01:31:00
withtheyfor.net,1,suppobox,2025-01-01T11:10:00
host2250.retas.com,0,benign,2025-01-02T13:30:00
host474.aasad.com,0,benign,2025-01-01T07:54:00
f1apdobdktlxfga8.info,1,generic,2025-01-01T21:58:00
1gk8ziikfpmfsbfo6.com,1,generic,2025-01-03T17:53:00
andnotfrom.net,1,suppobox,2025-01-01T22:07:00
facebook.com,0,benign,2025-01-04T03:16:00
host1578.wezjt.com,0,benign,2025-01-02T02:18:00
host417.eehib.com,0,benign,2025-01-01T06:57:00
thatthatfrom.net,1,suppobox,2025-01-04T00:52:00
cherrygrape.org,1,matsnu,2025-01-02T06:38:00
applewater.org,1,matsnu,2025-01-01T21:48:00
host3117.nfgdj.com,0,benign,2025-01-03T03:57:00
host4415.hizvl.com,0,benign,2025-01-04T01:35:00
njmggwcq.net,1,conficker,2025-01-01T20:48:00
host3770.yjohd.com,0,benign,2025-01-03T14:50:00
host2428.mrhjg.com,0,benign,2025-01-02T16:28:00
host3864.uhyqa.com,0,benign,2025-01-03T16:24:00
iwhudiqletnt.com,1,kraken,2025-01-03T20:39:00
figcherry.org,1,matsnu,2025-01-01T04:03:00
slack.com,0,benign,2025-01-01T04:04:00
facebook.com,0,benign,2025-01-02T22:29:00
wqldf18r.org,1,generic,2025-01-03T01:12:00
pehvgxvh.net,1,conficker,2025-01-01T22:48:00
cloudflare.com,0,benign,2025-01-02T21:10:00
host4777.ecjks.com,0,benign,2025-01-04T07:37:00
wnspfxa4ivaf.tk,1,generic,2025-01-04T02:10:00
host3873.dkyte.com,0,benign,2025-01-03T16:33:00
host2695.rqoxz.com,0,benign,2025-01-02T20:55:00
bananaelder.org,1,matsnu,2025-01-03T12:08:00
rloqyeeqtuba.com,1,kraken,2025-01-01T03:35:00
host3057.ohzsx.com,0,benign,2025-01-03T02:57:00
eebd302.ru,1,cryptolocker,2025-01-03T17:46:00
bananarock.org,1,matsnu,2025-01-01T19:22:00
host2130.tqgdl.com,0,benign,2025-01-02T11:30:00
host2739.ggmhr.com,0,benign,2025-01-02T21:39:00
host3686.igylz.com,0,benign,2025-01-03T13:26:00
foryounot.net,1,suppobox,2025-01-01T20:10:00
host327.iuomq.com,0,benign,2025-01-01T05:27:00
google.com,0,benign,2025-01-01T15:05:00
pgovjzgjyior.com,1,kraken,2025-01-03T19:58:00
waterbanana.org,1,matsnu,2025-01-03T14:21:00
towypxyigmsv.com,1,kraken,2025-01-04T02:36:00
host4553.lqdvm.com,0,benign,2025-01-04T03:53:00
oqzqhrwsbmkf.com,1,kraken,2025-01-01T10:36:00
host4943.bwytf.com,0,benign,2025-01-04T10:23:00
fwp4vox.info,1,cryptolocker,2025-01-01T13:26:00
1agnilm4o1gk.ru,1,generic,2025-01-04T03:00:00
ujcpskmfmdn0wrkedt0p.net,1,generic,2025-01-03T04:13:00
apple.com,0,benign,2025-01-02T12:59:00
r4v1fnpjqah.biz,1,generic,2025-01-01T14:14:00
od7kkx23ocpg7f2.info,1,generic,2025-01-01T03:16:00
azure.com,0,benign,2025-01-01T04:44:00
host990.mixvu.com,0,benign,2025-01-01T16:30:00
clzneaafvzuk.com,1,kraken,2025-01-04T04:35:00
mktwpe.net,1,conficker,2025-01-02T16:14:00
1tvs24g.ru,1,cryptolocker,2025-01-03T07:17:00
host625.iptra.com,0,benign,2025-01-01T10:25:00
r4s5g2q7zx5dif.com,1,generic,2025-01-02T03:25:00
fhqso.net,1,conficker,2025-01-03T03:13:00
zcrcigbqzgng.com,1,kraken,2025-01-02T04:43:00
host4443.dcryn.com,0,benign,2025-01-04T02:03:00
withfromnot.net,1,suppobox,2025-01-01T08:26:00
xx1zoa5.biz,1,cryptolocker,2025-01-04T09:07:00
host4427.cvbwd.com,0,benign,2025-01-04T01:47:00
zmz1h1k.ru,1,cryptolocker,2025-01-04T09:49:00
0zshn83jm3lkrbgt08.tk,1,generic,2025-01-03T22:00:00
1dbko2bqejtnx.org,1,generic,2025-01-03T03:34:00
evuy8bj.info,1,cryptolocker,2025-01-03T18:45:00
883eef8.info,1,cryptolocker,2025-01-03T16:11:00
host290.yoekj.com,0,benign,2025-01-01T04:50:00
host1344.iohtj.com,0,benign,2025-01-01T22:24:00
nothavehis.net,1,suppobox,2025-01-02T19:10:00
270tdwmp.org,1,generic,2025-01-04T04:30:00
gfaj41u.biz,1,cryptolocker,2025-01-03T00:28:00
cuwwgdw.net,1,conficker,2025-01-03T05:01:00
host1636.flkpd.com,0,benign,2025-01-02T03:16:00
5vdvgs0m0gpo2s02z9f3.net,1,generic,2025-01-02T08:43:00
mmneoxjx.net,1,conficker,2025-01-02T15:13:00
thihpeedssno.com,1,kraken,2025-01-04T05:36:00
host2506.fjpqj.com,0,benign,2025-01-02T17:46:00
irtqjiq0my2.tk,1,generic,2025-01-01T20:40:00
figstone.org,1,matsnu,2025-01-02T20:51:00
thisnotfor.net,1,suppobox,2025-01-04T07:13:00
ru5l5x4.info,1,cryptolocker,2025-01-02T02:02:00
host4634.jkelj.com,0,benign,2025-01-04T05:14:00
host3229.sbrka.com,0,benign,2025-01-03T05:49:00
s0d2f2y9p910mde5xn.org,1,generic,2025-01-01T03:26:00
ygcafm.net,1,conficker,2025-01-02T11:43:00
host3762.nbgob.com,0,benign,2025-01-03T14:42:00
6yve7ugd5xmb34.info,1,generic,2025-01-01T01:42:00
host1371.aofmt.com,0,benign,2025-01-01T22:51:00
host2994.xjhat.com,0,benign,2025-01-03T01:54:00
stonecherry.org,1,matsnu,2025-01-01T22:28:00
kxesqun.biz,1,cryptolocker,2025-01-02T16:25:00
host2232.mscbc.com,0,benign,2025-01-02T13:12:00
host3463.fkmnw.com,0,benign,2025-01-03T09:43:00
host1508.qnjyo.com,0,benign,2025-01-02T01:08:00
3xz7ebdur7t6rustyi8.info,1,generic,2025-01-01T13:57:00
6clsrftpj0.org,1,generic,2025-01-03T20:42:00
hcysxocwzryy.com,1,kraken,2025-01-02T06:45:00
host3043.vbtcr.com,0,benign,2025-01-03T02:43:00
host673.jzhrr.com,0,benign,2025-01-01T11:13:00
host1939.vrvov.com,0,benign,2025-01-02T08:19:00
drpgtaovigtr.com,1,kraken,2025-01-01T20:01:00
aws.amazon.com,0,benign,2025-01-01T10:44:00
unbpaige.net,1,conficker,2025-01-03T22:30:00
stoneapple.org,1,matsnu,2025-01-03T22:27:00
stonegrape.org,1,matsnu,2025-01-01T22:58:00
host1120.vvyxa.com,0,benign,2025-01-01T18:40:00
daecvvysdhzq.com,1,kraken,2025-01-03T10:23:00
2pmda0t.info,1,cryptolocker,2025-01-03T15:12:00
host3485.sumfj.com,0,benign,2025-01-03T10:05:00
bananaelder.org,1,matsnu,2025-01-04T06:02:00
stonecherry.org,1,matsnu,2025-01-02T07:21:00
cherrytree.org,1,matsnu,2025-01-03T21:48:00
aws.amazon.com,0,benign,2025-01-04T07:05:00
elderrock.org,1,matsnu,2025-01-02T16:22:00
notandfrom.net,1,suppobox,2025-01-02T20:54:00
host3536.eduzk.com,0,benign,2025-01-03T10:56:00
host1695.lgpmn.com,0,benign,2025-01-02T04:15:00
49pbuy5.info,1,cryptolocker,2025-01-01T08:59:00
host1133.uxzkt.com,0,benign,2025-01-01T18:53:00
host2825.txrrq.com,0,benign,2025-01-02T23:05:00
host1583.alkon.com,0,benign,2025-01-02T02:23:00
host4886.uyylk.com,0,benign,2025-01-04T09:26:00
treewater.org,1,matsnu,2025-01-03T05:39:00
theandfor.net,1,suppobox,2025-01-01T23:21:00
xyvrgp.net,1,conficker,2025-01-03T16:08:00
host4487.yojdh.com,0,benign,2025-01-04T02:47:00
host3285.rhges.com,0,benign,2025-01-03T06:45:00
butfromfrom.net,1,suppobox,2025-01-03T12:56:00
wxsax7v.info,1,cryptolocker,2025-01-03T04:07:00
dboz4kllnpw.org,1,generic,2025-01-04T04:49:00
3y74loy.biz,1,cryptolocker,2025-01-01T06:21:00
host3269.fszia.com,0,benign,2025-01-03T06:29:00
host4421.noxsy.com,0,benign,2025-01-04T01:41:00
wwvseolnimgk.com,1,kraken,2025-01-01T14:22:00
firewater.org,1,matsnu,2025-01-03T20:38:00
host556.hwmls.com,0,benign,2025-01-01T09:16:00
gddxppvkcs72rz.info,1,generic,2025-01-01T18:11:00
theybutfrom.net,1,suppobox,2025-01-02T23:21:00
ybihu70.info,1,cryptolocker,2025-01-02T23:27:00
host1957.giwwb.com,0,benign,2025-01-02T08:37:00
host4501.qxrdf.com,0,benign,2025-01-04T03:01:00
host2100.yjfwe.com,0,benign,2025-01-02T11:00:00
figapple.org,1,matsnu,2025-01-02T14:28:00
host999.lktzb.com,0,benign,2025-01-01T16:39:00
apple.co,0,benign,2025-01-03T13:55:00
host3924.zdibx.com,0,benign,2025-01-03T17:24:00
grapewater.org,1,matsnu,2025-01-03T18:56:00
host3523.iigbl.com,0,benign,2025-01-03T10:43:00
yfkgj.net,1,conficker,2025-01-01T03:08:00
host1206.zetdp.com,0,benign,2025-01-01T20:06:00
mqp6jvhmzr.biz,1,generic,2025-01-01T16:10:00
host4621.zvghl.com,0,benign,2025-01-04T05:01:00
host1486.dupyy.com,0,benign,2025-01-02T00:46:00
zggjrf.net,1,conficker,2025-01-02T08:15:00
8khqk25.info,1,cryptolocker,2025-01-04T07:34:00
host2954.ecvlq.com,0,benign,2025-01-03T01:14:00
host4491.swxei.com,0,benign,2025-01-04T02:51:00
yahoo.com,0,benign,2025-01-03T08:30:00
host860.kxcds.com,0,benign,2025-01-01T14:20:00
bananagrape.org,1,matsnu,2025-01-02T04:56:00
azure.com,0,benign,2025-01-03T13:30:00
host1755.dxzgl.com,0,benign,2025-01-02T05:15:00
treegrape.org,1,matsnu,2025-01-03T14:34:00
aws.amazon.com,0,benign,2025-01-02T17:27:00
facebook.com,0,benign,2025-01-03T07:36:00
host3695.kwczr.com,0,benign,2025-01-03T13:35:00
host2188.watuf.com,0,benign,2025-01-02T12:28:00
host2983.vllmu.com,0,benign,2025-01-03T01:43:00
withforthe.net,1,suppobox,2025-01-01T12:21:00
fhl0sayj4.cn,1,generic,2025-01-03T00:44:00
host730.qblyd.com,0,benign,2025-01-01T12:10:00
host3562.mdvkt.com,0,benign,2025-01-03T11:22:00
host1884.xgwff.com,0,benign,2025-01-02T07:24:00
svfumzwdipub.com,1,kraken,2025-01-01T02:19:00
withandhave.net,1,suppobox,2025-01-03T08:35:00
host4792.wtzvd.com,0,benign,2025-01-04T07:52:00
fzvqlqobigl.net,1,generic,2025-01-04T01:23:00
host4915.bkflf.com,0,benign,2025-01-04T09:55:00
ljp8oo2f.cn,1,generic,2025-01-01T17:12:00
pn48fpk.info,1,cryptolocker,2025-01-01T16:14:00
butbutfor.net,1,suppobox,2025-01-03T00:22:00
vasc75suie6c.cn,1,generic,2025-01-01T05:09:00
google.com,0,benign,2025-01-02T10:44:00
d8vcjmh.biz,1,cryptolocker,2025-01-03T12:01:00
cuxpqmqdhlid.com,1,kraken,2025-01-03T16:30:00
ykgxwq.net,1,conficker,2025-01-01T03:44:00
nlgidt.net,1,conficker,2025-01-02T07:34:00
host3493.pnpff.com,0,benign,2025-01-03T10:13:00
r3h8mjz.info,1,cryptolocker,2025-01-04T09:47:00
stonebanana.org,1,matsnu,2025-01-03T18:57:00
host627.jflmn.com,0,benign,2025-01-01T10:27:00
host2942.iikgd.com,0,benign,2025-01-03T01:02:00
host2536.czvst.com,0,benign,2025-01-02T18:16:00
host3997.clbev.com,0,benign,2025-01-03T18:37:00
host4701.nntdx.com,0,benign,2025-01-04T06:21:00
host1875.smfkm.com,0,benign,2025-01-02T07:15:00
figapple.org,1,matsnu,2025-01-02T03:40:00
xga9xwowgmrdjyl4oyt.ru,1,generic,2025-01-04T00:23:00
linkedin.com,0,benign,2025-01-01T02:01:00
host3025.vjuvc.com,0,benign,2025-01-03T02:25:00
host4319.vhjav.com,0,benign,2025-01-03T23:59:00
host2522.uyamk.com,0,benign,2025-01-02T18:02:00
havewithfor.net,1,suppobox,2025-01-04T02:46:00
host2271.ntyfm.com,0,benign,2025-01-02T13:51:00
zdgmvi.net,1,conficker,2025-01-01T00:23:00
haveyoufrom.net,1,suppobox,2025-01-03T16:54:00
host2107.gbjvn.com,0,benign,2025-01-02T11:07:00
host3445.pppyh.com,0,benign,2025-01-03T09:25:00
host3868.gyczz.com,0,benign,2025-01-03T16:28:00
l6t30ho.ru,1,cryptolocker,2025-01-03T08:10:00
microsoft.com,0,benign,2025-01-01T07:03:00
host1123.aaaml.com,0,benign,2025-01-01T18:43:00
wxqbib.net,1,conficker,2025-01-01T15:23:00
host1295.vgila.com,0,benign,2025-01-01T21:35:00
gnio9g2.ru,1,cryptolocker,2025-01-02T08:17:00
host3984.vruep.com,0,benign,2025-01-03T18:24:00
host2284.atscz.com,0,benign,2025-01-02T14:04:00
2timr0q.biz,1,cryptolocker,2025-01-02T16:36:00
elwxvrkdgoyg.com,1,kraken,2025-01-01T06:45:00
hwgyxie.info,1,cryptolocker,2025-01-01T00:12:00
host1455.kwryo.com,0,benign,2025-01-02T00:15:00
553l1g0.biz,1,cryptolocker,2025-01-03T02:11:00
thetheybut.net,1,suppobox,2025-01-01T18:33:00
qv0e7qz.ru,1,cryptolocker,2025-01-01T06:18:00
wolbjkb1s.net,1,generic,2025-01-02T11:13:00
host1657.mhbtr.com,0,benign,2025-01-02T03:37:00
host3279.blcra.com,0,benign,2025-01-03T06:39:00
waterelder.org,1,matsnu,2025-01-02T16:11:00
bananaelder.org,1,matsnu,2025-01-04T09:15:00
d9kctj5.ru,1,cryptolocker,2025-01-01T22:56:00
host3978.eyjyd.com,0,benign,2025-01-03T18:18:00
host2653.lksgo.com,0,benign,2025-01-02T20:13:00
live.com,0,benign,2025-01-03T14:12:00
host47.miymh.com,0,benign,2025-01-01T00:47:00
host4637.llkze.com,0,benign,2025-01-04T05:17:00
host1514.cjtgp.com,0,benign,2025-01-02T01:14:00
ztoavjkohhbj.com,1,kraken,2025-01-01T16:28:00
host719.xbbvt.com,0,benign,2025-01-01T11:59:00
slack.com,0,benign,2025-01-02T11:34:00
airehjbd2.net,1,generic,2025-01-01T06:55:00
host1832.dfgpu.com,0,benign,2025-01-02T06:32:00
host3714.lksom.com,0,benign,2025-01-03T13:54:00
zjqggqxqsilw.com,1,kraken,2025-01-01T03:51:00
bsowvvbg.com,1,generic,2025-01-03T19:34:00
host2541.lztxm.com,0,benign,2025-01-02T18:21:00
host2679.eqsaf.com,0,benign,2025-01-02T20:39:00
wikipedia.org,0,benign,2025-01-03T01:00:00
microsoft.com,0,benign,2025-01-04T05:39:00
host4196.eevyq.com,0,benign,2025-01-03T21:56:00
qn255f7xshqy.net,1,generic,2025-01-01T11:30:00
6ljtfoebaien3kex.net,1,generic,2025-01-04T05:55:00
host3913.oizxq.com,0,benign,2025-01-03T17:13:00
w6jamyr.ru,1,cryptolocker,2025-01-04T07:39:00
mbycpzfi.net,1,conficker,2025-01-04T02:47:00
xwefmfhselfk.com,1,kraken,2025-01-02T19:05:00
host710.osxbb.com,0,benign,2025-01-01T11:50:00
mfepy.net,1,conficker,2025-01-04T10:16:00
theyouthis.net,1,suppobox,2025-01-01T15:57:00
host4453.cxrzw.com,0,benign,2025-01-04T02:13:00
3tpprbn.biz,1,cryptolocker,2025-01-03T06:46:00
zevigsjkvoac.com,1,kraken,2025-01-04T07:50:00
vmocnqbetqsl.com,1,kraken,2025-01-03T05:26:00
host148.ohqcr.com,0,benign,2025-01-01T02:28:00
live.com,0,benign,2025-01-02T13:04:00
dateelder.org,1,matsnu,2025-01-04T06:52:00
host419.rehhy.com,0,benign,2025-01-01T06:59:00
zerkad.net,1,conficker,2025-01-03T12:06:00
nvxshnfhzmnc.com,1,kraken,2025-01-04T04:31:00
4cy00pv5y.cn,1,generic,2025-01-03T23:53:00
forthethe.net,1,suppobox,2025-01-01T10:58:00
wcztlowgnghm.com,1,kraken,2025-01-02T13:43:00
waterapple.org,1,matsnu,2025-01-04T02:41:00
mr45akw.biz,1,cryptolocker,2025-01-01T10:02:00
host4971.hxygy.com,0,benign,2025-01-04T10:51:00
live.com,0,benign,2025-01-03T04:31:00
13f4j26.info,1,cryptolocker,2025-01-02T14:17:00
host3.bzvvo.com,0,benign,2025-01-01T00:03:00
vczdwyq.net,1,conficker,2025-01-01T19:19:00
kzevnedjxmek.com,1,kraken,2025-01-01T04:44:00
irtiko.net,1,conficker,2025-01-03T20:37:00
a3625z49.org,1,generic,2025-01-03T07:05:00
stonewater.org,1,matsnu,2025-01-02T13:57:00
9ykxbjw.info,1,cryptolocker,2025-01-03T12:57:00
host53.emhdm.com,0,benign,2025-01-01T00:53:00
applecherry.org,1,matsnu,2025-01-01T01:48:00
host3990.frbpl.com,0,benign,2025-01-03T18:30:00
cxmrvjllh.org,1,generic,2025-01-01T04:13:00
facebook.com,0,benign,2025-01-01T01:44:00
pcyyowec.net,1,conficker,2025-01-01T11:17:00
4qq9ygl.info,1,cryptolocker,2025-01-04T00:46:00
host1747.qrmer.com,0,benign,2025-01-02T05:07:00
host1139.ljqer.com,0,benign,2025-01-01T18:59:00
0wav77p.ru,1,cryptolocker,2025-01-01T09:24:00
host3631.blpmk.com,0,benign,2025-01-03T12:31:00
host1303.edopv.com,0,benign,2025-01-01T21:43:00
yvlxgea.net,1,conficker,2025-01-03T09:47:00
host4597.zktix.com,0,benign,2025-01-04T04:37:00
wikipedia.org,0,benign,2025-01-01T00:32:00
cloudflare.com,0,benign,2025-01-01T23:17:00
btd6gq0.info,1,cryptolocker,2025-01-03T02:32:00
host2815.vgrrm.com,0,benign,2025-01-02T22:55:00
host2338.eopis.com,0,benign,2025-01-02T14:58:00
host1235.qcbup.com,0,benign,2025-01-01T20:35:00
eldertree.org,1,matsnu,2025-01-01T17:08:00
host3017.olufw.com,0,benign,2025-01-03T02:17:00
oqradjsccvqb.com,1,kraken,2025-01-04T00:48:00
host1522.hlpol.com,0,benign,2025-01-02T01:22:00
aws.amazon.com,0,benign,2025-01-01T03:36:00
lutn2i7.ru,1,cryptolocker,2025-01-03T07:03:00
host2195.dojcm.com,0,benign,2025-01-02T12:35:00
apple.com,0,benign,2025-01-01T17:23:00
host4129.thfpi.com,0,benign,2025-01-03T20:49:00
host3587.vahpc.com,0,benign,2025-01-03T11:47:00
treedate.org,1,matsnu,2025-01-02T21:07:00
netflix.com,0,benign,2025-01-02T16:46:00
host4167.zjkfq.com,0,benign,2025-01-03T21:27:00
host1290.yztaz.com,0,benign,2025-01-01T21:30:00
host812.oqhsf.com,0,benign,2025-01-01T13:32:00
apple.co,0,benign,2025-01-03T01:21:00
excot.net,1,conficker,2025-01-02T03:08:00
host955.izqzk.com,0,benign,2025-01-01T15:55:00
host2908.pozoz.com,0,benign,2025-01-03T00:28:00
host1482.aunro.com,0,benign,2025-01-02T00:42:00
host3281.dcqkd.com,0,benign,2025-01-03T06:41:00
bdd016j.biz,1,cryptolocker,2025-01-01T08:35:00
host3368.rbgof.com,0,benign,2025-01-03T08:08:00
host3161.xwmsn.com,0,benign,2025-01-03T04:41:00
rdlnxdsfjtb08l1uvoy.biz,1,generic,2025-01-02T03:07:00
host2507.asrrv.com,0,benign,2025-01-02T17:47:00
yahoo.com,0,benign,2025-01-01T18:54:00
yxsgoqljqgcv.com,1,kraken,2025-01-03T12:21:00
2zg7396ifwsfq.com,1,generic,2025-01-02T09:55:00
aws.amazon.com,0,benign,2025-01-02T11:47:00
host2334.scnyy.com,0,benign,2025-01-02T14:54:00
cherrytree.org,1,matsnu,2025-01-01T14:20:00
host3099.lseyd.com,0,benign,2025-01-03T03:39:00
dphmhzpt.net,1,conficker,2025-01-01T16:20:00
rockfire.org,1,matsnu,2025-01-03T15:16:00
host2185.cdfxj.com,0,benign,2025-01-02T12:25:00
qw8im0gd0dixy2n0puz.org,1,generic,2025-01-02T15:35:00
host1615.bssii.com,0,benign,2025-01-02T02:55:00
office.com,0,benign,2025-01-03T05:38:00
butwithbut.net,1,suppobox,2025-01-03T13:47:00
bedrpykmynyx.com,1,kraken,2025-01-02T23:58:00
hzqmye.net,1,conficker,2025-01-02T09:53:00
host142.zqlzq.com,0,benign,2025-01-01T02:22:00
host2870.obevh.com,0,benign,2025-01-02T23:50:00
host2452.mdbxx.com,0,benign,2025-01-02T16:52:00
dcynzl.net,1,conficker,2025-01-03T10:08:00
gvjx8qlwo9ft5wesq.biz,1,generic,2025-01-01T07:41:00
nlvstdvi.net,1,conficker,2025-01-03T06:47:00
host2790.zrrxi.com,0,benign,2025-01-02T22:30:00
applewater.org,1,matsnu,2025-01-03T04:15:00
kewtk.net,1,conficker,2025-01-01T11:37:00
kkqvtjladjbn.com,1,kraken,2025-01-02T06:54:00
host2703.hxsvx.com,0,benign,2025-01-02T21:03:00
host3300.jkjjj.com,0,benign,2025-01-03T07:00:00
gpjd3wc1niiit4fe.biz,1,generic,2025-01-01T10:57:00
xtclfzqesajj.com,1,kraken,2025-01-03T23:02:00
cherryapple.org,1,matsnu,2025-01-03T17:21:00
rogyldof.net,1,conficker,2025-01-02T21:00:00
host1464.xpscw.com,0,benign,2025-01-02T00:24:00
host3325.ibsql.com,0,benign,2025-01-03T07:25:00
host2996.lvxjg.com,0,benign,2025-01-03T01:56:00
host876.mwmcp.com,0,benign,2025-01-01T14:36:00
treewater.org,1,matsnu,2025-01-04T05:53:00
host2530.ceenj.com,0,benign,2025-01-02T18:10:00
ppc0ll1j6f.org,1,generic,2025-01-03T03:12:00
havewithand.net,1,suppobox,2025-01-02T04:07:00
host4153.aqkpw.com,0,benign,2025-01-03T21:13:00
host3373.lrjhh.com,0,benign,2025-01-03T08:13:00
host4949.bjekv.com,0,benign,2025-01-04T10:29:00
host1395.hmoda.com,0,benign,2025-01-01T23:15:00
host1895.qdevg.com,0,benign,2025-01-02T07:35:00
cmxhoqn.net,1,conficker,2025-01-04T03:16:00
host3364.sfmlq.com,0,benign,2025-01-03T08:04:00
elderrock.org,1,matsnu,2025-01-02T19:42:00
host2193.ppfyv.com,0,benign,2025-01-02T12:33:00
164swo3.biz,1,cryptolocker,2025-01-03T21:55:00
6y0cv7i.ru,1,cryptolocker,2025-01-03T08:53:00
host4315.dvgna.com,0,benign,2025-01-03T23:55:00
zcfhrzapytpe.com,1,kraken,2025-01-04T09:35:00
isx3xp0.biz,1,cryptolocker,2025-01-04T05:51:00
kvtzxw.net,1,conficker,2025-01-03T20:10:00
host289.mzths.com,0,benign,2025-01-01T04:49:00
thehavebut.net,1,suppobox,2025-01-01T02:55:00
dateelder.org,1,matsnu,2025-01-03T08:40:00
butthisthe.net,1,suppobox,2025-01-03T01:14:00
bing.com,0,benign,2025-01-02T10:46:00
youthebut.net,1,suppobox,2025-01-04T02:35:00
withnotthey.net,1,suppobox,2025-01-02T14:58:00
amazon.com,0,benign,2025-01-03T21:58:00
mhsyvqwp.net,1,conficker,2025-01-02T11:07:00
cc5uiiz.biz,1,cryptolocker,2025-01-04T10:42:00
thisnotthey.net,1,suppobox,2025-01-02T13:45:00
host3500.kpftx.com,0,benign,2025-01-03T10:20:00
opkoch9.biz,1,cryptolocker,2025-01-02T19:07:00
host1719.mtybl.com,0,benign,2025-01-02T04:39:00
fromthishave.net,1,suppobox,2025-01-03T02:26:00
qrvdikncbjci.com,1,kraken,2025-01-02T22:43:00
host369.fmtjp.com,0,benign,2025-01-01T06:09:00
host659.zsbry.com,0,benign,2025-01-01T10:59:00
github.com,0,benign,2025-01-04T03:45:00
figfig.org,1,matsnu,2025-01-01T08:41:00
host2894.kqjoj.com,0,benign,2025-01-03T00:14:00
host1516.hukfu.com,0,benign,2025-01-02T01:16:00
fireapple.org,1,matsnu,2025-01-01T18:26:00
pghqgdtxbwmp.com,1,kraken,2025-01-02T16:21:00
slack.com,0,benign,2025-01-01T07:55:00
host1059.osdtt.com,0,benign,2025-01-01T17:39:00
elderelder.org,1,matsnu,2025-01-01T13:20:00
host1828.owpyk.com,0,benign,2025-01-02T06:28:00
grapefire.org,1,matsnu,2025-01-02T13:56:00
dhvao5ca4oie.com,1,generic,2025-01-02T21:54:00
slack.com,0,benign,2025-01-01T21:34:00
grapebanana.org,1,matsnu,2025-01-04T02:58:00
slack.com,0,benign,2025-01-04T00:51:00
host2944.jqvqv.com,0,benign,2025-01-03T01:04:00
xzsqgulwnlks.com,1,kraken,2025-01-01T07:40:00
host2911.lkvna.com,0,benign,2025-01-03T00:31:00
gvuqvossbhgy.com,1,kraken,2025-01-03T10:17:00
09i4znjumyj4he8zzc.info,1,generic,2025-01-01T10:41:00
rockfig.org,1,matsnu,2025-01-04T09:09:00
host4513.mbiet.com,0,benign,2025-01-04T03:13:00
6xagfnjmf90kbnzx.ru,1,generic,2025-01-04T10:26:00
forthethe.net,1,suppobox,2025-01-04T04:36:00
host175.bxctl.com,0,benign,2025-01-01T02:55:00
host1207.ymrgn.com,0,benign,2025-01-01T20:07:00
hfcqdagp.net,1,conficker,2025-01-02T07:30:00
dqpjuek.net,1,conficker,2025-01-02T04:03:00
youforfor.net,1,suppobox,2025-01-01T00:35:00
live.com,0,benign,2025-01-01T16:46:00
vsmuzkoiatvi.com,1,kraken,2025-01-02T05:19:00
fromforbut.net,1,suppobox,2025-01-03T05:30:00
zwozhkpb2nmvyd.biz,1,generic,2025-01-02T05:25:00
host4563.trlgw.com,0,benign,2025-01-04T04:03:00
host1229.siszw.com,0,benign,2025-01-01T20:29:00
host1128.qfjdv.com,0,benign,2025-01-01T18:48:00
uctvfspefkns.com,1,kraken,2025-01-02T03:46:00
yahoo.com,0,benign,2025-01-03T23:28:00
fhsha.net,1,conficker,2025-01-02T04:30:00
office.com,0,benign,2025-01-01T05:45:00
host4867.krudd.com,0,benign,2025-01-04T09:07:00
dkaxtj.net,1,conficker,2025-01-02T20:29:00
host4180.jmknw.com,0,benign,2025-01-03T21:40:00
ioolbtf.net,1,conficker,2025-01-04T00:51:00
host1275.vtokv.com,0,benign,2025-01-01T21:15:00
vlmz1bm.ru,1,cryptolocker,2025-01-03T10:14:00
host2299.iaaqb.com,0,benign,2025-01-02T14:19:00
g608yitw0chqkb.cn,1,generic,2025-01-03T13:15:00
host1984.zarqh.com,0,benign,2025-01-02T09:04:00
host4726.uujyh.com,0,benign,2025-01-04T06:46:00
host1253.vdqqu.com,0,benign,2025-01-01T20:53:00
2gwa0ydrffb9ga0.ru,1,generic,2025-01-03T03:00:00
host1091.fzqfa.com,0,benign,2025-01-01T18:11:00
uz1uoup2p74n.biz,1,generic,2025-01-03T23:00:00
host3744.zxfid.com,0,benign,2025-01-03T14:24:00
appletree.org,1,matsnu,2025-01-03T12:11:00
0oqxt1acmlipvp8mcs.net,1,generic,2025-01-02T13:31:00
host1036.bmvln.com,0,benign,2025-01-01T17:16:00
xlht2bj1qdcru.biz,1,generic,2025-01-04T05:10:00
theytheyand.net,1,suppobox,2025-01-04T04:24:00
host4622.fgjdx.com,0,benign,2025-01-04T05:02:00
esilxwxd.net,1,conficker,2025-01-03T13:46:00
host2708.aoxhg.com,0,benign,2025-01-02T21:08:00
host2621.znyyk.com,0,benign,2025-01-02T19:41:00
thisforfrom.net,1,suppobox,2025-01-02T06:33:00
host2127.ikdvk.com,0,benign,2025-01-02T11:27:00
aws.amazon.com,0,benign,2025-01-04T05:16:00
tgqabmyzvqrz.com,1,kraken,2025-01-01T22:46:00
vyvawe3.biz,1,cryptolocker,2025-01-02T03:27:00
cloudflare.com,0,benign,2025-01-02T12:49:00
figelder.org,1,matsnu,2025-01-01T18:37:00
65f5jzb.biz,1,cryptolocker,2025-01-03T12:22:00
bing.com,0,benign,2025-01-01T15:59:00
host825.glngh.com,0,benign,2025-01-01T13:45:00
jcljfh1.biz,1,cryptolocker,2025-01-01T04:29:00
host4033.wmywm.com,0,benign,2025-01-03T19:13:00
qcs39dgrdcet.net,1,generic,2025-01-03T15:37:00
figcherry.org,1,matsnu,2025-01-02T16:18:00
slack.com,0,benign,2025-01-04T10:33:00
w9qjz1jw6ijoy.com,1,generic,2025-01-02T20:53:00
host4700.rgore.com,0,benign,2025-01-04T06:20:00
amazon.com,0,benign,2025-01-03T19:12:00
d4s9ulf.ru,1,cryptolocker,2025-01-01T15:32:00
cherrystone.org,1,matsnu,2025-01-04T06:06:00
host3692.sqqgx.com,0,benign,2025-01-03T13:32:00
host4208.jjgcp.com,0,benign,2025-01-03T22:08:00
youandwith.net,1,suppobox,2025-01-01T10:06:00
host3514.tbmpd.com,0,benign,2025-01-03T10:34:00
host2484.mhmhk.com,0,benign,2025-01-02T17:24:00
host3891.cfbun.com,0,benign,2025-01-03T16:51:00
host276.eovvh.com,0,benign,2025-01-01T04:36:00
netflix.com,0,benign,2025-01-04T09:29:00
host3391.xmwia.com,0,benign,2025-01-03T08:31:00
appleapple.org,1,matsnu,2025-01-02T05:27:00
eaydrh.net,1,conficker,2025-01-02T15:26:00
host1048.sdkzp.com,0,benign,2025-01-01T17:28:00
host1655.agqcp.com,0,benign,2025-01-02T03:35:00
host851.rvuuq.com,0,benign,2025-01-01T14:11:00
host11.ksjzw.com,0,benign,2025-01-01T00:11:00
host65.szbba.com,0,benign,2025-01-01T01:05:00
ynrdhpghssso.com,1,kraken,2025-01-01T16:18:00
rockdate.org,1,matsnu,2025-01-01T03:27:00
host1679.natns.com,0,benign,2025-01-02T03:59:00
aws.amazon.com,0,benign,2025-01-03T01:47:00
dvvfqwplkqwn.com,1,kraken,2025-01-02T03:02:00
8do9by5efc.tk,1,generic,2025-01-03T20:16:00
theyyouwith.net,1,suppobox,2025-01-02T18:43:00
host3389.vzoft.com,0,benign,2025-01-03T08:29:00
host3608.tjwcs.com,0,benign,2025-01-03T12:08:00
apple.com,0,benign,2025-01-02T14:46:00
800mn8d.ru,1,cryptolocker,2025-01-03T01:10:00
datewater.org,1,matsnu,2025-01-03T14:54:00
hkdxlfhdkyuo.com,1,kraken,2025-01-03T20:46:00
host623.oidqp.com,0,benign,2025-01-01T10:23:00
host604.pmzsb.com,0,benign,2025-01-01T10:04:00
gi856rs.biz,1,cryptolocker,2025-01-04T09:33:00
apple.com,0,benign,2025-01-02T11:21:00
host3282.acnmh.com,0,benign,2025-01-03T06:42:00
quaosixe.net,1,conficker,2025-01-01T10:45:00
avtpbejuvlse.com,1,kraken,2025-01-03T05:04:00
rockdate.org,1,matsnu,2025-01-02T04:14:00
host3558.tlqdd.com,0,benign,2025-01-03T11:18:00
host2817.xsdja.com,0,benign,2025-01-02T22:57:00
urmyo.net,1,conficker,2025-01-02T22:54:00
host3650.bovrx.com,0,benign,2025-01-03T12:50:00
mkpjjh2.biz,1,cryptolocker,2025-01-03T16:29:00
host1349.bdxgf.com,0,benign,2025-01-01T22:29:00
anltrdteyicb.com,1,kraken,2025-01-03T00:08:00
aws.amazon.com,0,benign,2025-01-02T06:31:00
host131.wfgfd.com,0,benign,2025-01-01T02:11:00
host4571.lbgkq.com,0,benign,2025-01-04T04:11:00
host2240.dmbxq.com,0,benign,2025-01-02T13:20:00
wtqvtgmn.net,1,conficker,2025-01-02T21:45:00
shjnlgvytjsv.com,1,kraken,2025-01-01T22:14:00
host295.zemkk.com,0,benign,2025-01-01T04:55:00
eseycvn.net,1,conficker,2025-01-02T12:58:00
flko8z6r5gxp.biz,1,generic,2025-01-02T06:22:00
host281.jcohj.com,0,benign,2025-01-01T04:41:00
host79.erhex.com,0,benign,2025-01-01T01:19:00
treeelder.org,1,matsnu,2025-01-04T03:01:00
host2505.odzdm.com,0,benign,2025-01-02T17:45:00
vbiu775.biz,1,cryptolocker,2025-01-03T01:39:00
bxsbagd.net,1,conficker,2025-01-01T12:15:00
eo0fo5o16li4vxndd4qk.cn,1,generic,2025-01-01T09:36:00
ssguba.net,1,conficker,2025-01-03T11:13:00
host2561.rpwag.com,0,benign,2025-01-02T18:41:00
host4310.tmokm.com,0,benign,2025-01-03T23:50:00
host2651.ryczc.com,0,benign,2025-01-02T20:11:00
host1865.gixfi.com,0,benign,2025-01-02T07:05:00
vmpfbgvi.net,1,conficker,2025-01-01T06:26:00
thehisthey.net,1,suppobox,2025-01-04T07:59:00
xoqxummivpqf.com,1,kraken,2025-01-03T16:46:00
host555.dvfsy.com,0,benign,2025-01-01T09:15:00
hisbutthe.net,1,suppobox,2025-01-04T01:47:00
live.com,0,benign,2025-01-03T18:19:00
applewater.org,1,matsnu,2025-01-03T05:32:00
treerock.org,1,matsnu,2025-01-03T22:39:00
gyxwgfrdbqeu.com,1,kraken,2025-01-03T06:53:00
host387.gabau.com,0,benign,2025-01-01T06:27:00
appledate.org,1,matsnu,2025-01-04T10:56:00
host3339.rppim.com,0,benign,2025-01-03T07:39:00
host2190.tjoec.com,0,benign,2025-01-02T12:30:00
yaqowzp.biz,1,cryptolocker,2025-01-03T21:42:00
host4941.rrxyq.com,0,benign,2025-01-04T10:21:00
ofrzhflu.net,1,conficker,2025-01-01T06:32:00
host1219.egbia.com,0,benign,2025-01-01T20:19:00
host2813.ryvik.com,0,benign,2025-01-02T22:53:00
host4832.ftbrx.com,0,benign,2025-01-04T08:32:00
host537.splkd.com,0,benign,2025-01-01T08:57:00
alonfgebmgla.com,1,kraken,2025-01-01T14:03:00
fbrzussu.net,1,conficker,2025-01-02T04:59:00
host3158.kfzlo.com,0,benign,2025-01-03T04:38:00
theyandfrom.net,1,suppobox,2025-01-02T13:46:00
office.com,0,benign,2025-01-02T17:43:00
tuqa7dwj7xt3xmnoiyv.com,1,generic,2025-01-03T21:04:00
epetqe.net,1,conficker,2025-01-02T21:30:00
host2378.qubax.com,0,benign,2025-01-02T15:38:00
host616.yxpxq.com,0,benign,2025-01-01T10:16:00
host1150.qzhjt.com,0,benign,2025-01-01T19:10:00
office.com,0,benign,2025-01-02T10:33:00
4ceqf21.biz,1,cryptolocker,2025-01-02T22:32:00
cherrystone.org,1,matsnu,2025-01-04T08:33:00
yfbqbutwilrj.com,1,kraken,2025-01-02T23:03:00
netflix.com,0,benign,2025-01-01T06:03:00
host931.uvczd.com,0,benign,2025-01-01T15:31:00
forhiswith.net,1,suppobox,2025-01-03T18:34:00
mtgtej4r4alju42t42aa.cn,1,generic,2025-01-01T12:06:00
host57.mhjss.com,0,benign,2025-01-01T00:57:00
thathavethe.net,1,suppobox,2025-01-04T07:38:00
lkhqn.net,1,conficker,2025-01-01T17:25:00
host4910.lfdaa.com,0,benign,2025-01-04T09:50:00
treeapple.org,1,matsnu,2025-01-03T12:58:00
hioqsmzrlnzo.com,1,kraken,2025-01-02T15:21:00
slack.com,0,benign,2025-01-01T17:46:00
host302.nauvt.com,0,benign,2025-01-01T05:02:00
3msuvz1.ru,1,cryptolocker,2025-01-03T17:39:00
google.com,0,benign,2025-01-03T02:16:00
erxtg.net,1,conficker,2025-01-04T04:10:00
z1dyrerubskhkryl.com,1,generic,2025-01-03T14:23:00
host2267.sdwho.com,0,benign,2025-01-02T13:47:00
lyyjcheyuuoe.com,1,kraken,2025-01-03T17:14:00
host839.ofvgj.com,0,benign,2025-01-01T13:59:00
host4130.xylmn.com,0,benign,2025-01-03T20:50:00
gpngokfqwfgy.com,1,kraken,2025-01-04T02:12:00
host3369.gpdpi.com,0,benign,2025-01-03T08:09:00
5hvo1vp.biz,1,cryptolocker,2025-01-03T01:27:00
ikfsnk.net,1,conficker,2025-01-03T07:01:00
host4448.euixp.com,0,benign,2025-01-04T02:08:00
host991.lbrjg.com,0,benign,2025-01-01T16:31:00
host375.uadcx.com,0,benign,2025-01-01T06:15:00
host1746.pxpqh.com,0,benign,2025-01-02T05:06:00
applerock.org,1,matsnu,2025-01-04T09:08:00
host3706.gbexf.com,0,benign,2025-01-03T13:46:00
amazon.com,0,benign,2025-01-04T06:29:00
dategrape.org,1,matsnu,2025-01-01T22:19:00
host3128.mchie.com,0,benign,2025-01-03T04:08:00
gs4qkkdriicipcue2wyl.info,1,generic,2025-01-01T07:43:00
notthisbut.net,1,suppobox,2025-01-01T15:40:00
k9z4s6ij3v.tk,1,generic,2025-01-03T01:42:00
vh98d6mucdsqoc6rt.org,1,generic,2025-01-02T20:08:00
qdsvgzrrqjqlw3pf.com,1,generic,2025-01-01T10:10:00
3wq1uyz.info,1,cryptolocker,2025-01-04T00:59:00
rsyfxb.net,1,conficker,2025-01-03T13:24:00
andthatfrom.net,1,suppobox,2025-01-02T23:32:00
host25.ckova.com,0,benign,2025-01-01T00:25:00
rockcherry.org,1,matsnu,2025-01-01T14:15:00
host894.bcjom.com,0,benign,2025-01-01T14:54:00
host3187.gnphi.com,0,benign,2025-01-03T05:07:00
host1864.ndstz.com,0,benign,2025-01-02T07:04:00
salesforce.com,0,benign,2025-01-03T01:15:00
host1816.qoell.com,0,benign,2025-01-02T06:16:00
yjfwjvbq.net,1,conficker,2025-01-02T14:02:00
host2212.odsmz.com,0,benign,2025-01-02T12:52:00
6yzqybv.info,1,cryptolocker,2025-01-03T11:40:00
u0t04vy.info,1,cryptolocker,2025-01-01T02:54:00
host1502.ouico.com,0,benign,2025-01-02T01:02:00
cunvjjquadwl.com,1,kraken,2025-01-01T23:41:00
host3799.ubtet.com,0,benign,2025-01-03T15:19:00
aiirzdgixglw.com,1,kraken,2025-01-02T00:40:00
host4695.puyur.com,0,benign,2025-01-04T06:15:00
hxdmfmsbkfal.com,1,kraken,2025-01-02T21:36:00
gsmqtqlibjjc.com,1,kraken,2025-01-04T05:42:00
host4191.tnqhw.com,0,benign,2025-01-03T21:51:00
vd7o7nft66.cn,1,generic,2025-01-02T20:38:00
mbzrmam.net,1,conficker,2025-01-04T09:55:00
host4528.epcxg.com,0,benign,2025-01-04T03:28:00
26qzj198vmsugv.tk,1,generic,2025-01-02T17:59:00
host4802.wddcf.com,0,benign,2025-01-04T08:02:00
hiswithand.net,1,suppobox,2025-01-03T15:40:00
host1517.ldhez.com,0,benign,2025-01-02T01:17:00
treedate.org,1,matsnu,2025-01-03T03:39:00
host2830.ocdpn.com,0,benign,2025-01-02T23:10:00
younothis.net,1,suppobox,2025-01-04T09:45:00
go11scu0aan7uac.biz,1,generic,2025-01-02T03:30:00
host1263.pnnvn.com,0,benign,2025-01-01T21:03:00
stonefire.org,1,matsnu,2025-01-03T04:01:00
thisfromhis.net,1,suppobox,2025-01-04T05:39:00
sfegmdcffoji.com,1,kraken,2025-01-01T23:40:00
grapeapple.org,1,matsnu,2025-01-04T10:36:00
host3540.yeqkg.com,0,benign,2025-01-03T11:00:00
host4688.pdypu.com,0,benign,2025-01-04T06:08:00
qrxsvh.net,1,conficker,2025-01-03T23:29:00
host4413.hsmel.com,0,benign,2025-01-04T01:33:00
39sadnm.info,1,cryptolocker,2025-01-01T10:46:00
withnotand.net,1,suppobox,2025-01-02T12:28:00
ohwad.net,1,conficker,2025-01-03T17:42:00
yahoo.com,0,benign,2025-01-02T19:00:00
yahoo.com,0,benign,2025-01-03T11:03:00
host520.nkcaa.com,0,benign,2025-01-01T08:40:00
host3971.kigmr.com,0,benign,2025-01-03T18:11:00
o9wsj08.biz,1,cryptolocker,2025-01-02T18:35:00
cherryapple.org,1,matsnu,2025-01-03T20:32:00
figrock.org,1,matsnu,2025-01-03T09:10:00
withthisfrom.net,1,suppobox,2025-01-01T12:39:00
kpbbserbyjhi.com,1,kraken,2025-01-04T04:17:00
host4141.lbhta.com,0,benign,2025-01-03T21:01:00
host4753.sajrd.com,0,benign,2025-01-04T07:13:00
host3628.obaxa.com,0,benign,2025-01-03T12:28:00
u3c725w.info,1,cryptolocker,2025-01-01T18:29:00
wsrftf.net,1,conficker,2025-01-03T21:22:00
host4262.jtegi.com,0,benign,2025-01-03T23:02:00
bc77dtn.ru,1,cryptolocker,2025-01-01T22:43:00
host2235.ltopj.com,0,benign,2025-01-02T13:15:00
host2796.lisag.com,0,benign,2025-01-02T22:36:00
yahoo.com,0,benign,2025-01-04T08:39:00
yg1virh.info,1,cryptolocker,2025-01-03T00:05:00
host3074.pdpqb.com,0,benign,2025-01-03T03:14:00
qme7wepea.ru,1,generic,2025-01-02T12:06:00
grapeelder.org,1,matsnu,2025-01-01T13:38:00
9togesyytr.org,1,generic,2025-01-04T10:21:00
zoom.us,0,benign,2025-01-01T16:18:00
amazon.com,0,benign,2025-01-04T08:25:00
mprdozmh.net,1,conficker,2025-01-02T20:28:00
uwopbzpnxqgv.com,1,kraken,2025-01-01T21:46:00
host1129.quonw.com,0,benign,2025-01-01T18:49:00
qobbgs7.ru,1,cryptolocker,2025-01-02T20:19:00
fnpgekwmskuu.com,1,kraken,2025-01-02T05:54:00
netflix.com,0,benign,2025-01-04T03:10:00
isbtkox.net,1,conficker,2025-01-02T15:22:00
host2055.qloge.com,0,benign,2025-01-02T10:15:00
host2277.rzgtd.com,0,benign,2025-01-02T13:57:00
graperock.org,1,matsnu,2025-01-03T09:23:00
elderstone.org,1,matsnu,2025-01-02T05:15:00
cloudflare.com,0,benign,2025-01-02T13:09:00
andhisfrom.net,1,suppobox,2025-01-02T16:19:00
host1462.ltknl.com,0,benign,2025-01-02T00:22:00
host186.lcobl.com,0,benign,2025-01-01T03:06:00
figstone.org,1,matsnu,2025-01-04T00:14:00
host467.cyfih.com,0,benign,2025-01-01T07:47:00
stonefig.org,1,matsnu,2025-01-02T18:56:00
p2yiinx2l.info,1,generic,2025-01-02T14:51:00
host4696.nwmrm.com,0,benign,2025-01-04T06:16:00
bananarock.org,1,matsnu,2025-01-02T17:09:00
host2659.plicc.com,0,benign,2025-01-02T20:19:00
vae8cplzscylqn9.biz,1,generic,2025-01-03T09:39:00
h677nww.info,1,cryptolocker,2025-01-02T00:43:00
feurusfirldc.com,1,kraken,2025-01-02T22:51:00
host4747.msrtr.com,0,benign,2025-01-04T07:07:00
nlatgnhjeubi.com,1,kraken,2025-01-03T04:52:00
btvzlzy.net,1,conficker,2025-01-03T17:10:00
host799.ohjmh.com,0,benign,2025-01-01T13:19:00
host1634.pkrqy.com,0,benign,2025-01-02T03:14:00
ijyhctwmdjvj.com,1,kraken,2025-01-04T08:17:00
3k177v3.ru,1,cryptolocker,2025-01-01T03:12:00
haveyouthe.net,1,suppobox,2025-01-02T16:29:00
lwl4xe5l8.tk,1,generic,2025-01-03T00:49:00
ymvyai.net,1,conficker,2025-01-02T13:54:00
host1658.qzscq.com,0,benign,2025-01-02T03:38:00
host4635.piijs.com,0,benign,2025-01-04T05:15:00
yfiyf.net,1,conficker,2025-01-02T06:56:00
host4822.mpoti.com,0,benign,2025-01-04T08:22:00
d6gclii.ru,1,cryptolocker,2025-01-04T07:14:00
host3398.uiqkw.com,0,benign,2025-01-03T08:38:00
havefrombut.net,1,suppobox,2025-01-03T14:09:00
facebook.com,0,benign,2025-01-01T09:14:00
xdfath4.ru,1,cryptolocker,2025-01-04T08:20:00
host848.gpium.com,0,benign,2025-01-01T14:08:00
t5ue9qtr2t7bo2xcplb.tk,1,generic,2025-01-02T04:38:00
withthethat.net,1,suppobox,2025-01-01T02:33:00
grapefire.org,1,matsnu,2025-01-01T15:00:00
recmo0hv3ctqcn81s.org,1,generic,2025-01-01T21:42:00
asm41kk.ru,1,cryptolocker,2025-01-02T01:49:00
host2089.qelzl.com,0,benign,2025-01-02T10:49:00
n220eo6.ru,1,cryptolocker,2025-01-02T22:47:00
stoneapple.org,1,matsnu,2025-01-01T13:46:00
aws.amazon.com,0,benign,2025-01-02T17:15:00
withandthey.net,1,suppobox,2025-01-02T02:09:00
aws.amazon.com,0,benign,2025-01-03T04:51:00
host2457.qhogv.com,0,benign,2025-01-02T16:57:00
apple.com,0,benign,2025-01-01T20:11:00
aws.amazon.com,0,benign,2025-01-02T06:30:00
f2k201t20rcggjyemgt.info,1,generic,2025-01-03T01:33:00
host4382.hkrcp.com,0,benign,2025-01-04T01:02:00
host2791.fpnpa.com,0,benign,2025-01-02T22:31:00
bxfjulixzpqv.com,1,kraken,2025-01-01T01:41:00
watergrape.org,1,matsnu,2025-01-03T14:31:00
host362.rzlyp.com,0,benign,2025-01-01T06:02:00
host4678.fzcex.com,0,benign,2025-01-04T05:58:00
bananadate.org,1,matsnu,2025-01-03T11:15:00
host971.qiqsd.com,0,benign,2025-01-01T16:11:00
thishaveand.net,1,suppobox,2025-01-04T07:00:00
host1937.zbomd.com,0,benign,2025-01-02T08:17:00
host3960.xiymq.com,0,benign,2025-01-03T18:00:00
host168.rywqz.com,0,benign,2025-01-01T02:48:00
hisfromfrom.net,1,suppobox,2025-01-02T07:31:00
firestone.org,1,matsnu,2025-01-01T10:31:00
host4054.udoud.com,0,benign,2025-01-03T19:34:00
salesforce.com,0,benign,2025-01-04T11:13:00
host2172.agxmy.com,0,benign,2025-01-02T12:12:00
rockelder.org,1,matsnu,2025-01-03T18:42:00
host1721.vsrgr.com,0,benign,2025-01-02T04:41:00
zoom.us,0,benign,2025-01-03T12:48:00
bayj05cbw9t.ru,1,generic,2025-01-03T05:29:00
host2032.siozp.com,0,benign,2025-01-02T09:52:00
host3656.cenhc.com,0,benign,2025-01-03T12:56:00
nhwjprojqvum.com,1,kraken,2025-01-01T12:13:00
fzmlx.net,1,conficker,2025-01-04T03:04:00
host3556.yzlxx.com,0,benign,2025-01-03T11:16:00
nottheyfor.net,1,suppobox,2025-01-04T08:23:00
kltcuozscgzs.com,1,kraken,2025-01-01T09:20:00
pzfltg.net,1,conficker,2025-01-04T01:00:00
notfrombut.net,1,suppobox,2025-01-03T05:16:00
getbgwnkexwd.com,1,kraken,2025-01-02T09:51:00
butnotthe.net,1,suppobox,2025-01-04T02:17:00
host3111.leikq.com,0,benign,2025-01-03T03:51:00
thatandnot.net,1,suppobox,2025-01-01T07:23:00
frnyr.net,1,conficker,2025-01-02T00:34:00
host4526.opxih.com,0,benign,2025-01-04T03:26:00
ryjbeeweqojl.com,1,kraken,2025-01-01T04:54:00
host394.nougr.com,0,benign,2025-01-01T06:34:00
youyouand.net,1,suppobox,2025-01-01T10:17:00
gllqxs.net,1,conficker,2025-01-04T10:53:00
host1906.lgmwn.com,0,benign,2025-01-02T07:46:00
host1069.nlryv.com,0,benign,2025-01-01T17:49:00
qa2d3o1.info,1,cryptolocker,2025-01-03T11:03:00
host4820.xgulf.com,0,benign,2025-01-04T08:20:00
qpowb.net,1,conficker,2025-01-03T15:43:00
host3262.fqooh.com,0,benign,2025-01-03T06:22:00
cfizdmut.net,1,conficker,2025-01-04T05:37:00
host2608.ciots.com,0,benign,2025-01-02T19:28:00
p205b0n.info,1,cryptolocker,2025-01-01T22:18:00
withhaveand.net,1,suppobox,2025-01-03T21:02:00
host1410.svnhr.com,0,benign,2025-01-01T23:30:00
c2n692h.info,1,cryptolocker,2025-01-03T21:25:00
havethethe.net,1,suppobox,2025-01-02T12:25:00
host3348.tsceb.com,0,benign,2025-01-03T07:48:00
host3223.upfnl.com,0,benign,2025-01-03T05:43:00
5lk7x34fanwlfpy.net,1,generic,2025-01-03T16:40:00
host3733.vulkc.com,0,benign,2025-01-03T14:13:00
nt7l0bw28yontkr6rp0m.tk,1,generic,2025-01-01T00:00:00
leilkhdmvgwl.com,1,kraken,2025-01-01T14:54:00
host1095.imhjr.com,0,benign,2025-01-01T18:15:00
tdeej2k.info,1,cryptolocker,2025-01-01T08:56:00
3427n162bv20vn7ey.info,1,generic,2025-01-03T19:59:00
host2051.aufnc.com,0,benign,2025-01-02T10:11:00
host1765.qohfw.com,0,benign,2025-01-02T05:25:00
host1561.nvzok.com,0,benign,2025-01-02T02:01:00
host4429.oujie.com,0,benign,2025-01-04T01:49:00
host2981.pjntb.com,0,benign,2025-01-03T01:41:00
youwiththey.net,1,suppobox,2025-01-01T00:14:00
host2951.esegp.com,0,benign,2025-01-03T01:11:00
havethishave.net,1,suppobox,2025-01-02T19:40:00
elldoo5v8hlpygoac7.biz,1,generic,2025-01-02T07:54:00
microsoft.com,0,benign,2025-01-04T09:35:00
host269.rdapi.com,0,benign,2025-01-01T04:29:00
host2641.nqrxd.com,0,benign,2025-01-02T20:01:00
iouifzyqjocm.com,1,kraken,2025-01-04T04:12:00
slack.com,0,benign,2025-01-01T05:47:00
facebook.com,0,benign,2025-01-01T16:10:00
amazon.com,0,benign,2025-01-02T17:02:00
81wbr7m7mb17p492u.ru,1,generic,2025-01-03T06:16:00
host1.fjapb.com,0,benign,2025-01-01T00:01:00
host4386.nvqku.com,0,benign,2025-01-04T01:06:00
host4799.jnhyn.com,0,benign,2025-01-04T07:59:00
hm9lff3.info,1,cryptolocker,2025-01-02T14:07:00
host2253.fvdvf.com,0,benign,2025-01-02T13:33:00
thisthatbut.net,1,suppobox,2025-01-02T08:04:00
dagjwclriish.com,1,kraken,2025-01-01T23:50:00
host2407.adoan.com,0,benign,2025-01-02T16:07:00
host3001.jdywc.com,0,benign,2025-01-03T02:01:00
host4003.mjhvd.com,0,benign,2025-01-03T18:43:00
host2288.ckvyx.com,0,benign,2025-01-02T14:08:00
treefire.org,1,matsnu,2025-01-04T05:35:00
amazon.com,0,benign,2025-01-02T16:30:00
azure.com,0,benign,2025-01-01T03:48:00
figgrape.org,1,matsnu,2025-01-02T21:15:00
host3806.ixkfn.com,0,benign,2025-01-03T15:26:00
host1555.xhktq.com,0,benign,2025-01-02T01:55:00
zrmabw.net,1,conficker,2025-01-03T17:45:00
hypmjoyewvie.com,1,kraken,2025-01-01T15:36:00
host4.dfwsm.com,0,benign,2025-01-01T00:04:00
lpcpqjrrtdto.com,1,kraken,2025-01-01T08:13:00
host2539.hhnrb.com,0,benign,2025-01-02T18:19:00
host3007.xslcf.com,0,benign,2025-01-03T02:07:00
host2593.bdzuj.com,0,benign,2025-01-02T19:13:00
apx9l9o.ru,1,cryptolocker,2025-01-03T02:45:00
vnoanjne.net,1,conficker,2025-01-04T03:38:00
g8jzgrg7sov9qqbqq.tk,1,generic,2025-01-04T06:00:00
bananawater.org,1,matsnu,2025-01-02T03:37:00
stonetree.org,1,matsnu,2025-01-01T07:39:00
scbrtztxiupe.com,1,kraken,2025-01-03T23:12:00
avw5b8c.biz,1,cryptolocker,2025-01-01T05:18:00
iwzualiagxyn.com,1,kraken,2025-01-02T12:44:00
host4633.zymvo.com,0,benign,2025-01-04T05:13:00
tbdqkfwaxser.com,1,kraken,2025-01-04T07:16:00
host4081.ellul.com,0,benign,2025-01-03T20:01:00
fricqxfiewep.com,1,kraken,2025-01-02T18:18:00
host2324.pbmbk.com,0,benign,2025-01-02T14:44:00
mhhsm.net,1,conficker,2025-01-03T15:30:00
office.com,0,benign,2025-01-02T14:18:00
whq5xv7yv08sofn73b7k.org,1,generic,2025-01-02T15:19:00
host3020.bvsry.com,0,benign,2025-01-03T02:20:00
host2405.fpjqg.com,0,benign,2025-01-02T16:05:00
host1419.ixlas.com,0,benign,2025-01-01T23:39:00
host146.ixrli.com,0,benign,2025-01-01T02:26:00
host2645.jpjri.com,0,benign,2025-01-02T20:05:00
host2049.mbfhq.com,0,benign,2025-01-02T10:09:00
h1cs9ih.info,1,cryptolocker,2025-01-03T09:30:00
host3611.wcolq.com,0,benign,2025-01-03T12:11:00
ssgxhi9.info,1,cryptolocker,2025-01-02T23:16:00
mhaqgpb41qp4b9wy5ea.ru,1,generic,2025-01-02T20:45:00
fzyfacxl.net,1,conficker,2025-01-04T01:50:00
host2361.umycn.com,0,benign,2025-01-02T15:21:00
firestone.org,1,matsnu,2025-01-01T17:24:00
grapeapple.org,1,matsnu,2025-01-02T10:38:00
386v3f0.ru,1,cryptolocker,2025-01-02T04:00:00
host2668.jusuu.com,0,benign,2025-01-02T20:28:00
host1487.khokj.com,0,benign,2025-01-02T00:47:00
zoom.us,0,benign,2025-01-02T20:17:00
theyhavehave.net,1,suppobox,2025-01-03T03:26:00
host2959.mbewl.com,0,benign,2025-01-03T01:19:00
zkmuqzq3j488sbfobte.com,1,generic,2025-01-02T23:40:00
57bz4ou5ujygxgryuj9e.tk,1,generic,2025-01-02T17:03:00
isvooy.net,1,conficker,2025-01-02T09:38:00
github.com,0,benign,2025-01-02T00:37:00
dgw14dcb8rhle.biz,1,generic,2025-01-03T00:52:00
datecherry.org,1,matsnu,2025-01-04T03:32:00
0birrou50agxe5m.biz,1,generic,2025-01-02T03:28:00
host2781.xiixg.com,0,benign,2025-01-02T22:21:00
host414.hnrsx.com,0,benign,2025-01-01T06:54:00
m1qxrg6.info,1,cryptolocker,2025-01-02T20:04:00
3hlsq1o.ru,1,cryptolocker,2025-01-04T11:17:00
host4038.luarf.com,0,benign,2025-01-03T19:18:00
host2601.iirkb.com,0,benign,2025-01-02T19:21:00
havehisthey.net,1,suppobox,2025-01-02T02:54:00
host2052.mrnyg.com,0,benign,2025-01-02T10:12:00
treefire.org,1,matsnu,2025-01-03T06:20:00
host4486.noojd.com,0,benign,2025-01-04T02:46:00
host1449.vifwz.com,0,benign,2025-01-02T00:09:00
figcherry.org,1,matsnu,2025-01-01T13:00:00
host4961.uavdp.com,0,benign,2025-01-04T10:41:00
zoom.us,0,benign,2025-01-03T16:16:00
treestone.org,1,matsnu,2025-01-04T04:14:00
fromhisfor.net,1,suppobox,2025-01-02T12:03:00
host3255.sziwu.com,0,benign,2025-01-03T06:15:00
host3902.tgdvj.com,0,benign,2025-01-03T17:02:00
egahvm76.ru,1,generic,2025-01-03T00:59:00
t6tshuw.ru,1,cryptolocker,2025-01-03T10:21:00
outdjqs.net,1,conficker,2025-01-04T08:11:00
vyickjfksaym.com,1,kraken,2025-01-01T12:14:00
google.com,0,benign,2025-01-03T15:49:00
host1527.ijsnr.com,0,benign,2025-01-02T01:27:00
host4444.qvgcn.com,0,benign,2025-01-04T02:04:00
host861.uksoz.com,0,benign,2025-01-01T14:21:00
host3520.wmbvh.com,0,benign,2025-01-03T10:40:00
host91.yclxw.com,0,benign,2025-01-01T01:31:00
google.com,0,benign,2025-01-03T23:42:00
host4124.uzkia.com,0,benign,2025-01-03T20:44:00
pvbtxh.net,1,conficker,2025-01-01T11:47:00
host1850.ygtnl.com,0,benign,2025-01-02T06:50:00
amazon.com,0,benign,2025-01-03T02:50:00
host2808.czpav.com,0,benign,2025-01-02T22:48:00
ria44pvdlatuer1nqkt.tk,1,generic,2025-01-02T07:36:00
stonebanana.org,1,matsnu,2025-01-03T04:12:00
withtheybut.net,1,suppobox,2025-01-03T00:02:00
host1813.wbyzi.com,0,benign,2025-01-02T06:13:00
kuvpfjviildw.com,1,kraken,2025-01-02T20:02:00
host4505.byelc.com,0,benign,2025-01-04T03:05:00
host2971.egsrw.com,0,benign,2025-01-03T01:31:00
host3315.dsaqx.com,0,benign,2025-01-03T07:15:00
mafoxrxmusvf.com,1,kraken,2025-01-01T20:03:00
kprxewlxrczx.com,1,kraken,2025-01-04T11:06:00
ummbgnebnpou.com,1,kraken,2025-01-03T22:17:00
host2174.jpdvc.com,0,benign,2025-01-02T12:14:00
zmqvdfnwhymw.com,1,kraken,2025-01-02T11:57:00
host3721.wktqv.com,0,benign,2025-01-03T14:01:00
host4077.mtwmr.com,0,benign,2025-01-03T19:57:00
host120.ruufx.com,0,benign,2025-01-01T02:00:00
aws.amazon.com,0,benign,2025-01-02T15:04:00
4xcfkz5.biz,1,cryptolocker,2025-01-02T13:55:00
host2722.qsubk.com,0,benign,2025-01-02T21:22:00
datefig.org,1,matsnu,2025-01-03T21:14:00
bananafig.org,1,matsnu,2025-01-01T02:34:00
ijmjfipv.net,1,conficker,2025-01-04T07:46:00
host3533.qpiiu.com,0,benign,2025-01-03T10:53:00
grapestone.org,1,matsnu,2025-01-01T20:35:00
host2425.uykfq.com,0,benign,2025-01-02T16:25:00
qrlsrzhyjcrw.com,1,kraken,2025-01-02T16:09:00
figtree.org,1,matsnu,2025-01-03T03:51:00
host2531.bfczy.com,0,benign,2025-01-02T18:11:00
host1651.ejaao.com,0,benign,2025-01-02T03:31:00
host320.entja.com,0,benign,2025-01-01T05:20:00
hisandthey.net,1,suppobox,2025-01-03T03:15:00
host1421.fmhlo.com,0,benign,2025-01-01T23:41:00
facebook.com,0,benign,2025-01-02T02:50:00
h1tjjjswsdqbtdamwt.net,1,generic,2025-01-03T13:12:00
host3904.elbmb.com,0,benign,2025-01-03T17:04:00
5jim3bk.biz,1,cryptolocker,2025-01-02T06:16:00
host4331.fznyk.com,0,benign,2025-01-04T00:11:00
host2658.raemc.com,0,benign,2025-01-02T20:18:00
host840.aifuc.com,0,benign,2025-01-01T14:00:00
yjjinqe.net,1,conficker,2025-01-01T17:41:00
8i3aqdxyd0joph.ru,1,generic,2025-01-01T18:06:00
iungwmb.net,1,conficker,2025-01-02T00:14:00
host3145.ebvnh.com,0,benign,2025-01-03T04:25:00
iil4nuullf6iyxyhb5g.com,1,generic,2025-01-04T04:04:00
github.com,0,benign,2025-01-04T09:45:00
nn34euhz1ykt66.biz,1,generic,2025-01-04T00:49:00
stonefire.org,1,matsnu,2025-01-03T07:34:00
host4360.hpbkl.com,0,benign,2025-01-04T00:40:00
andtheythis.net,1,suppobox,2025-01-04T07:36:00
host656.nknvo.com,0,benign,2025-01-01T10:56:00
6w4der6698o5iqika.tk,1,generic,2025-01-04T00:33:00
unhqyiwfheml.com,1,kraken,2025-01-03T00:42:00
host934.ehrpy.com,0,benign,2025-01-01T15:34:00
treecherry.org,1,matsnu,2025-01-03T22:05:00
host2853.evpvo.com,0,benign,2025-01-02T23:33:00
thatthathave.net,1,suppobox,2025-01-03T17:32:00
netflix.com,0,benign,2025-01-01T00:58:00
host3169.hpskh.com,0,benign,2025-01-03T04:49:00
forhavehis.net,1,suppobox,2025-01-04T08:08:00
upbq52g4two6.com,1,generic,2025-01-01T03:09:00
host391.ofael.com,0,benign,2025-01-01T06:31:00
yhyyczdbumoj.com,1,kraken,2025-01-03T15:47:00
host4881.nnuwo.com,0,benign,2025-01-04T09:21:00
jqkiseguwwdu.com,1,kraken,2025-01-03T16:38:00
waterelder.org,1,matsnu,2025-01-04T10:35:00
xtksx.net,1,conficker,2025-01-04T10:27:00
host169.lvwdo.com,0,benign,2025-01-01T02:49:00
ssgzpmrsrpks.com,1,kraken,2025-01-01T23:16:00
yvcflcxk.net,1,conficker,2025-01-02T03:41:00
cfmsxcndgedc.com,1,kraken,2025-01-02T04:48:00
host4026.lngyj.com,0,benign,2025-01-03T19:06:00
butnotthat.net,1,suppobox,2025-01-01T10:30:00
waterbanana.org,1,matsnu,2025-01-03T23:41:00
host2337.jmngg.com,0,benign,2025-01-02T14:57:00
host2273.izpxx.com,0,benign,2025-01-02T13:53:00
ymnxzwcikpjq.com,1,kraken,2025-01-03T09:42:00
host4171.gcoyd.com,0,benign,2025-01-03T21:31:00
stoneapple.org,1,matsnu,2025-01-02T22:31:00
host3450.tbqjs.com,0,benign,2025-01-03T09:30:00
host683.cymkq.com,0,benign,2025-01-01T11:23:00
host2635.nhily.com,0,benign,2025-01-02T19:55:00
clrqwaqjlsts.com,1,kraken,2025-01-02T20:15:00
elderfire.org,1,matsnu,2025-01-02T11:23:00
facebook.com,0,benign,2025-01-03T09:54:00
host3376.tpoxd.com,0,benign,2025-01-03T08:16:00
6j4e40trhrr41k2818.net,1,generic,2025-01-01T09:25:00
host1905.bjaph.com,0,benign,2025-01-02T07:45:00
ii2stcgzu7cru54ja.info,1,generic,2025-01-02T20:50:00
host184.jlbvu.com,0,benign,2025-01-01T03:04:00
treewater.org,1,matsnu,2025-01-02T23:51:00
host504.mkemc.com,0,benign,2025-01-01T08:24:00
host2579.ukxza.com,0,benign,2025-01-02T18:59:00
uyrsjqz.net,1,conficker,2025-01-01T14:45:00
tcasfeeismsg.com,1,kraken,2025-01-02T14:03:00
host3673.neyzk.com,0,benign,2025-01-03T13:13:00
crn6jxnadr9atb0.ru,1,generic,2025-01-03T23:21:00
lxhdkllhglam.com,1,kraken,2025-01-01T07:56:00
m0xxw4t.ru,1,cryptolocker,2025-01-03T05:56:00
eytggk.net,1,conficker,2025-01-01T17:47:00
datewater.org,1,matsnu,2025-01-03T00:46:00
linkedin.com,0,benign,2025-01-03T18:32:00
bjbilc.net,1,conficker,2025-01-01T10:13:00
wtbshbqrhato.com,1,kraken,2025-01-01T10:01:00
host1929.ntvlj.com,0,benign,2025-01-02T08:09:00
eqkwzba.info,1,cryptolocker,2025-01-01T19:08:00
daterock.org,1,matsnu,2025-01-03T15:35:00
host2676.xfwyp.com,0,benign,2025-01-02T20:36:00
fpxnsvjaiqjg.com,1,kraken,2025-01-01T07:42:00
applerock.org,1,matsnu,2025-01-04T10:22:00
bfbp01a.info,1,cryptolocker,2025-01-02T12:56:00
tmpzhq.net,1,conficker,2025-01-02T05:22:00
rlfdyekpxfzl.com,1,kraken,2025-01-01T12:01:00
host1964.bbyuf.com,0,benign,2025-01-02T08:44:00
host4623.eqfkd.com,0,benign,2025-01-04T05:03:00
puvkjogqcrvx.com,1,kraken,2025-01-01T10:53:00
andtheythis.net,1,suppobox,2025-01-01T02:40:00
30lsjly.biz,1,cryptolocker,2025-01-02T17:36:00
host1146.zappy.com,0,benign,2025-01-01T19:06:00
host3234.ponih.com,0,benign,2025-01-03T05:54:00
host960.tyjtt.com,0,benign,2025-01-01T16:00:00
google.com,0,benign,2025-01-03T11:53:00
zboemlysecfk.com,1,kraken,2025-01-01T11:18:00
host3759.dcapr.com,0,benign,2025-01-03T14:39:00
host3729.ctedw.com,0,benign,2025-01-03T14:09:00
host2839.kurwk.com,0,benign,2025-01-02T23:19:00
azure.com,0,benign,2025-01-03T14:46:00
elderbanana.org,1,matsnu,2025-01-03T08:14:00
host297.qbiwx.com,0,benign,2025-01-01T04:57:00
host2570.meydp.com,0,benign,2025-01-02T18:50:00
host3968.uezoc.com,0,benign,2025-01-03T18:08:00
host229.bbeah.com,0,benign,2025-01-01T03:49:00
6zdeq3a.ru,1,cryptolocker,2025-01-03T00:25:00
microsoft.com,0,benign,2025-01-02T07:34:00
host1435.raqic.com,0,benign,2025-01-01T23:55:00
host4532.ilvke.com,0,benign,2025-01-04T03:32:00
host3297.ektno.com,0,benign,2025-01-03T06:57:00
rockcherry.org,1,matsnu,2025-01-03T13:01:00
1ncvkvq.info,1,cryptolocker,2025-01-02T23:55:00
00btj8x.info,1,cryptolocker,2025-01-03T20:13:00
datewater.org,1,matsnu,2025-01-03T04:30:00
host917.tfled.com,0,benign,2025-01-01T15:17:00
host3499.ipass.com,0,benign,2025-01-03T10:19:00
aalqjpd.net,1,conficker,2025-01-02T15:29:00
udmnnzsazzok.com,1,kraken,2025-01-03T12:32:00
host2560.oucci.com,0,benign,2025-01-02T18:40:00
toezwo.net,1,conficker,2025-01-01T20:18:00
g1h6tu2yt.cn,1,generic,2025-01-01T20:07:00
host176.bjvzb.com,0,benign,2025-01-01T02:56:00
host3742.xztfo.com,0,benign,2025-01-03T14:22:00
applerock.org,1,matsnu,2025-01-01T17:40:00
host4010.uyxxg.com,0,benign,2025-01-03T18:50:00
jtf4ev6.info,1,cryptolocker,2025-01-03T04:08:00
host875.jsmkb.com,0,benign,2025-01-01T14:35:00
op7sow6z.cn,1,generic,2025-01-04T07:23:00
host2243.fvdwt.com,0,benign,2025-01-02T13:23:00
host178.effya.com,0,benign,2025-01-01T02:58:00
host4769.otzhu.com,0,benign,2025-01-04T07:29:00
host1194.pndsa.com,0,benign,2025-01-01T19:54:00
y7rlz7u.biz,1,cryptolocker,2025-01-03T04:34:00
waterbanana.org,1,matsnu,2025-01-03T20:09:00
x6mrt513ibhbjn9.net,1,generic,2025-01-01T00:39:00
wikipedia.org,0,benign,2025-01-02T01:03:00
host4110.ocmkd.com,0,benign,2025-01-03T20:30:00
eghhge.net,1,conficker,2025-01-02T01:03:00
wuqwrtdpgieo.com,1,kraken,2025-01-03T11:16:00
1a9l0slv2h6iwkpsxr.cn,1,generic,2025-01-02T18:10:00
host1292.kuyef.com,0,benign,2025-01-01T21:32:00
host1337.kcauy.com,0,benign,2025-01-01T22:17:00
thethebut.net,1,suppobox,2025-01-03T21:35:00
djsetjtrhrgb.com,1,kraken,2025-01-01T10:11:00
jtkuo.net,1,conficker,2025-01-01T16:09:00
fireelder.org,1,matsnu,2025-01-02T18:26:00
andnotand.net,1,suppobox,2025-01-01T05:45:00
firefire.org,1,matsnu,2025-01-01T02:14:00
yahoo.com,0,benign,2025-01-03T16:02:00
thisfromfor.net,1,suppobox,2025-01-03T02:44:00
host331.wezyk.com,0,benign,2025-01-01T05:31:00
f371p2v.biz,1,cryptolocker,2025-01-03T07:35:00
youthatthe.net,1,suppobox,2025-01-01T18:45:00
google.com,0,benign,2025-01-02T12:26:00
04h5xb1.ru,1,cryptolocker,2025-01-02T10:26:00
host3575.ivsky.com,0,benign,2025-01-03T11:35:00
oc3s046.info,1,cryptolocker,2025-01-03T15:24:00
host4712.ovpyd.com,0,benign,2025-01-04T06:32:00
cgiqaibbzjrs.com,1,kraken,2025-01-01T09:21:00
bananarock.org,1,matsnu,2025-01-02T23:35:00
theynotnot.net,1,suppobox,2025-01-03T19:08:00
host1633.ejqhf.com,0,benign,2025-01-02T03:13:00
google.com,0,benign,2025-01-01T02:09:00
host3711.nhkib.com,0,benign,2025-01-03T13:51:00
zkrjmx.net,1,conficker,2025-01-02T05:34:00
host1827.vtaek.com,0,benign,2025-01-02T06:27:00
hitdilldgevh.com,1,kraken,2025-01-02T18:55:00
host3324.ywvjy.com,0,benign,2025-01-03T07:24:00
host2082.zdubw.com,0,benign,2025-01-02T10:42:00
airply.net,1,conficker,2025-01-02T23:44:00
firegrape.org,1,matsnu,2025-01-03T19:46:00
hhouvuo.net,1,conficker,2025-01-03T21:39:00
waterelder.org,1,matsnu,2025-01-03T21:54:00
ru0p9iijxhk01lb8aswt.cn,1,generic,2025-01-01T08:47:00
ddsf88i6divcbgn8.cn,1,generic,2025-01-02T09:28:00
host2416.hhdsw.com,0,benign,2025-01-02T16:16:00
host4885.lxxrv.com,0,benign,2025-01-04T09:25:00
host23.llnur.com,0,benign,2025-01-01T00:23:00
host236.qalbm.com,0,benign,2025-01-01T03:56:00
forhisand.net,1,suppobox,2025-01-03T23:54:00
andhavehis.net,1,suppobox,2025-01-03T17:28:00
ptui5pkipxh43g3ou4.info,1,generic,2025-01-01T04:46:00
host3585.jxrox.com,0,benign,2025-01-03T11:45:00
treeapple.org,1,matsnu,2025-01-02T16:33:00
jxdlj.net,1,conficker,2025-01-02T22:26:00
host1058.dcwci.com,0,benign,2025-01-01T17:38:00
host3880.bwivr.com,0,benign,2025-01-03T16:40:00
host4546.btjxz.com,0,benign,2025-01-04T03:46:00
linkedin.com,0,benign,2025-01-02T19:31:00
host242.mwtgg.com,0,benign,2025-01-01T04:02:00
ehfhu2e.biz,1,cryptolocker,2025-01-02T22:27:00
wpxdrdgbhdbk.com,1,kraken,2025-01-03T04:46:00
host3394.rxenq.com,0,benign,2025-01-03T08:34:00
c3sjfje.biz,1,cryptolocker,2025-01-02T12:23:00
hgapbxc.net,1,conficker,2025-01-01T16:27:00
host4366.krbat.com,0,benign,2025-01-04T00:46:00
fromthefrom.net,1,suppobox,2025-01-01T07:05:00
vvyje9cggd99odi9epf.biz,1,generic,2025-01-01T01:03:00
mqthfyhv.net,1,conficker,2025-01-01T10:14:00
da55cas76.org,1,generic,2025-01-04T09:23:00
host4395.hkqaq.com,0,benign,2025-01-04T01:15:00
eldergrape.org,1,matsnu,2025-01-01T11:32:00
hisandnot.net,1,suppobox,2025-01-02T01:38:00
fsloaysgh8fp2z4qrc.org,1,generic,2025-01-04T02:25:00
64azmqc.biz,1,cryptolocker,2025-01-01T00:04:00
yahoo.com,0,benign,2025-01-03T07:55:00
ktttwms.net,1,conficker,2025-01-04T08:51:00
host3498.owxyf.com,0,benign,2025-01-03T10:18:00
eldertree.org,1,matsnu,2025-01-02T14:15:00
stonerock.org,1,matsnu,2025-01-01T12:38:00
host531.ddqzz.com,0,benign,2025-01-01T08:51:00
wikipedia.org,0,benign,2025-01-03T00:21:00
elrdyr.net,1,conficker,2025-01-01T09:45:00
ccrdcib5ci5jvfsiu.cn,1,generic,2025-01-01T09:39:00
host749.aalgl.com,0,benign,2025-01-01T12:29:00
appledate.org,1,matsnu,2025-01-03T21:34:00
host721.hihou.com,0,benign,2025-01-01T12:01:00
wikipedia.org,0,benign,2025-01-03T00:42:00
yahoo.com,0,benign,2025-01-01T17:32:00
firetree.org,1,matsnu,2025-01-02T21:24:00
xygtbe.net,1,conficker,2025-01-01T02:51:00
host2913.guipv.com,0,benign,2025-01-03T00:33:00
yn011u6.biz,1,cryptolocker,2025-01-03T02:55:00
eitvyuhedoug.com,1,kraken,2025-01-04T09:20:00
host2960.zbdvm.com,0,benign,2025-01-03T01:20:00
host441.bwqal.com,0,benign,2025-01-01T07:21:00
wijhqmz3kidtu8xbt.ru,1,generic,2025-01-01T19:52:00
host36.oyrky.com,0,benign,2025-01-01T00:36:00
yahoo.com,0,benign,2025-01-03T12:40:00
gutcbscotfrq.com,1,kraken,2025-01-01T12:45:00
butnothis.net,1,suppobox,2025-01-02T20:31:00
axv63seiiwbr7wjmth.tk,1,generic,2025-01-03T20:30:00
host3159.ibiuf.com,0,benign,2025-01-03T04:39:00
host4539.awmdn.com,0,benign,2025-01-04T03:39:00
host878.rwfbi.com,0,benign,2025-01-01T14:38:00
havefromfor.net,1,suppobox,2025-01-04T07:20:00
slack.com,0,benign,2025-01-03T10:49:00
theyforthe.net,1,suppobox,2025-01-03T05:20:00
wbo9bxgwyfn7so24h864.net,1,generic,2025-01-01T01:17:00
host3661.anemm.com,0,benign,2025-01-03T13:01:00
host997.kbqno.com,0,benign,2025-01-01T16:37:00
buthisfor.net,1,suppobox,2025-01-02T09:25:00
zi5f57nqfe5gf9.info,1,generic,2025-01-02T11:42:00
host1166.ladye.com,0,benign,2025-01-01T19:26:00
omezo.net,1,conficker,2025-01-01T11:00:00
host1107.ladtu.com,0,benign,2025-01-01T18:27:00
host1026.mreum.com,0,benign,2025-01-01T17:06:00
vpmtljz.info,1,cryptolocker,2025-01-03T11:30:00
fireapple.org,1,matsnu,2025-01-04T01:32:00
fromthishis.net,1,suppobox,2025-01-01T01:32:00
host4401.hongv.com,0,benign,2025-01-04T01:21:00
xvrp58wteeru.biz,1,generic,2025-01-01T08:05:00
host2946.xjmti.com,0,benign,2025-01-03T01:06:00
qzjnsiufobot.com,1,kraken,2025-01-01T01:22:00
host1994.bjmxf.com,0,benign,2025-01-02T09:14:00
host2384.nnkcf.com,0,benign,2025-01-02T15:44:00
linkedin.com,0,benign,2025-01-02T17:39:00
sltdb.net,1,conficker,2025-01-01T05:04:00
andhavethis.net,1,suppobox,2025-01-01T14:28:00
zalerysfqlys.com,1,kraken,2025-01-02T14:41:00
host2488.znpqn.com,0,benign,2025-01-02T17:28:00
slack.com,0,benign,2025-01-01T12:49:00
host3521.xshhu.com,0,benign,2025-01-03T10:41:00
host4757.cxeox.com,0,benign,2025-01-04T07:17:00
linkedin.com,0,benign,2025-01-01T03:15:00
host1802.pyjyb.com,0,benign,2025-01-02T06:02:00
appleelder.org,1,matsnu,2025-01-03T16:06:00
kxubav4.ru,1,cryptolocker,2025-01-03T23:50:00
host2092.wayqf.com,0,benign,2025-01-02T10:52:00
host1041.xbbao.com,0,benign,2025-01-01T17:21:00
host4074.iqvqz.com,0,benign,2025-01-03T19:54:00
apple.co,0,benign,2025-01-01T05:58:00
host4215.btxej.com,0,benign,2025-01-03T22:15:00
elderbanana.org,1,matsnu,2025-01-03T03:54:00
host1089.byrrd.com,0,benign,2025-01-01T18:09:00
neqle.net,1,conficker,2025-01-03T08:30:00
host3506.tuhhw.com,0,benign,2025-01-03T10:26:00
host4564.jcymj.com,0,benign,2025-01-04T04:04:00
host3170.xcvmb.com,0,benign,2025-01-03T04:50:00
jvtuoin.ru,1,cryptolocker,2025-01-04T07:32:00
host425.orhss.com,0,benign,2025-01-01T07:05:00
host1252.mjref.com,0,benign,2025-01-01T20:52:00
host4291.whnuf.com,0,benign,2025-01-03T23:31:00
host652.ywnoi.com,0,benign,2025-01-01T10:52:00
6h79jwcswhv.ru,1,generic,2025-01-01T14:53:00
ewzuihg.net,1,conficker,2025-01-04T01:48:00
kwmqpenbakui.com,1,kraken,2025-01-04T07:19:00
host3991.nywaj.com,0,benign,2025-01-03T18:31:00
linkedin.com,0,benign,2025-01-02T06:41:00
fromthehis.net,1,suppobox,2025-01-01T06:13:00
rlzzfnzs2xa5o29iihe.com,1,generic,2025-01-03T07:11:00
host4475.nnoug.com,0,benign,2025-01-04T02:35:00
theynotnot.net,1,suppobox,2025-01-02T19:35:00
butfromwith.net,1,suppobox,2025-01-02T16:45:00
host3689.jexpx.com,0,benign,2025-01-03T13:29:00
bbnxbbb.net,1,conficker,2025-01-04T10:28:00
host438.xgmze.com,0,benign,2025-01-01T07:18:00
thisbutwith.net,1,suppobox,2025-01-02T21:32:00
youfromwith.net,1,suppobox,2025-01-01T17:18:00
host479.hgwlu.com,0,benign,2025-01-01T07:59:00
thatnothis.net,1,suppobox,2025-01-03T13:19:00
osfip.net,1,conficker,2025-01-01T01:08:00
qelozfoiryfc.com,1,kraken,2025-01-03T08:32:00
wwzvwquhfils.com,1,kraken,2025-01-01T16:17:00
nuxinlvh.net,1,conficker,2025-01-03T09:12:00
host3066.bxvso.com,0,benign,2025-01-03T03:06:00
kxecrpfuvzwc.com,1,kraken,2025-01-03T09:15:00
facebook.com,0,benign,2025-01-02T18:18:00
host1353.heyyk.com,0,benign,2025-01-01T22:33:00
mocit.net,1,conficker,2025-01-04T07:24:00
host3274.eqxpx.com,0,benign,2025-01-03T06:34:00
eowsj532mlrfz2.biz,1,generic,2025-01-03T15:54:00
host1907.nznyt.com,0,benign,2025-01-02T07:47:00
cherrytree.org,1,matsnu,2025-01-01T14:08:00
ielfrfodcunp.com,1,kraken,2025-01-01T16:02:00
host4946.jnkvo.com,0,benign,2025-01-04T10:26:00
datetree.org,1,matsnu,2025-01-01T08:24:00
host1987.mdyju.com,0,benign,2025-01-02T09:07:00
nottheywith.net,1,suppobox,2025-01-02T08:13:00
stonedate.org,1,matsnu,2025-01-01T22:31:00
cloudflare.com,0,benign,2025-01-02T16:19:00
host4869.vnhxv.com,0,benign,2025-01-04T09:09:00
nofdqshvyqyv.com,1,kraken,2025-01-03T15:01:00
g8v6mg8.biz,1,cryptolocker,2025-01-03T18:33:00
host365.vhkxe.com,0,benign,2025-01-01T06:05:00
thethenot.net,1,suppobox,2025-01-03T21:38:00
host1322.kkqqq.com,0,benign,2025-01-01T22:02:00
host1934.wsyuo.com,0,benign,2025-01-02T08:14:00
host483.yghch.com,0,benign,2025-01-01T08:03:00
rywd1f7qbit0w.ru,1,generic,2025-01-02T17:22:00
thehisthe.net,1,suppobox,2025-01-01T22:01:00
bananagrape.org,1,matsnu,2025-01-02T08:35:00
w8raf07wqfu0fl7s2pl4.net,1,generic,2025-01-04T01:14:00
live.com,0,benign,2025-01-03T02:41:00
ybqkevklofze.biz,1,generic,2025-01-01T05:02:00
bananawater.org,1,matsnu,2025-01-03T09:08:00
slack.com,0,benign,2025-01-02T06:37:00
xzfjm.net,1,conficker,2025-01-01T19:30:00
ctsdik.net,1,conficker,2025-01-02T22:30:00
host4646.gqggk.com,0,benign,2025-01-04T05:26:00
8z6q4egxkn.cn,1,generic,2025-01-01T12:08:00
ovkwybpiyvfr.com,1,kraken,2025-01-03T20:55:00
yjsquomdoplf.com,1,kraken,2025-01-02T01:54:00
tsb209zichtbk.biz,1,generic,2025-01-03T12:13:00
ll1j73hwfv4je5u58.info,1,generic,2025-01-01T22:49:00
graperock.org,1,matsnu,2025-01-01T09:43:00
grapebanana.org,1,matsnu,2025-01-04T03:02:00
elderbanana.org,1,matsnu,2025-01-01T22:39:00
host4481.lnddm.com,0,benign,2025-01-04T02:41:00
dtukuw.net,1,conficker,2025-01-01T09:54:00
host3362.gvfqx.com,0,benign,2025-01-03T08:02:00
qdoo5dg.biz,1,cryptolocker,2025-01-01T13:51:00
cloudflare.com,0,benign,2025-01-02T03:17:00
apple.com,0,benign,2025-01-01T02:37:00
host3870.zszye.com,0,benign,2025-01-03T16:30:00
slack.com,0,benign,2025-01-01T02:29:00
lzfeqfmkjeqd.com,1,kraken,2025-01-03T16:25:00
host3994.bbqnm.com,0,benign,2025-01-03T18:34:00
thisfromyou.net,1,suppobox,2025-01-01T16:55:00
elderbanana.org,1,matsnu,2025-01-01T02:22:00
frsvqedu.net,1,conficker,2025-01-04T10:09:00
host4341.kmnfv.com,0,benign,2025-01-04T00:21:00
theandthey.net,1,suppobox,2025-01-01T08:14:00
figfire.org,1,matsnu,2025-01-02T14:46:00
host3477.vjmzj.com,0,benign,2025-01-03T09:57:00
host2339.iehne.com,0,benign,2025-01-02T14:59:00
host234.vsugt.com,0,benign,2025-01-01T03:54:00
host107.kwfht.com,0,benign,2025-01-01T01:47:00
forwiththe.net,1,suppobox,2025-01-01T18:53:00
host2426.pcymy.com,0,benign,2025-01-02T16:26:00
gog33m8s2wiaq51yf.net,1,generic,2025-01-02T11:28:00
kpvlrtifybqu.com,1,kraken,2025-01-02T15:02:00
github.com,0,benign,2025-01-04T00:05:00
host1760.ewivs.com,0,benign,2025-01-02T05:20:00
host68.elsnk.com,0,benign,2025-01-01T01:08:00
host2329.rzuot.com,0,benign,2025-01-02T14:49:00
host1624.dncwc.com,0,benign,2025-01-02T03:04:00
host33.sndzp.com,0,benign,2025-01-01T00:33:00
host92.gsnle.com,0,benign,2025-01-01T01:32:00
host3028.pbcyp.com,0,benign,2025-01-03T02:28:00
withyouthat.net,1,suppobox,2025-01-02T13:34:00
host3919.zcksc.com,0,benign,2025-01-03T17:19:00
host4791.ffufm.com,0,benign,2025-01-04T07:51:00
trtn8po.biz,1,cryptolocker,2025-01-01T03:54:00
xrtgf.net,1,conficker,2025-01-02T21:38:00
host937.uslch.com,0,benign,2025-01-01T15:37:00
76476uf.ru,1,cryptolocker,2025-01-03T21:19:00
host3320.ynawh.com,0,benign,2025-01-03T07:20:00
withhisthat.net,1,suppobox,2025-01-02T19:15:00
jufvw.net,1,conficker,2025-01-04T01:55:00
host4146.kuvgg.com,0,benign,2025-01-03T21:06:00
tnpqnngbbk.cn,1,generic,2025-01-02T15:54:00
host1735.juury.com,0,benign,2025-01-02T04:55:00
host4711.wmohg.com,0,benign,2025-01-04T06:31:00
host590.kgwmt.com,0,benign,2025-01-01T09:50:00
eycpxlhoywfh.com,1,kraken,2025-01-01T01:45:00
firecherry.org,1,matsnu,2025-01-03T04:44:00
apple.co,0,benign,2025-01-01T03:10:00
host850.hlnxg.com,0,benign,2025-01-01T14:10:00
jgaxdndssbue.com,1,kraken,2025-01-03T18:21:00
host2000.qqdml.com,0,benign,2025-01-02T09:20:00
cherryfig.org,1,matsnu,2025-01-03T05:03:00
hdjqpkpjzqqz.com,1,kraken,2025-01-04T08:16:00
fyeiajd.net,1,conficker,2025-01-01T09:01:00
host4558.vdwps.com,0,benign,2025-01-04T03:58:00
host1598.jusim.com,0,benign,2025-01-02T02:38:00
0g4drm7.ru,1,cryptolocker,2025-01-02T15:30:00
host402.pntwf.com,0,benign,2025-01-01T06:42:00
nqi3z8qt.ru,1,generic,2025-01-04T04:39:00
yvlzkqbvmllc.com,1,kraken,2025-01-02T15:46:00
host4657.rglud.com,0,benign,2025-01-04T05:37:00
gq06daw.info,1,cryptolocker,2025-01-02T19:16:00
vcjoyfdqkxxn.com,1,kraken,2025-01-01T06:30:00
rockgrape.org,1,matsnu,2025-01-03T05:14:00
host114.soekv.com,0,benign,2025-01-01T01:54:00
sibfg.net,1,conficker,2025-01-03T07:31:00
host2389.khnui.com,0,benign,2025-01-02T15:49:00
azure.com,0,benign,2025-01-03T21:45:00
host3232.vdyac.com,0,benign,2025-01-03T05:52:00
host4804.rydqc.com,0,benign,2025-01-04T08:04:00
host3430.hmldu.com,0,benign,2025-01-03T09:10:00
facebook.com,0,benign,2025-01-03T10:58:00
host221.wdwyl.com,0,benign,2025-01-01T03:41:00
koednciu.net,1,conficker,2025-01-03T06:44:00
andnotbut.net,1,suppobox,2025-01-01T21:34:00
ruhvltfuybbd.com,1,kraken,2025-01-04T01:10:00
amazon.com,0,benign,2025-01-01T20:45:00
host3681.kyfjv.com,0,benign,2025-01-03T13:21:00
host3647.nblct.com,0,benign,2025-01-03T12:47:00
figstone.org,1,matsnu,2025-01-02T23:06:00
host1911.nccim.com,0,benign,2025-01-02T07:51:00
host815.otvim.com,0,benign,2025-01-01T13:35:00
host1264.atqsi.com,0,benign,2025-01-01T21:04:00
yahoo.com,0,benign,2025-01-04T05:29:00
fromthewith.net,1,suppobox,2025-01-04T00:21:00
host1430.iakew.com,0,benign,2025-01-01T23:50:00
host4906.nysmn.com,0,benign,2025-01-04T09:46:00
thatthisfrom.net,1,suppobox,2025-01-02T18:38:00
thisyouwith.net,1,suppobox,2025-01-02T07:26:00
host4652.fpkmn.com,0,benign,2025-01-04T05:32:00
bing.com,0,benign,2025-01-03T03:53:00
host3393.nohcd.com,0,benign,2025-01-03T08:33:00
facebook.com,0,benign,2025-01-02T15:27:00
host4162.rvqfg.com,0,benign,2025-01-03T21:22:00
host1127.wxbgs.com,0,benign,2025-01-01T18:47:00
host1559.fixyd.com,0,benign,2025-01-02T01:59:00
yahoo.com,0,benign,2025-01-03T03:03:00
host3515.bfcju.com,0,benign,2025-01-03T10:35:00
cvaxuzj.net,1,conficker,2025-01-04T06:17:00
avsqjaajnvjy.com,1,kraken,2025-01-01T07:54:00
havehavebut.net,1,suppobox,2025-01-04T07:06:00
zoom.us,0,benign,2025-01-01T17:27:00
fromyounot.net,1,suppobox,2025-01-01T18:43:00
host4424.weuul.com,0,benign,2025-01-04T01:44:00
host545.kwpcu.com,0,benign,2025-01-01T09:05:00
amazon.com,0,benign,2025-01-02T00:12:00
host3091.sqwkd.com,0,benign,2025-01-03T03:31:00
host4399.shpch.com,0,benign,2025-01-04T01:19:00
host1257.reedv.com,0,benign,2025-01-01T20:57:00
host1825.tzncl.com,0,benign,2025-01-02T06:25:00
host1663.ffsqi.com,0,benign,2025-01-02T03:43:00
1gk8ho4l01v.tk,1,generic,2025-01-02T21:22:00
host2715.baklr.com,0,benign,2025-01-02T21:15:00
qdnce.net,1,conficker,2025-01-03T03:19:00
zhtbc422sal.org,1,generic,2025-01-01T06:19:00
host3594.lhsmh.com,0,benign,2025-01-03T11:54:00
jumqkepwwniy.com,1,kraken,2025-01-02T17:45:00
host2619.efdhl.com,0,benign,2025-01-02T19:39:00
2b0n0fp.info,1,cryptolocker,2025-01-04T09:38:00
host4614.ruqig.com,0,benign,2025-01-04T04:54:00
host4870.jsuem.com,0,benign,2025-01-04T09:10:00
host892.lhndo.com,0,benign,2025-01-01T14:52:00
kiahal.net,1,conficker,2025-01-02T17:49:00
dopp9704tibj8uugj.cn,1,generic,2025-01-01T11:45:00
aeclu54rxdy1yv08eth.com,1,generic,2025-01-02T20:43:00
host3253.vwosz.com,0,benign,2025-01-03T06:13:00
xewfbol.net,1,conficker,2025-01-02T09:54:00
3ajqv36kd83pf.com,1,generic,2025-01-04T07:01:00
host1627.hbixr.com,0,benign,2025-01-02T03:07:00
host923.ihrlw.com,0,benign,2025-01-01T15:23:00
host2110.stubm.com,0,benign,2025-01-02T11:10:00
71xa49ymlgi77f2.org,1,generic,2025-01-02T07:32:00
host3275.dzgnn.com,0,benign,2025-01-03T06:35:00
host3329.ecozk.com,0,benign,2025-01-03T07:29:00
host1045.slsdo.com,0,benign,2025-01-01T17:25:00
ly0rw1n.info,1,cryptolocker,2025-01-04T04:53:00
yigxj.net,1,conficker,2025-01-04T10:34:00
host2876.hkqgv.com,0,benign,2025-01-02T23:56:00
treefire.org,1,matsnu,2025-01-04T08:53:00
kzvmmue.info,1,cryptolocker,2025-01-01T04:35:00
linkedin.com,0,benign,2025-01-01T09:44:00
cuffmehy.net,1,conficker,2025-01-01T03:10:00
host112.lhfns.com,0,benign,2025-01-01T01:52:00
host3148.mnfuq.com,0,benign,2025-01-03T04:28:00
host1602.yxzvs.com,0,benign,2025-01-02T02:42:00
host4046.ipyro.com,0,benign,2025-01-03T19:26:00
datefig.org,1,matsnu,2025-01-01T03:49:00
xpflzjyoaws.com,1,generic,2025-01-02T12:41:00
gpepe.net,1,conficker,2025-01-02T23:07:00
host4598.plioi.com,0,benign,2025-01-04T04:38:00
host2847.yydim.com,0,benign,2025-01-02T23:27:00
host194.msihk.com,0,benign,2025-01-01T03:14:00
host3746.pegvr.com,0,benign,2025-01-03T14:26:00
bing.com,0,benign,2025-01-01T09:54:00
slspltpyxnwl.com,1,kraken,2025-01-04T05:04:00
gdfasxlgapxw.com,1,kraken,2025-01-04T09:24:00
host3876.pdxsx.com,0,benign,2025-01-03T16:36:00
butwithwith.net,1,suppobox,2025-01-03T09:51:00
host1225.xectf.com,0,benign,2025-01-01T20:25:00
apple.com,0,benign,2025-01-04T00:36:00
host1677.ydtom.com,0,benign,2025-01-02T03:57:00
host704.egkjo.com,0,benign,2025-01-01T11:44:00
host3440.zhxro.com,0,benign,2025-01-03T09:20:00
host2046.pbcub.com,0,benign,2025-01-02T10:06:00
wqk64nz.info,1,cryptolocker,2025-01-03T08:49:00
host1241.dmetp.com,0,benign,2025-01-01T20:41:00
agkkzykifuae.com,1,kraken,2025-01-04T02:32:00
hisbutwith.net,1,suppobox,2025-01-02T14:11:00
qjmidj5f201fooqg77yd.tk,1,generic,2025-01-03T05:49:00
host3205.nqbsi.com,0,benign,2025-01-03T05:25:00
host2504.omlcx.com,0,benign,2025-01-02T17:44:00
host4428.jjbxe.com,0,benign,2025-01-04T01:48:00
figcherry.org,1,matsnu,2025-01-02T09:22:00
host4522.wisyg.com,0,benign,2025-01-04T03:22:00
43xjs847t.tk,1,generic,2025-01-02T14:26:00
host2238.dlltd.com,0,benign,2025-01-02T13:18:00
xgteoqhaze4i.ru,1,generic,2025-01-03T10:11:00
hisbutyou.net,1,suppobox,2025-01-03T10:55:00
host1751.ctubi.com,0,benign,2025-01-02T05:11:00
host2489.szgmd.com,0,benign,2025-01-02T17:29:00
host1324.jmmpy.com,0,benign,2025-01-01T22:04:00
yissgymtzomw.com,1,kraken,2025-01-02T09:18:00
github.com,0,benign,2025-01-01T17:34:00
host4833.lblxs.com,0,benign,2025-01-04T08:33:00
host3344.mbuzi.com,0,benign,2025-01-03T07:44:00
netflix.com,0,benign,2025-01-01T23:12:00
host1382.riaew.com,0,benign,2025-01-01T23:02:00
bananadate.org,1,matsnu,2025-01-02T00:00:00
yahoo.com,0,benign,2025-01-04T08:30:00
mpimfbelwtst.com,1,kraken,2025-01-02T10:37:00
watergrape.org,1,matsnu,2025-01-04T08:07:00
treebanana.org,1,matsnu,2025-01-01T06:02:00
host786.ffhyp.com,0,benign,2025-01-01T13:06:00
figtree.org,1,matsnu,2025-01-02T08:11:00
host713.bcigl.com,0,benign,2025-01-01T11:53:00
b7224o2.biz,1,cryptolocker,2025-01-03T10:07:00
host4022.jeplx.com,0,benign,2025-01-03T19:02:00
yevwqkz.biz,1,cryptolocker,2025-01-01T21:29:00
host1711.henoi.com,0,benign,2025-01-02T04:31:00
21scodu8yrisq0531uc.tk,1,generic,2025-01-01T04:42:00
linkedin.com,0,benign,2025-01-03T17:25:00
host1403.kwoip.com,0,benign,2025-01-01T23:23:00
treecherry.org,1,matsnu,2025-01-03T04:53:00
ay8zqu0r1ul29dzbj7h.biz,1,generic,2025-01-01T17:19:00
office.com,0,benign,2025-01-04T07:27:00
jknbfyi.net,1,conficker,2025-01-02T05:26:00
mbiotnhvhpwl.com,1,kraken,2025-01-04T09:37:00
ygd7hhc.info,1,cryptolocker,2025-01-03T23:15:00
host4670.omuiq.com,0,benign,2025-01-04T05:50:00
host698.vaplr.com,0,benign,2025-01-01T11:38:00
grapeapple.org,1,matsnu,2025-01-02T00:25:00
bing.com,0,benign,2025-01-02T21:44:00
host1601.vhcxy.com,0,benign,2025-01-02T02:41:00
cloudflare.com,0,benign,2025-01-01T11:41:00
psznes29.tk,1,generic,2025-01-01T07:46:00
elderbanana.org,1,matsnu,2025-01-02T22:09:00
fromthethat.net,1,suppobox,2025-01-02T09:20:00
datewater.org,1,matsnu,2025-01-01T20:06:00
andhaveyou.net,1,suppobox,2025-01-03T10:18:00
host3929.boago.com,0,benign,2025-01-03T17:29:00
shmu57tx.com,1,generic,2025-01-04T06:43:00
host4859.uwrab.com,0,benign,2025-01-04T08:59:00
1zxu1tk.info,1,cryptolocker,2025-01-02T10:58:00
loueob.net,1,conficker,2025-01-02T06:23:00
ihtfhp4.info,1,cryptolocker,2025-01-03T17:52:00
dateelder.org,1,matsnu,2025-01-02T17:40:00
firewater.org,1,matsnu,2025-01-03T04:24:00
aat3g6owdkor8ufigl6.tk,1,generic,2025-01-01T02:53:00
host540.ylvlf.com,0,benign,2025-01-01T09:00:00
host2572.adtez.com,0,benign,2025-01-02T18:52:00
datestone.org,1,matsnu,2025-01-01T07:57:00
host2717.kincd.com,0,benign,2025-01-02T21:17:00
host1136.fyqpa.com,0,benign,2025-01-01T18:56:00
0k1srty.biz,1,cryptolocker,2025-01-01T15:26:00
theynothis.net,1,suppobox,2025-01-02T22:53:00
host553.sctmo.com,0,benign,2025-01-01T09:13:00
elderbanana.org,1,matsnu,2025-01-01T15:11:00
oawqx.net,1,conficker,2025-01-04T02:21:00
host2026.tgabr.com,0,benign,2025-01-02T09:46:00
host2892.ujgym.com,0,benign,2025-01-03T00:12:00
host3763.fxppv.com,0,benign,2025-01-03T14:43:00
a6um2g9.ru,1,cryptolocker,2025-01-01T01:36:00
2ov5ekk.info,1,cryptolocker,2025-01-01T14:33:00
c1mihs9.ru,1,cryptolocker,2025-01-02T07:19:00
tlbofyxo.net,1,conficker,2025-01-03T19:37:00
host1186.hyzim.com,0,benign,2025-01-01T19:46:00
host2904.qgbdb.com,0,benign,2025-01-03T00:24:00
theywithwith.net,1,suppobox,2025-01-01T17:13:00
host2838.xadjo.com,0,benign,2025-01-02T23:18:00
host1044.rqlub.com,0,benign,2025-01-01T17:24:00
srsv9tt.info,1,cryptolocker,2025-01-02T16:20:00
jugiibonuojf.com,1,kraken,2025-01-03T08:03:00
linkedin.com,0,benign,2025-01-02T18:06:00
otzbphxnaecq.com,1,kraken,2025-01-04T05:18:00
theandhave.net,1,suppobox,2025-01-01T21:06:00
thishavefrom.net,1,suppobox,2025-01-02T05:56:00
dxhjwfd.net,1,conficker,2025-01-02T09:02:00
host3044.gwhzi.com,0,benign,2025-01-03T02:44:00
80kqekbt3vj6e0xb8w.ru,1,generic,2025-01-03T12:34:00
host164.apboa.com,0,benign,2025-01-01T02:44:00
watertree.org,1,matsnu,2025-01-04T03:41:00
host3228.dfjoa.com,0,benign,2025-01-03T05:48:00
firecherry.org,1,matsnu,2025-01-03T01:34:00
host2650.sssok.com,0,benign,2025-01-02T20:10:00
1c9tf5x.info,1,cryptolocker,2025-01-01T14:46:00
yahoo.com,0,benign,2025-01-03T00:43:00
hisbutand.net,1,suppobox,2025-01-01T15:02:00
77p7hcdsnd9r.net,1,generic,2025-01-02T10:23:00
4umf38r.ru,1,cryptolocker,2025-01-01T18:03:00
host4778.uuald.com,0,benign,2025-01-04T07:38:00
nyz4shs.biz,1,cryptolocker,2025-01-03T09:32:00
waterfire.org,1,matsnu,2025-01-01T20:38:00
waterapple.org,1,matsnu,2025-01-02T05:05:00
thatwithhave.net,1,suppobox,2025-01-01T17:07:00
ihbzojltugsq.com,1,kraken,2025-01-02T01:25:00
host1547.zlgkx.com,0,benign,2025-01-02T01:47:00
withforthis.net,1,suppobox,2025-01-03T04:59:00
firetree.org,1,matsnu,2025-01-03T09:44:00
ozoawf.net,1,conficker,2025-01-03T08:42:00
host4007.dyvec.com,0,benign,2025-01-03T18:47:00
host1306.bdwxu.com,0,benign,2025-01-01T21:46:00
host2200.kchif.com,0,benign,2025-01-02T12:40:00
waterfig.org,1,matsnu,2025-01-01T12:41:00
host1607.cwmtn.com,0,benign,2025-01-02T02:47:00
host461.jfrbk.com,0,benign,2025-01-01T07:41:00
bhciorjwescp.com,1,kraken,2025-01-01T13:18:00
host319.rsrge.com,0,benign,2025-01-01T05:19:00
8mztcj7.biz,1,cryptolocker,2025-01-04T06:57:00
host4225.htedc.com,0,benign,2025-01-03T22:25:00
jbmqwb.net,1,conficker,2025-01-01T12:59:00
azure.com,0,benign,2025-01-02T05:56:00
host383.znorm.com,0,benign,2025-01-01T06:23:00
buugdqeyydsd.com,1,kraken,2025-01-02T11:20:00
host3036.vvyha.com,0,benign,2025-01-03T02:36:00
08qkmqx0u1emi9.tk,1,generic,2025-01-03T16:13:00
host2630.xnukf.com,0,benign,2025-01-02T19:50:00
5dp75gobbq4.cn,1,generic,2025-01-02T13:17:00
host3347.uwexi.com,0,benign,2025-01-03T07:47:00
host1364.louwk.com,0,benign,2025-01-01T22:44:00
ixuviapygnay.com,1,kraken,2025-01-02T16:23:00
host99.tdcje.com,0,benign,2025-01-01T01:39:00
r28qysj.info,1,cryptolocker,2025-01-01T00:20:00
eqohyggxkybn.com,1,kraken,2025-01-04T11:11:00
nintbvdsealt.com,1,kraken,2025-01-04T08:22:00
fizzo6p.biz,1,cryptolocker,2025-01-02T16:32:00
host4317.hrnfs.com,0,benign,2025-01-03T23:57:00
host946.qxgph.com,0,benign,2025-01-01T15:46:00
host3437.vqyqd.com,0,benign,2025-01-03T09:17:00
nothavethis.net,1,suppobox,2025-01-01T17:16:00
host3021.cwnwk.com,0,benign,2025-01-03T02:21:00
host1826.kjmmh.com,0,benign,2025-01-02T06:26:00
youbutnot.net,1,suppobox,2025-01-03T07:26:00
b1bs6hops72i4d6.biz,1,generic,2025-01-04T08:50:00
host2065.fkroy.com,0,benign,2025-01-02T10:25:00
host3933.xfzkd.com,0,benign,2025-01-03T17:33:00
pedbamfozxtc.com,1,kraken,2025-01-03T17:47:00
treewater.org,1,matsnu,2025-01-04T06:10:00
iyhmylv.net,1,conficker,2025-01-03T01:46:00
host4174.nfbgi.com,0,benign,2025-01-03T21:34:00
host51.tblrd.com,0,benign,2025-01-01T00:51:00
host4751.asiin.com,0,benign,2025-01-04T07:11:00
aiqmuiivlarg.com,1,kraken,2025-01-02T01:36:00
host1220.svqmv.com,0,benign,2025-01-01T20:20:00
host321.blssw.com,0,benign,2025-01-01T05:21:00
host1205.zhnxw.com,0,benign,2025-01-01T20:05:00
host4005.ewebq.com,0,benign,2025-01-03T18:45:00
cloudflare.com,0,benign,2025-01-01T09:55:00
waterwater.org,1,matsnu,2025-01-01T10:19:00
host2956.wnuiw.com,0,benign,2025-01-03T01:16:00
host1722.earkh.com,0,benign,2025-01-02T04:42:00
bing.com,0,benign,2025-01-01T09:23:00
host2969.icfam.com,0,benign,2025-01-03T01:29:00
owovmb.net,1,conficker,2025-01-01T20:33:00
host69.fkmqd.com,0,benign,2025-01-01T01:09:00
host1339.sspcc.com,0,benign,2025-01-01T22:19:00
y0ndguc.ru,1,cryptolocker,2025-01-04T03:56:00
host3495.nhaki.com,0,benign,2025-01-03T10:15:00
withnotthat.net,1,suppobox,2025-01-02T05:38:00
qfjf490.biz,1,cryptolocker,2025-01-03T12:55:00
wjgybmvknufy.com,1,kraken,2025-01-03T19:43:00
host4084.unqqg.com,0,benign,2025-01-03T20:04:00
hhwesvpyjjcl.com,1,kraken,2025-01-01T18:34:00
yeyvhakljmkv.com,1,kraken,2025-01-04T08:29:00
host185.vpqxl.com,0,benign,2025-01-01T03:05:00
host45.nbqws.com,0,benign,2025-01-01T00:45:00
host1910.kftyk.com,0,benign,2025-01-02T07:50:00
microsoft.com,0,benign,2025-01-01T01:40:00
cloudflare.com,0,benign,2025-01-01T20:14:00
host4743.mlnla.com,0,benign,2025-01-04T07:03:00
amazon.com,0,benign,2025-01-04T03:07:00
host3739.edqdt.com,0,benign,2025-01-03T14:19:00
host969.hjfob.com,0,benign,2025-01-01T16:09:00
zzrs5pv.biz,1,cryptolocker,2025-01-01T16:58:00
withhavenot.net,1,suppobox,2025-01-02T19:53:00
grapeelder.org,1,matsnu,2025-01-02T15:14:00
host220.nblwf.com,0,benign,2025-01-01T03:40:00
host4365.lsjqq.com,0,benign,2025-01-04T00:45:00
thathavehave.net,1,suppobox,2025-01-03T14:18:00
vqpax1p.ru,1,cryptolocker,2025-01-01T03:15:00
cfves94.ru,1,cryptolocker,2025-01-01T21:54:00
host2986.lukaq.com,0,benign,2025-01-03T01:46:00
vvmgurg.net,1,conficker,2025-01-02T23:42:00
fireelder.org,1,matsnu,2025-01-02T11:11:00
amazon.com,0,benign,2025-01-02T21:56:00
host1778.gxzma.com,0,benign,2025-01-02T05:38:00
host4139.mrzif.com,0,benign,2025-01-03T20:59:00
u1z46hu.info,1,cryptolocker,2025-01-03T11:24:00
microsoft.com,0,benign,2025-01-02T03:46:00
facebook.com,0,benign,2025-01-02T10:41:00
umr3i4eh76.biz,1,generic,2025-01-03T13:41:00
host2794.cmuoq.com,0,benign,2025-01-02T22:34:00
czdpjkekxoyk.com,1,kraken,2025-01-02T04:54:00
q5gqov7.ru,1,cryptolocker,2025-01-03T21:15:00
pcydy8i6gqxi.tk,1,generic,2025-01-02T21:39:00
lminmr.net,1,conficker,2025-01-01T23:30:00
dwgragkbsjny.com,1,kraken,2025-01-02T19:29:00
wikipedia.org,0,benign,2025-01-04T09:32:00
w5tkw00.biz,1,cryptolocker,2025-01-03T21:17:00
host1648.uodie.com,0,benign,2025-01-02T03:28:00
peagtdj.net,1,conficker,2025-01-03T19:40:00
bananaapple.org,1,matsnu,2025-01-02T22:04:00
host3003.ukljs.com,0,benign,2025-01-03T02:03:00
host669.rumac.com,0,benign,2025-01-01T11:09:00
g05pay68y0.com,1,generic,2025-01-04T06:47:00
k5pdx1c.biz,1,cryptolocker,2025-01-02T19:18:00
host3700.ivpzk.com,0,benign,2025-01-03T13:40:00
figwater.org,1,matsnu,2025-01-02T00:54:00
elderwater.org,1,matsnu,2025-01-02T23:57:00
cherrycherry.org,1,matsnu,2025-01-01T05:37:00
yxajogg.info,1,cryptolocker,2025-01-01T15:03:00
dup2paa.ru,1,cryptolocker,2025-01-04T00:41:00
host3377.bmbro.com,0,benign,2025-01-03T08:17:00
host3023.vuwfp.com,0,benign,2025-01-03T02:23:00
withbutwith.net,1,suppobox,2025-01-02T12:36:00
host283.zhpdm.com,0,benign,2025-01-01T04:43:00
netflix.com,0,benign,2025-01-02T06:11:00
host1773.fzgjz.com,0,benign,2025-01-02T05:33:00
host3309.hkmos.com,0,benign,2025-01-03T07:09:00
qzfrutsc.net,1,conficker,2025-01-01T10:39:00
jtzyjsdiuwfs.com,1,kraken,2025-01-04T11:10:00
andbutthat.net,1,suppobox,2025-01-04T03:36:00
xfdxoyjbjxhr.com,1,kraken,2025-01-03T07:28:00
haveyouhave.net,1,suppobox,2025-01-02T00:33:00
office.com,0,benign,2025-01-04T04:50:00
watercherry.org,1,matsnu,2025-01-01T08:17:00
host2146.pkncu.com,0,benign,2025-01-02T11:46:00
host52.xhceh.com,0,benign,2025-01-01T00:52:00
host3303.vfanb.com,0,benign,2025-01-03T07:03:00
host3892.gnqhl.com,0,benign,2025-01-03T16:52:00
kiyqzeza.net,1,conficker,2025-01-03T19:21:00
stonecherry.org,1,matsnu,2025-01-01T03:31:00
rocktree.org,1,matsnu,2025-01-04T05:13:00
host3881.avqmn.com,0,benign,2025-01-03T16:41:00
host853.javqw.com,0,benign,2025-01-01T14:13:00
0wjgfna.biz,1,cryptolocker,2025-01-04T06:14:00
treeapple.org,1,matsnu,2025-01-04T06:41:00
andtheythis.net,1,suppobox,2025-01-04T03:33:00
host4378.ajxfz.com,0,benign,2025-01-04T00:58:00
pyrqwnhyfftn.com,1,kraken,2025-01-03T21:37:00
host4235.zcfti.com,0,benign,2025-01-03T22:35:00
amazon.com,0,benign,2025-01-03T06:58:00
z8cloj9.info,1,cryptolocker,2025-01-02T20:14:00
host4493.ebbei.com,0,benign,2025-01-04T02:53:00
iazvq.net,1,conficker,2025-01-03T04:23:00
theythatnot.net,1,suppobox,2025-01-02T16:07:00
slack.com,0,benign,2025-01-02T19:34:00
host4930.jjaug.com,0,benign,2025-01-04T10:10:00
78ifs1o.ru,1,cryptolocker,2025-01-02T23:46:00
epejtiwmqcmz.com,1,kraken,2025-01-02T07:22:00
kxlih02.biz,1,cryptolocker,2025-01-04T08:46:00
host3242.xlylv.com,0,benign,2025-01-03T06:02:00
thishaveand.net,1,suppobox,2025-01-02T20:07:00
6kbsjru.biz,1,cryptolocker,2025-01-03T18:25:00
gr148l0.info,1,cryptolocker,2025-01-02T17:32:00
ptevvaklztrk.com,1,kraken,2025-01-03T21:08:00
host426.ckbus.com,0,benign,2025-01-01T07:06:00
host2701.iijry.com,0,benign,2025-01-02T21:01:00
host2575.dxjwd.com,0,benign,2025-01-02T18:55:00
histhathave.net,1,suppobox,2025-01-02T03:10:00
host2897.bkmta.com,0,benign,2025-01-03T00:17:00
11rzm8u.info,1,cryptolocker,2025-01-03T15:28:00
thattheybut.net,1,suppobox,2025-01-01T20:27:00
dfeehvn.net,1,conficker,2025-01-03T13:36:00
microsoft.com,0,benign,2025-01-04T10:15:00
oud88c4.info,1,cryptolocker,2025-01-02T17:00:00
rockfire.org,1,matsnu,2025-01-01T01:04:00
host1916.wftbg.com,0,benign,2025-01-02T07:56:00
wcwfsgoakfje.com,1,kraken,2025-01-03T03:14:00
byjqyhdzncxf.com,1,kraken,2025-01-01T23:52:00
poejcybvxrwd.com,1,kraken,2025-01-02T08:41:00
host17.uykxe.com,0,benign,2025-01-01T00:17:00
office.com,0,benign,2025-01-03T04:15:00
host4019.tklpr.com,0,benign,2025-01-03T18:59:00
fzjqesrgrdvy.com,1,kraken,2025-01-02T12:39:00
host4928.rhccc.com,0,benign,2025-01-04T10:08:00
host3899.yuyxn.com,0,benign,2025-01-03T16:59:00
github.com,0,benign,2025-01-01T19:20:00
salesforce.com,0,benign,2025-01-02T03:49:00
host4540.mdejj.com,0,benign,2025-01-04T03:40:00
fmlzrig.net,1,conficker,2025-01-01T20:36:00
all37gi.info,1,cryptolocker,2025-01-01T07:27:00
1hon04q3x1870.biz,1,generic,2025-01-03T18:03:00
host2763.gycuh.com,0,benign,2025-01-02T22:03:00
rockbanana.org,1,matsnu,2025-01-04T00:11:00
live.com,0,benign,2025-01-02T15:07:00
pmgcxaduhrne.com,1,kraken,2025-01-02T21:28:00
bing.com,0,benign,2025-01-02T11:06:00
ctz15kp.ru,1,cryptolocker,2025-01-02T04:25:00
host2021.agdrt.com,0,benign,2025-01-02T09:41:00
host1438.fzbql.com,0,benign,2025-01-01T23:58:00
host3590.pkvmt.com,0,benign,2025-01-03T11:50:00
host1933.vgvat.com,0,benign,2025-01-02T08:13:00
host208.qvgbj.com,0,benign,2025-01-01T03:28:00
host4232.kjvqe.com,0,benign,2025-01-03T22:32:00
host1223.znhpq.com,0,benign,2025-01-01T20:23:00
okfvihawi.ru,1,generic,2025-01-02T23:37:00
klaz6sy.ru,1,cryptolocker,2025-01-03T00:47:00
withhisnot.net,1,suppobox,2025-01-02T09:08:00
grapefire.org,1,matsnu,2025-01-03T01:53:00
ncg6joc.ru,1,cryptolocker,2025-01-02T18:24:00
vsooxxzw.net,1,conficker,2025-01-01T08:43:00
salesforce.com,0,benign,2025-01-01T11:47:00
havethisand.net,1,suppobox,2025-01-03T15:27:00
host4086.gaive.com,0,benign,2025-01-03T20:06:00
yahoo.com,0,benign,2025-01-02T04:14:00
host4202.vcllx.com,0,benign,2025-01-03T22:02:00
host3830.vzusn.com,0,benign,2025-01-03T15:50:00
cloudflare.com,0,benign,2025-01-01T16:43:00
host2148.wahgw.com,0,benign,2025-01-02T11:48:00
host456.dgjvc.com,0,benign,2025-01-01T07:36:00
npugxvi.net,1,conficker,2025-01-01T07:53:00
cmwtvwstwdau.com,1,kraken,2025-01-03T19:03:00
host2066.ckiwu.com,0,benign,2025-01-02T10:26:00
office.com,0,benign,2025-01-04T01:20:00
host1484.mvvpq.com,0,benign,2025-01-02T00:44:00
host1890.mtskg.com,0,benign,2025-01-02T07:30:00
host3547.zodrf.com,0,benign,2025-01-03T11:07:00
host1162.eetmi.com,0,benign,2025-01-01T19:22:00
fortheyand.net,1,suppobox,2025-01-04T01:04:00
host4855.tofbo.com,0,benign,2025-01-04T08:55:00
figstone.org,1,matsnu,2025-01-04T02:50:00
zieyptk.info,1,cryptolocker,2025-01-03T06:41:00
3wjnq92.biz,1,cryptolocker,2025-01-02T23:24:00
treewater.org,1,matsnu,2025-01-03T02:00:00
host4326.bqfot.com,0,benign,2025-01-04T00:06:00
host1086.dwsrm.com,0,benign,2025-01-01T18:06:00
tljpt.net,1,conficker,2025-01-02T10:27:00
host4731.xuuuq.com,0,benign,2025-01-04T06:51:00
host1077.kgkjc.com,0,benign,2025-01-01T17:57:00
host844.hdnur.com,0,benign,2025-01-01T14:04:00
host4764.rqmls.com,0,benign,2025-01-04T07:24:00
host1456.gabtu.com,0,benign,2025-01-02T00:16:00
xvtbubx.net,1,conficker,2025-01-01T19:47:00
oofsd.net,1,conficker,2025-01-04T08:14:00
c23n849n2yff4rm.info,1,generic,2025-01-03T16:42:00
figfig.org,1,matsnu,2025-01-02T17:52:00
host776.osanh.com,0,benign,2025-01-01T12:56:00
havetheyou.net,1,suppobox,2025-01-02T05:52:00
host435.kvlxs.com,0,benign,2025-01-01T07:15:00
host1888.wscsj.com,0,benign,2025-01-02T07:28:00
host1780.jazap.com,0,benign,2025-01-02T05:40:00
host4470.fjfzk.com,0,benign,2025-01-04T02:30:00
host390.wpzyj.com,0,benign,2025-01-01T06:30:00
host1126.dwjzv.com,0,benign,2025-01-01T18:46:00
host3550.smdtk.com,0,benign,2025-01-03T11:10:00
host562.nkryu.com,0,benign,2025-01-01T09:22:00
firefig.org,1,matsnu,2025-01-01T22:40:00
figdate.org,1,matsnu,2025-01-02T12:20:00
yhztyb.net,1,conficker,2025-01-02T19:04:00
host1389.ilbzo.com,0,benign,2025-01-01T23:09:00
host3056.mnggm.com,0,benign,2025-01-03T02:56:00
bananaapple.org,1,matsnu,2025-01-04T05:54:00
mbsdrhxhavzd.com,1,kraken,2025-01-02T21:06:00
apple.com,0,benign,2025-01-02T03:34:00
host1706.pslwq.com,0,benign,2025-01-02T04:26:00
host2597.mmfgi.com,0,benign,2025-01-02T19:17:00
kkylnzcxwbpl.com,1,kraken,2025-01-02T04:02:00
host4702.bxmnc.com,0,benign,2025-01-04T06:22:00
google.com,0,benign,2025-01-02T08:51:00
cherryfire.org,1,matsnu,2025-01-02T10:29:00
egxhhtiillny.com,1,kraken,2025-01-02T20:24:00
6xsxhck.info,1,cryptolocker,2025-01-02T14:22:00
host699.wkrxd.com,0,benign,2025-01-01T11:39:00
figfig.org,1,matsnu,2025-01-04T04:08:00
yvcqor.net,1,conficker,2025-01-03T02:28:00
treestone.org,1,matsnu,2025-01-01T03:47:00
phpgtwe.net,1,conficker,2025-01-03T01:58:00
wikipedia.org,0,benign,2025-01-01T05:22:00
theandthey.net,1,suppobox,2025-01-02T07:45:00
host3800.pqnmm.com,0,benign,2025-01-03T15:20:00
host1356.xkiry.com,0,benign,2025-01-01T22:36:00
host3583.uukea.com,0,benign,2025-01-03T11:43:00
withfromthis.net,1,suppobox,2025-01-02T21:52:00
host775.csqjv.com,0,benign,2025-01-01T12:55:00
saoongrqkpjx.com,1,kraken,2025-01-03T02:37:00
hmirurhcgekh.com,1,kraken,2025-01-01T15:35:00
host3828.jkabn.com,0,benign,2025-01-03T15:48:00
microsoft.com,0,benign,2025-01-02T15:20:00
thattheyand.net,1,suppobox,2025-01-02T00:31:00
ibvgisqxgndk.com,1,kraken,2025-01-01T19:07:00
host4978.flgfv.com,0,benign,2025-01-04T10:58:00
h3fxvxq4ctwnwg8h6.com,1,generic,2025-01-02T01:22:00
host3764.xlalk.com,0,benign,2025-01-03T14:44:00
host172.swlmj.com,0,benign,2025-01-01T02:52:00
9v7baer.biz,1,cryptolocker,2025-01-03T06:00:00
host2362.uqmlu.com,0,benign,2025-01-02T15:22:00
2j9fdvc.biz,1,cryptolocker,2025-01-04T01:17:00
host1348.fafgs.com,0,benign,2025-01-01T22:28:00
havewithhis.net,1,suppobox,2025-01-02T06:52:00
linkedin.com,0,benign,2025-01-01T11:17:00
facebook.com,0,benign,2025-01-03T07:54:00
host4673.bmqoc.com,0,benign,2025-01-04T05:53:00
host766.gguqt.com,0,benign,2025-01-01T12:46:00
host2667.vpsig.com,0,benign,2025-01-02T20:27:00
host101.zzwql.com,0,benign,2025-01-01T01:41:00
host1821.gnhks.com,0,benign,2025-01-02T06:21:00
host1448.uwrhm.com,0,benign,2025-01-02T00:08:00
waterrock.org,1,matsnu,2025-01-03T22:56:00
waterdate.org,1,matsnu,2025-01-02T22:16:00
rockdate.org,1,matsnu,2025-01-02T19:30:00
host2414.gjlgn.com,0,benign,2025-01-02T16:14:00
owintu.net,1,conficker,2025-01-02T08:48:00
host854.wddun.com,0,benign,2025-01-01T14:14:00
a92kudyeq6lqb.org,1,generic,2025-01-02T04:16:00
yjudrracqoen.com,1,kraken,2025-01-01T00:06:00
pcx5aw4klnl6qbfosl.com,1,generic,2025-01-02T07:49:00
clggrnmnabni.com,1,kraken,2025-01-01T06:11:00
ehbcx.net,1,conficker,2025-01-02T22:56:00
mbzfbxbudcnn.com,1,kraken,2025-01-02T08:10:00
829ss8nlzr1d48.com,1,generic,2025-01-02T14:42:00
host1359.tjfny.com,0,benign,2025-01-01T22:39:00
ga38m3a.info,1,cryptolocker,2025-01-02T15:39:00
google.com,0,benign,2025-01-03T17:08:00
host2623.ilpyi.com,0,benign,2025-01-02T19:43:00
host2468.dcwru.com,0,benign,2025-01-02T17:08:00
ppkcce0z8noyf3.ru,1,generic,2025-01-02T21:18:00
host3572.aqkzu.com,0,benign,2025-01-03T11:32:00
github.com,0,benign,2025-01-02T03:36:00
znrpdygkfnqf.com,1,kraken,2025-01-01T05:49:00
gbuaz24.ru,1,cryptolocker,2025-01-04T02:39:00
xtyk4eh.info,1,cryptolocker,2025-01-04T03:05:00
host3008.mzqlx.com,0,benign,2025-01-03T02:08:00
host1882.zhncg.com,0,benign,2025-01-02T07:22:00
salesforce.com,0,benign,2025-01-02T22:15:00
szxyomolkzcv.com,1,kraken,2025-01-02T11:16:00
slack.com,0,benign,2025-01-03T08:55:00
andwiththat.net,1,suppobox,2025-01-04T01:44:00
amazon.com,0,benign,2025-01-01T21:05:00
firestone.org,1,matsnu,2025-01-02T08:51:00
host3417.ppdmu.com,0,benign,2025-01-03T08:57:00
host1076.tuvgs.com,0,benign,2025-01-01T17:56:00
fromyoufrom.net,1,suppobox,2025-01-02T07:00:00
nievibtx.net,1,conficker,2025-01-01T05:14:00
host4287.bzyll.com,0,benign,2025-01-03T23:27:00
yepczyhvuuuu.com,1,kraken,2025-01-02T11:19:00
host2291.xxkgn.com,0,benign,2025-01-02T14:11:00
office.com,0,benign,2025-01-02T14:33:00
host3957.vbods.com,0,benign,2025-01-03T17:57:00
tqhwwognqhdn.com,1,kraken,2025-01-02T04:47:00
host790.lislb.com,0,benign,2025-01-01T13:10:00
host4296.dosys.com,0,benign,2025-01-03T23:36:00
mvbyedksbnyg.com,1,kraken,2025-01-02T16:53:00
daterock.org,1,matsnu,2025-01-02T11:50:00
grapestone.org,1,matsnu,2025-01-01T20:57:00
r0mtzyw.info,1,cryptolocker,2025-01-02T16:02:00
yahoo.com,0,benign,2025-01-02T00:57:00
hoexeiuyzcms.com,1,kraken,2025-01-03T03:56:00
zihscudghkpk.com,1,kraken,2025-01-02T05:04:00
host4108.yadvk.com,0,benign,2025-01-03T20:28:00
host4607.ktuxo.com,0,benign,2025-01-04T04:47:00
cherrygrape.org,1,matsnu,2025-01-03T17:29:00
host4042.fhckp.com,0,benign,2025-01-03T19:22:00
host4468.hjdcs.com,0,benign,2025-01-04T02:28:00
host1248.rjfwy.com,0,benign,2025-01-01T20:48:00
thattheyyou.net,1,suppobox,2025-01-01T04:00:00
aakmusvw5hc89zma.info,1,generic,2025-01-01T22:32:00
host2241.lgktu.com,0,benign,2025-01-02T13:21:00
azure.com,0,benign,2025-01-01T19:07:00
bananabanana.org,1,matsnu,2025-01-03T17:36:00
cloudflare.com,0,benign,2025-01-03T12:27:00
noadfiqa.net,1,conficker,2025-01-02T00:36:00
host694.esomm.com,0,benign,2025-01-01T11:34:00
avbsddhg.net,1,conficker,2025-01-03T20:44:00
host688.flxrj.com,0,benign,2025-01-01T11:28:00
host3754.zhrge.com,0,benign,2025-01-03T14:34:00
thxshcmiesjm.com,1,kraken,2025-01-03T18:20:00
rockelder.org,1,matsnu,2025-01-01T13:28:00
szxmf8iv1l1w.info,1,generic,2025-01-03T10:04:00
salesforce.com,0,benign,2025-01-01T19:05:00
host1576.oecha.com,0,benign,2025-01-02T02:16:00
fromthethey.net,1,suppobox,2025-01-03T11:34:00
host1380.kkdzd.com,0,benign,2025-01-01T23:00:00
microsoft.com,0,benign,2025-01-03T01:01:00
715hhm3ih6yotovh.biz,1,generic,2025-01-01T12:48:00
wikipedia.org,0,benign,2025-01-04T06:37:00
facebook.com,0,benign,2025-01-03T08:14:00
host2925.jagvm.com,0,benign,2025-01-03T00:45:00
grapefig.org,1,matsnu,2025-01-03T06:34:00
github.com,0,benign,2025-01-03T05:20:00
host2097.zlgrk.com,0,benign,2025-01-02T10:57:00
yodtox.net,1,conficker,2025-01-01T13:19:00
host3675.afkwh.com,0,benign,2025-01-03T13:15:00
e85qw3177ts6ekd.info,1,generic,2025-01-02T10:05:00
host806.njrwp.com,0,benign,2025-01-01T13:26:00
xprxtdd.net,1,conficker,2025-01-02T09:45:00
h01au37i2nk96.cn,1,generic,2025-01-02T15:07:00
thathavenot.net,1,suppobox,2025-01-02T07:52:00
camilzlnqfmu.com,1,kraken,2025-01-02T23:00:00
grapetree.org,1,matsnu,2025-01-02T13:51:00
spkixil1wcsmnfwoh.biz,1,generic,2025-01-04T09:34:00
host1386.insku.com,0,benign,2025-01-01T23:06:00
host1274.pxjzo.com,0,benign,2025-01-01T21:14:00
andhisnot.net,1,suppobox,2025-01-02T00:22:00
host39.ozryc.com,0,benign,2025-01-01T00:39:00
host1411.prjcs.com,0,benign,2025-01-01T23:31:00
host256.tnwqu.com,0,benign,2025-01-01T04:16:00
cgiraux.biz,1,cryptolocker,2025-01-01T08:27:00
host1131.gdyiw.com,0,benign,2025-01-01T18:51:00
hishavenot.net,1,suppobox,2025-01-03T18:55:00
host4267.wauxf.com,0,benign,2025-01-03T23:07:00
4y028qxi6z30k3kthfy.info,1,generic,2025-01-01T22:34:00
host668.vpjqy.com,0,benign,2025-01-01T11:08:00
8l0kuun.biz,1,cryptolocker,2025-01-03T10:34:00
histhewith.net,1,suppobox,2025-01-03T15:06:00
host3629.ypful.com,0,benign,2025-01-03T12:29:00
oxzacyg.net,1,conficker,2025-01-01T12:05:00
andtheyyou.net,1,suppobox,2025-01-01T03:13:00
youwiththey.net,1,suppobox,2025-01-02T01:06:00
host2011.tscen.com,0,benign,2025-01-02T09:31:00
butbutthis.net,1,suppobox,2025-01-01T18:35:00
qddy5it.ru,1,cryptolocker,2025-01-03T20:04:00
thetheyfrom.net,1,suppobox,2025-01-02T00:03:00
rqdhmfpofrcd.com,1,kraken,2025-01-01T07:36:00
host2510.flurt.com,0,benign,2025-01-02T17:50:00
host4933.hxujd.com,0,benign,2025-01-04T10:13:00
f9rk3mu.ru,1,cryptolocker,2025-01-03T20:51:00
host3752.unizo.com,0,benign,2025-01-03T14:32:00
host2116.efeoo.com,0,benign,2025-01-02T11:16:00
host1152.acvuf.com,0,benign,2025-01-01T19:12:00
host949.yolxa.com,0,benign,2025-01-01T15:49:00
dkcrpdp.net,1,conficker,2025-01-02T18:19:00
host1834.rvjbt.com,0,benign,2025-01-02T06:34:00
vgygcdeg.net,1,conficker,2025-01-03T18:16:00
host277.rxfua.com,0,benign,2025-01-01T04:37:00
mr1pxss.biz,1,cryptolocker,2025-01-03T06:05:00
host4016.khial.com,0,benign,2025-01-03T18:56:00
host3888.wksue.com,0,benign,2025-01-03T16:48:00
host2014.flwhc.com,0,benign,2025-01-02T09:34:00
host4981.cgmjf.com,0,benign,2025-01-04T11:01:00
z25o2qn.ru,1,cryptolocker,2025-01-04T00:36:00
host4523.ayius.com,0,benign,2025-01-04T03:23:00
lnssm.net,1,conficker,2025-01-02T07:53:00
host3914.nsykb.com,0,benign,2025-01-03T17:14:00
mrrqsocg46uvrw4.com,1,generic,2025-01-01T10:50:00
host2973.cvlsk.com,0,benign,2025-01-03T01:33:00
gvwia.net,1,conficker,2025-01-04T05:50:00
firedate.org,1,matsnu,2025-01-02T03:33:00
host4391.kdevm.com,0,benign,2025-01-04T01:11:00
host829.eorbn.com,0,benign,2025-01-01T13:49:00
google.com,0,benign,2025-01-01T09:30:00
host1318.licvs.com,0,benign,2025-01-01T21:58:00
iuekunqpngap.com,1,kraken,2025-01-01T19:34:00
havehavehave.net,1,suppobox,2025-01-04T07:53:00
gbvdjwtj.net,1,conficker,2025-01-03T14:06:00
host1504.xljjv.com,0,benign,2025-01-02T01:04:00
3g2xfncvo.info,1,generic,2025-01-01T08:07:00
bffxhoi.net,1,conficker,2025-01-03T13:22:00
nwykcprcfxvd.com,1,kraken,2025-01-02T06:42:00
ldjcrj3.ru,1,cryptolocker,2025-01-02T02:07:00
host3139.dbryl.com,0,benign,2025-01-03T04:19:00
cxrojmoc.net,1,conficker,2025-01-02T06:20:00
eldergrape.org,1,matsnu,2025-01-01T22:30:00
host1553.geakf.com,0,benign,2025-01-02T01:53:00
3d9ck67xaghvafg84ejd.ru,1,generic,2025-01-02T12:22:00
qcrirsopkigv.com,1,kraken,2025-01-01T00:53:00
alptqxp.info,1,cryptolocker,2025-01-03T03:36:00
butwithwith.net,1,suppobox,2025-01-04T05:30:00
putwgqjoocik.com,1,kraken,2025-01-01T00:16:00
ohgtp.net,1,conficker,2025-01-01T07:33:00
sgwkf.net,1,conficker,2025-01-03T21:52:00
grapeapple.org,1,matsnu,2025-01-02T14:43:00
theyandthis.net,1,suppobox,2025-01-03T07:30:00
g4vp097.biz,1,cryptolocker,2025-01-02T01:13:00
host2170.eqqak.com,0,benign,2025-01-02T12:10:00
host2568.ifwvq.com,0,benign,2025-01-02T18:48:00
host492.cqtje.com,0,benign,2025-01-01T08:12:00
gzvzhyieddfl.com,1,kraken,2025-01-01T06:43:00
host3216.njbiz.com,0,benign,2025-01-03T05:36:00
host1286.tnuaq.com,0,benign,2025-01-01T21:26:00
host2057.xhgwh.com,0,benign,2025-01-02T10:17:00
cloudflare.com,0,benign,2025-01-03T03:52:00
inpuichlqjai.com,1,kraken,2025-01-03T03:40:00
office.com,0,benign,2025-01-01T21:24:00
office.com,0,benign,2025-01-01T19:03:00
pxg1v7n.biz,1,cryptolocker,2025-01-02T13:19:00
apple.co,0,benign,2025-01-03T20:18:00
andhisthat.net,1,suppobox,2025-01-02T03:39:00
host4589.ugvda.com,0,benign,2025-01-04T04:29:00
cherryfire.org,1,matsnu,2025-01-02T14:27:00
host4334.rpqvk.com,0,benign,2025-01-04T00:14:00
azure.com,0,benign,2025-01-03T03:45:00
host1192.gofhx.com,0,benign,2025-01-01T19:52:00
host3356.lndrz.com,0,benign,2025-01-03T07:56:00
host4192.qubov.com,0,benign,2025-01-03T21:52:00
thatyouthey.net,1,suppobox,2025-01-04T04:28:00
host2563.hphbj.com,0,benign,2025-01-02T18:43:00
mmpvop.net,1,conficker,2025-01-03T03:53:00
eupfxc8.biz,1,cryptolocker,2025-01-03T20:05:00
google.com,0,benign,2025-01-01T00:46:00
9s8cxi1.ru,1,cryptolocker,2025-01-03T15:44:00
grapeapple.org,1,matsnu,2025-01-01T01:50:00
host21.vnpgx.com,0,benign,2025-01-01T00:21:00
grapetree.org,1,matsnu,2025-01-04T07:08:00
nchlyaxlrzfl.com,1,kraken,2025-01-01T01:14:00
host1664.gfrmc.com,0,benign,2025-01-02T03:44:00
qkkhjjo.net,1,conficker,2025-01-03T19:42:00
yxagtv.net,1,conficker,2025-01-02T02:25:00
host920.hmbzd.com,0,benign,2025-01-01T15:20:00
watercherry.org,1,matsnu,2025-01-01T08:37:00
ddeo6ox.info,1,cryptolocker,2025-01-01T14:06:00
salesforce.com,0,benign,2025-01-01T02:21:00
host2247.lperd.com,0,benign,2025-01-02T13:27:00
pwvmmpxfemlu.com,1,kraken,2025-01-03T10:25:00
apple.com,0,benign,2025-01-03T03:12:00
fgi0rnly93wra4.org,1,generic,2025-01-02T14:29:00
host3475.morqe.com,0,benign,2025-01-03T09:55:00
udxpyvvboqvq.com,1,kraken,2025-01-03T05:35:00
yahoo.com,0,benign,2025-01-01T19:53:00
nf84oomv63d6d.cn,1,generic,2025-01-01T15:38:00
salesforce.com,0,benign,2025-01-01T03:29:00
host1250.kencj.com,0,benign,2025-01-01T20:50:00
appleelder.org,1,matsnu,2025-01-03T02:42:00
notfromyou.net,1,suppobox,2025-01-03T15:45:00
1j0aw7jjkc1v6uzfsl.cn,1,generic,2025-01-02T03:36:00
host1042.tkiek.com,0,benign,2025-01-01T17:22:00
butfornot.net,1,suppobox,2025-01-04T11:19:00
huf49nk.ru,1,cryptolocker,2025-01-04T02:55:00
grapeelder.org,1,matsnu,2025-01-03T04:20:00
applefig.org,1,matsnu,2025-01-04T06:48:00
host3448.tkipk.com,0,benign,2025-01-03T09:28:00
host3370.ctupp.com,0,benign,2025-01-03T08:10:00
host1989.txxjt.com,0,benign,2025-01-02T09:09:00
fromyoufor.net,1,suppobox,2025-01-02T23:56:00
host4088.nvakm.com,0,benign,2025-01-03T20:08:00
host2387.sknys.com,0,benign,2025-01-02T15:47:00
buttheyfor.net,1,suppobox,2025-01-03T19:32:00
tsr4phe.ru,1,cryptolocker,2025-01-03T00:45:00
c6tezbnw27uu0ys39.tk,1,generic,2025-01-01T19:04:00
host3088.ncldm.com,0,benign,2025-01-03T03:28:00
host1797.fxbrz.com,0,benign,2025-01-02T05:57:00
host1742.qroky.com,0,benign,2025-01-02T05:02:00
host3948.kvaco.com,0,benign,2025-01-03T17:48:00
amazon.com,0,benign,2025-01-01T02:57:00
1naqywc2dh.info,1,generic,2025-01-02T17:51:00
microsoft.com,0,benign,2025-01-02T21:58:00
aws.amazon.com,0,benign,2025-01-03T18:44:00
i8waktwfnnxd8pw.info,1,generic,2025-01-01T19:11:00
524gvi6zkvzl.com,1,generic,2025-01-04T06:50:00
host2491.jxgdk.com,0,benign,2025-01-02T17:31:00
host1189.yyemq.com,0,benign,2025-01-01T19:49:00
hc6dvx8jikdb7y4m.tk,1,generic,2025-01-03T16:01:00
bnoktnnpowmz.com,1,kraken,2025-01-02T07:59:00
host315.evmra.com,0,benign,2025-01-01T05:15:00
host1960.anyqi.com,0,benign,2025-01-02T08:40:00
host4665.ehhbd.com,0,benign,2025-01-04T05:45:00
github.com,0,benign,2025-01-03T04:05:00
kcedapncmucp.com,1,kraken,2025-01-03T11:38:00
22ajmhs.biz,1,cryptolocker,2025-01-02T12:01:00
otxioo.net,1,conficker,2025-01-02T21:55:00
nmntqgh.net,1,conficker,2025-01-03T09:25:00
host4133.uqlde.com,0,benign,2025-01-03T20:53:00
bamewykmrzdj.com,1,kraken,2025-01-03T22:18:00
host2669.mpjpk.com,0,benign,2025-01-02T20:29:00
sbqsyzoxnbem.com,1,kraken,2025-01-01T15:10:00
younotnot.net,1,suppobox,2025-01-04T03:55:00
b3vfxm51fnu5a96b.com,1,generic,2025-01-03T17:09:00
host3277.kdoas.com,0,benign,2025-01-03T06:37:00
host1431.kmedz.com,0,benign,2025-01-01T23:51:00
host1613.zsxwh.com,0,benign,2025-01-02T02:53:00
host2551.eehum.com,0,benign,2025-01-02T18:31:00
applefire.org,1,matsnu,2025-01-01T15:58:00
tagt77t.info,1,cryptolocker,2025-01-01T12:56:00
thattheyhave.net,1,suppobox,2025-01-02T14:18:00
nfh68px.info,1,cryptolocker,2025-01-01T17:33:00
vpc2q7n.info,1,cryptolocker,2025-01-03T11:49:00
host2175.eqach.com,0,benign,2025-01-02T12:15:00
firebanana.org,1,matsnu,2025-01-04T02:08:00
nothaveand.net,1,suppobox,2025-01-03T10:36:00
ntvs5sw.info,1,cryptolocker,2025-01-01T11:27:00
fg4l6uwmobgkoq4gg.tk,1,generic,2025-01-02T07:11:00
host1050.hkdhk.com,0,benign,2025-01-01T17:30:00
stonestone.org,1,matsnu,2025-01-03T21:30:00
office.com,0,benign,2025-01-04T07:55:00
xiargwnxtnnp.com,1,kraken,2025-01-02T03:21:00
host1171.zmtrb.com,0,benign,2025-01-01T19:31:00
host3717.dzssb.com,0,benign,2025-01-03T13:57:00
andhisthey.net,1,suppobox,2025-01-03T01:26:00
p53jl8qdlgk4dgiu9.ru,1,generic,2025-01-03T03:47:00
watercherry.org,1,matsnu,2025-01-03T07:04:00
bzeqwnjqcqec.com,1,kraken,2025-01-04T07:21:00
host1458.wvufc.com,0,benign,2025-01-02T00:18:00
leyyhgh.net,1,conficker,2025-01-03T17:44:00
ffeps.net,1,conficker,2025-01-01T01:27:00
elderstone.org,1,matsnu,2025-01-01T06:14:00
cloudflare.com,0,benign,2025-01-04T03:02:00
microsoft.com,0,benign,2025-01-03T16:58:00
1ictfag.ru,1,cryptolocker,2025-01-01T23:27:00
notthishis.net,1,suppobox,2025-01-03T23:38:00
wikipedia.org,0,benign,2025-01-02T16:55:00
host4216.zhmad.com,0,benign,2025-01-03T22:16:00
uovotiwpunrs.com,1,kraken,2025-01-02T04:23:00
aws.amazon.com,0,benign,2025-01-03T16:09:00
y1fici4.ru,1,cryptolocker,2025-01-01T09:27:00
lrunxds.net,1,conficker,2025-01-01T06:51:00
host1301.jiguu.com,0,benign,2025-01-01T21:41:00
owqobkrvfmts.com,1,kraken,2025-01-03T22:25:00
host3963.bqgxy.com,0,benign,2025-01-03T18:03:00
host2778.ycgqs.com,0,benign,2025-01-02T22:18:00
host3018.yrnjb.com,0,benign,2025-01-03T02:18:00
rockgrape.org,1,matsnu,2025-01-04T08:44:00
host2311.xwhmm.com,0,benign,2025-01-02T14:31:00
host4509.osjni.com,0,benign,2025-01-04T03:09:00
wikipedia.org,0,benign,2025-01-02T06:05:00
oeoiqw.net,1,conficker,2025-01-01T02:44:00
elderelder.org,1,matsnu,2025-01-01T11:23:00
host2988.dtnob.com,0,benign,2025-01-03T01:48:00
treedate.org,1,matsnu,2025-01-02T03:55:00
host1015.oihbk.com,0,benign,2025-01-01T16:55:00
eawmbz8w3vz.tk,1,generic,2025-01-03T12:54:00
gaomjuc.net,1,conficker,2025-01-03T04:16:00
firecherry.org,1,matsnu,2025-01-04T02:09:00
google.com,0,benign,2025-01-02T22:50:00
host1807.qcspp.com,0,benign,2025-01-02T06:07:00
bcgeejpqfrmo.com,1,kraken,2025-01-03T08:21:00
haveandthis.net,1,suppobox,2025-01-03T01:59:00
host4276.pvdor.com,0,benign,2025-01-03T23:16:00
nmspaibqxpgl.com,1,kraken,2025-01-03T14:11:00
host3045.nccxh.com,0,benign,2025-01-03T02:45:00
host4566.hrngj.com,0,benign,2025-01-04T04:06:00
zvq9ypec3kxnzp9pul.com,1,generic,2025-01-02T01:11:00
host4011.ryshe.com,0,benign,2025-01-03T18:51:00
host4732.uunod.com,0,benign,2025-01-04T06:52:00
kkpmwtz.net,1,conficker,2025-01-03T04:57:00
host3425.yevry.com,0,benign,2025-01-03T09:05:00
hiogpbcfcnto.com,1,kraken,2025-01-02T05:36:00
host75.pumhg.com,0,benign,2025-01-01T01:15:00
host407.euppk.com,0,benign,2025-01-01T06:47:00
host2356.fayuf.com,0,benign,2025-01-02T15:16:00
host1642.glxol.com,0,benign,2025-01-02T03:22:00
mbdoh.net,1,conficker,2025-01-01T20:37:00
plb8i7yod.tk,1,generic,2025-01-03T06:49:00
host4619.vlyhv.com,0,benign,2025-01-04T04:59:00
jy0o10b.biz,1,cryptolocker,2025-01-03T03:08:00
facebook.com,0,benign,2025-01-03T18:22:00
cckbs60.biz,1,cryptolocker,2025-01-01T21:08:00
gmg9vpv28ohcjb0eggvo.org,1,generic,2025-01-03T23:16:00
netflix.com,0,benign,2025-01-01T18:28:00
host1351.lhofw.com,0,benign,2025-01-01T22:31:00
waterrock.org,1,matsnu,2025-01-03T02:50:00
host4676.yjtzg.com,0,benign,2025-01-04T05:56:00
qmhqv.net,1,conficker,2025-01-04T01:16:00
host3087.xlahv.com,0,benign,2025-01-03T03:27:00
host7.mmpah.com,0,benign,2025-01-01T00:07:00
e5nj3g5.ru,1,cryptolocker,2025-01-02T20:37:00
facebook.com,0,benign,2025-01-02T17:21:00
netflix.com,0,benign,2025-01-04T03:54:00
withthatwith.net,1,suppobox,2025-01-03T19:49:00
tvhjlbb.net,1,conficker,2025-01-01T05:38:00
haveandthat.net,1,suppobox,2025-01-01T01:37:00
hf1xkxx.biz,1,cryptolocker,2025-01-04T04:22:00
figfire.org,1,matsnu,2025-01-01T14:01:00
xidqzgda.net,1,conficker,2025-01-01T17:20:00
andthenot.net,1,suppobox,2025-01-03T01:38:00
vim3obm.ru,1,cryptolocker,2025-01-01T10:08:00
host1787.qnwbf.com,0,benign,2025-01-02T05:47:00
host1823.kruni.com,0,benign,2025-01-02T06:23:00
host13.cbwkn.com,0,benign,2025-01-01T00:13:00
2l71gb0sd9it7xr9.net,1,generic,2025-01-02T06:01:00
treeapple.org,1,matsnu,2025-01-04T10:20:00
host3782.yneuj.com,0,benign,2025-01-03T15:02:00
hisbutnot.net,1,suppobox,2025-01-02T19:12:00
host843.dkotz.com,0,benign,2025-01-01T14:03:00
k5wh9ospqmfguss.info,1,generic,2025-01-03T04:18:00
amazon.com,0,benign,2025-01-04T06:40:00
datestone.org,1,matsnu,2025-01-04T00:00:00
ochfpxf.net,1,conficker,2025-01-02T18:48:00
ayp89oe.biz,1,cryptolocker,2025-01-01T22:26:00
znh8akpuk1q8giwpb.com,1,generic,2025-01-03T01:01:00
8uk9z9o00i.com,1,generic,2025-01-03T12:16:00
host4514.gebfc.com,0,benign,2025-01-04T03:14:00
host1565.vvefm.com,0,benign,2025-01-02T02:05:00
host872.ejqxn.com,0,benign,2025-01-01T14:32:00
host4998.wovga.com,0,benign,2025-01-04T11:18:00
host2625.cppdn.com,0,benign,2025-01-02T19:45:00
stonegrape.org,1,matsnu,2025-01-01T10:49:00
thisfromand.net,1,suppobox,2025-01-01T05:32:00
host1079.evhef.com,0,benign,2025-01-01T17:59:00
vpfxjryp9.org,1,generic,2025-01-02T06:34:00
host505.aovqi.com,0,benign,2025-01-01T08:25:00
cherrygrape.org,1,matsnu,2025-01-01T12:44:00
jxiooq.net,1,conficker,2025-01-01T05:53:00
efagwskq.net,1,conficker,2025-01-02T20:32:00
h0ovmrk.info,1,cryptolocker,2025-01-04T05:32:00
8ia1w5z.biz,1,cryptolocker,2025-01-01T21:45:00
probm5ziy3rol.ru,1,generic,2025-01-01T09:42:00
facebook.com,0,benign,2025-01-01T15:19:00
host1224.locjv.com,0,benign,2025-01-01T20:24:00
cloudflare.com,0,benign,2025-01-02T17:04:00
host71.cpemk.com,0,benign,2025-01-01T01:11:00
host406.hrjjr.com,0,benign,2025-01-01T06:46:00
host2752.qbkwu.com,0,benign,2025-01-02T21:52:00
thatfromyou.net,1,suppobox,2025-01-03T09:26:00
hpbbtgz.net,1,conficker,2025-01-02T06:59:00
host4852.xaani.com,0,benign,2025-01-04T08:52:00
host4873.bioau.com,0,benign,2025-01-04T09:13:00
host2187.rwugv.com,0,benign,2025-01-02T12:27:00
oktbgjkzewgl.com,1,kraken,2025-01-03T06:22:00
linkedin.com,0,benign,2025-01-04T02:22:00
eldertree.org,1,matsnu,2025-01-01T21:25:00
5ir8y4i.biz,1,cryptolocker,2025-01-02T01:52:00
host2826.ywbxi.com,0,benign,2025-01-02T23:06:00
thatnotthe.net,1,suppobox,2025-01-02T19:36:00
wikipedia.org,0,benign,2025-01-02T00:14:00
cherryfig.org,1,matsnu,2025-01-03T22:13:00
byifvc.net,1,conficker,2025-01-03T22:45:00
bananadate.org,1,matsnu,2025-01-03T20:21:00
notyouthat.net,1,suppobox,2025-01-03T05:38:00
theynotwith.net,1,suppobox,2025-01-03T14:42:00
z1g9qn2c.org,1,generic,2025-01-03T23:52:00
jmbmnp1.ru,1,cryptolocker,2025-01-02T13:15:00
havethefor.net,1,suppobox,2025-01-03T13:10:00
cherrygrape.org,1,matsnu,2025-01-03T04:48:00
host1032.thzej.com,0,benign,2025-01-01T17:12:00
host2330.cczwb.com,0,benign,2025-01-02T14:50:00
zuoas1m1uqx8.net,1,generic,2025-01-04T08:01:00
host1510.afukq.com,0,benign,2025-01-02T01:10:00
host4925.dyqwf.com,0,benign,2025-01-04T10:05:00
live.com,0,benign,2025-01-03T05:46:00
host1221.pcicc.com,0,benign,2025-01-01T20:21:00
host967.pxuis.com,0,benign,2025-01-01T16:07:00
host3082.sshuh.com,0,benign,2025-01-03T03:22:00
5jym9lf.ru,1,cryptolocker,2025-01-01T03:33:00
dhzfjbak.net,1,conficker,2025-01-02T16:01:00
cherrystone.org,1,matsnu,2025-01-01T01:02:00
host1215.qbqnp.com,0,benign,2025-01-01T20:15:00
host3601.hablj.com,0,benign,2025-01-03T12:01:00
host4533.miarb.com,0,benign,2025-01-04T03:33:00
host143.gsjok.com,0,benign,2025-01-01T02:23:00
host2213.licuz.com,0,benign,2025-01-02T12:53:00
host3988.lvjrg.com,0,benign,2025-01-03T18:28:00
host2882.ircnw.com,0,benign,2025-01-03T00:02:00
detry.net,1,conficker,2025-01-03T20:35:00
v82x33464j.ru,1,generic,2025-01-01T08:49:00
elderfire.org,1,matsnu,2025-01-01T14:50:00
havefromthe.net,1,suppobox,2025-01-03T03:04:00
host1262.gfxox.com,0,benign,2025-01-01T21:02:00
e9lbfpw.ru,1,cryptolocker,2025-01-03T09:02:00
host2228.koqhb.com,0,benign,2025-01-02T13:08:00
p258jb2.ru,1,cryptolocker,2025-01-01T23:06:00
nothiswith.net,1,suppobox,2025-01-02T22:49:00
host2218.tibnf.com,0,benign,2025-01-02T12:58:00
lzhtnmfvbbev.com,1,kraken,2025-01-01T00:21:00
host122.mccau.com,0,benign,2025-01-01T02:02:00
sqjbhhx.info,1,cryptolocker,2025-01-03T12:15:00
host2699.wywgn.com,0,benign,2025-01-02T20:59:00
botbgzfxkqeq.com,1,kraken,2025-01-04T01:37:00
7pttfum07lne.ru,1,generic,2025-01-02T15:31:00
00mz4pa6slw71kvn.org,1,generic,2025-01-01T10:26:00
vdsrbfzaflja.com,1,kraken,2025-01-03T19:19:00
host170.mwkly.com,0,benign,2025-01-01T02:50:00
host3812.jqmjx.com,0,benign,2025-01-03T15:32:00
apple.co,0,benign,2025-01-03T17:00:00
unjpjfab.net,1,conficker,2025-01-02T03:47:00
histheythis.net,1,suppobox,2025-01-02T20:17:00
host355.fflco.com,0,benign,2025-01-01T05:55:00
host3693.hrbmj.com,0,benign,2025-01-03T13:33:00
host577.xhuek.com,0,benign,2025-01-01T09:37:00
ry44df4iiyqq4kqolxtp.org,1,generic,2025-01-03T10:05:00
aws.amazon.com,0,benign,2025-01-03T15:51:00
netflix.com,0,benign,2025-01-04T08:35:00
host191.zphdd.com,0,benign,2025-01-01T03:11:00
host299.xqtgh.com,0,benign,2025-01-01T04:59:00
microsoft.com,0,benign,2025-01-01T13:44:00
qp9hkvj.ru,1,cryptolocker,2025-01-01T07:35:00
host859.hxxde.com,0,benign,2025-01-01T14:19:00
frg2nac.biz,1,cryptolocker,2025-01-04T05:38:00
eldergrape.org,1,matsnu,2025-01-03T10:41:00
host965.fkhms.com,0,benign,2025-01-01T16:05:00
host4417.sjnls.com,0,benign,2025-01-04T01:37:00
figstone.org,1,matsnu,2025-01-03T22:12:00
w2gyi5i.biz,1,cryptolocker,2025-01-04T02:52:00
host1716.xtxle.com,0,benign,2025-01-02T04:36:00
host4937.mihaa.com,0,benign,2025-01-04T10:17:00
host1689.fixap.com,0,benign,2025-01-02T04:09:00
piyqrcz.net,1,conficker,2025-01-03T08:31:00
bjhhd.net,1,conficker,2025-01-01T08:36:00
hgpetagyirkv.com,1,kraken,2025-01-02T17:56:00
host2859.noyrl.com,0,benign,2025-01-02T23:39:00
fvqdvgqavkaa.com,1,kraken,2025-01-02T21:34:00
thathisyou.net,1,suppobox,2025-01-01T03:32:00
host3124.myemt.com,0,benign,2025-01-03T04:04:00
host1414.yjyhz.com,0,benign,2025-01-01T23:34:00
host1034.yncxc.com,0,benign,2025-01-01T17:14:00
host189.ythwd.com,0,benign,2025-01-01T03:09:00
butwithfor.net,1,suppobox,2025-01-04T01:56:00
laehakxj.net,1,conficker,2025-01-02T15:45:00
host1187.ztliw.com,0,benign,2025-01-01T19:47:00
host4741.fiabf.com,0,benign,2025-01-04T07:01:00
host264.chuap.com,0,benign,2025-01-01T04:24:00
waterfig.org,1,matsnu,2025-01-03T02:58:00
microsoft.com,0,benign,2025-01-01T20:54:00
withthatwith.net,1,suppobox,2025-01-01T10:20:00
beexdocqoyap.com,1,kraken,2025-01-01T04:17:00
host4184.mbobo.com,0,benign,2025-01-03T21:44:00
v70152x.biz,1,cryptolocker,2025-01-02T08:18:00
fromnotfrom.net,1,suppobox,2025-01-03T17:55:00
4i6z8ztw28.net,1,generic,2025-01-01T19:14:00
fromnotthis.net,1,suppobox,2025-01-03T14:46:00
host4161.xtbzu.com,0,benign,2025-01-03T21:21:00
tx3o6505f3dd5hnicq.biz,1,generic,2025-01-02T14:47:00
jmgzzpcyqzgf.com,1,kraken,2025-01-02T06:08:00
cherryapple.org,1,matsnu,2025-01-03T18:07:00
github.com,0,benign,2025-01-03T15:52:00
rolb6u1.info,1,cryptolocker,2025-01-03T23:18:00
host3905.ckjqq.com,0,benign,2025-01-03T17:05:00
exoilr.net,1,conficker,2025-01-01T01:55:00
5lgq70cr0v26c.net,1,generic,2025-01-03T05:46:00
host1786.urruv.com,0,benign,2025-01-02T05:46:00
host267.mmjyk.com,0,benign,2025-01-01T04:27:00
host82.qxhxt.com,0,benign,2025-01-01T01:22:00
host3004.qtxiv.com,0,benign,2025-01-03T02:04:00
rockstone.org,1,matsnu,2025-01-03T10:16:00
host3910.cgeeh.com,0,benign,2025-01-03T17:10:00
movveog.net,1,conficker,2025-01-02T08:24:00
tcuinzdzdsku.com,1,kraken,2025-01-03T17:34:00
vmkcie.net,1,conficker,2025-01-03T00:34:00
uhoykfoqpfvb.com,1,kraken,2025-01-02T15:10:00
dsennlspwapj.com,1,kraken,2025-01-01T22:52:00
opvgx.net,1,conficker,2025-01-01T08:33:00
meahpc.net,1,conficker,2025-01-01T08:01:00
zgnwtcq6pnncfeknh2ux.cn,1,generic,2025-01-04T02:16:00
rockdate.org,1,matsnu,2025-01-03T07:23:00
host3492.zppre.com,0,benign,2025-01-03T10:12:00
v4vsl7n.biz,1,cryptolocker,2025-01-01T14:48:00
cloudflare.com,0,benign,2025-01-01T18:14:00
79pa54ywxypxbb3ai9o.info,1,generic,2025-01-02T06:49:00
f6xc4jl5edl69.org,1,generic,2025-01-04T01:21:00
host4958.bewcj.com,0,benign,2025-01-04T10:38:00
havethisnot.net,1,suppobox,2025-01-01T02:58:00
microsoft.com,0,benign,2025-01-03T02:48:00
host3944.snsrt.com,0,benign,2025-01-03T17:44:00
host1701.upkhl.com,0,benign,2025-01-02T04:21:00
host3605.canwx.com,0,benign,2025-01-03T12:05:00
host3612.xafhz.com,0,benign,2025-01-03T12:12:00
host2786.zkvsu.com,0,benign,2025-01-02T22:26:00
stonedate.org,1,matsnu,2025-01-01T17:45:00
rjkbhyt.net,1,conficker,2025-01-02T13:06:00
host2268.sgfus.com,0,benign,2025-01-02T13:48:00
e6w0qcs.biz,1,cryptolocker,2025-01-03T02:14:00
jvfoe.net,1,conficker,2025-01-04T06:23:00
xojbibgl.net,1,conficker,2025-01-03T10:43:00
github.com,0,benign,2025-01-02T00:40:00
host869.pnrxs.com,0,benign,2025-01-01T14:29:00
host1460.bxoik.com,0,benign,2025-01-02T00:20:00
host1495.qhfmt.com,0,benign,2025-01-02T00:55:00
host2124.saiqa.com,0,benign,2025-01-02T11:24:00
host592.vrugo.com,0,benign,2025-01-01T09:52:00
host2370.qjtmo.com,0,benign,2025-01-02T15:30:00
host3804.xhztq.com,0,benign,2025-01-03T15:24:00
host690.rzuhn.com,0,benign,2025-01-01T11:30:00
frf3ddird6cx.cn,1,generic,2025-01-04T03:08:00
host1011.vbxux.com,0,benign,2025-01-01T16:51:00
host1384.ltrwm.com,0,benign,2025-01-01T23:04:00
ugi53n3f7lh7evl5nz3.biz,1,generic,2025-01-03T17:16:00
0bhxkjdvqacyb8p22dj.biz,1,generic,2025-01-02T10:02:00
firebanana.org,1,matsnu,2025-01-04T03:48:00
host3411.nsmzz.com,0,benign,2025-01-03T08:51:00
viruknq.net,1,conficker,2025-01-03T08:43:00
host2626.xtfyy.com,0,benign,2025-01-02T19:46:00
treebanana.org,1,matsnu,2025-01-03T00:32:00
host3379.frjat.com,0,benign,2025-01-03T08:19:00
vseabovqntlx.com,1,kraken,2025-01-03T11:08:00
yahoo.com,0,benign,2025-01-02T11:01:00
elderstone.org,1,matsnu,2025-01-02T17:28:00
ankstnepytkz.com,1,kraken,2025-01-01T20:31:00
host500.snsgl.com,0,benign,2025-01-01T08:20:00
budjjxqemeep.com,1,kraken,2025-01-01T04:50:00
linkedin.com,0,benign,2025-01-04T06:30:00
host4547.nwnhf.com,0,benign,2025-01-04T03:47:00
host4662.fkqbz.com,0,benign,2025-01-04T05:42:00
host464.dibja.com,0,benign,2025-01-01T07:44:00
bing.com,0,benign,2025-01-03T11:36:00
host2846.swosp.com,0,benign,2025-01-02T23:26:00
slack.com,0,benign,2025-01-02T23:35:00
host3509.ffadn.com,0,benign,2025-01-03T10:29:00
andhavenot.net,1,suppobox,2025-01-01T19:00:00
emrpi.net,1,conficker,2025-01-01T04:22:00
host4418.dwibq.com,0,benign,2025-01-04T01:38:00
tx9qayy.biz,1,cryptolocker,2025-01-01T12:40:00
host4831.kgxya.com,0,benign,2025-01-04T08:31:00
host696.zjlae.com,0,benign,2025-01-01T11:36:00
facebook.com,0,benign,2025-01-02T22:12:00
xatp7kt.info,1,cryptolocker,2025-01-01T03:56:00
host3641.gwlhb.com,0,benign,2025-01-03T12:41:00
host3926.dchyh.com,0,benign,2025-01-03T17:26:00
fed9aps.info,1,cryptolocker,2025-01-01T13:10:00
theywiththe.net,1,suppobox,2025-01-03T00:41:00
onohthhqgyai.com,1,kraken,2025-01-01T22:06:00
vmnd21cpraazbvuv3.org,1,generic,2025-01-01T23:38:00
host1975.kuwto.com,0,benign,2025-01-02T08:55:00
rbjag.net,1,conficker,2025-01-04T05:03:00
host1569.lmovd.com,0,benign,2025-01-02T02:09:00
host218.hutdt.com,0,benign,2025-01-01T03:38:00
8asuh5vwsofs.tk,1,generic,2025-01-03T03:49:00
cloudflare.com,0,benign,2025-01-03T08:12:00
office.com,0,benign,2025-01-01T19:02:00
bhhcbnj.info,1,cryptolocker,2025-01-03T08:18:00
host827.yclts.com,0,benign,2025-01-01T13:47:00
host1331.mrhyc.com,0,benign,2025-01-01T22:11:00
5hzvidi.ru,1,cryptolocker,2025-01-03T04:03:00
withyouthe.net,1,suppobox,2025-01-01T09:53:00
ccacxt.net,1,conficker,2025-01-02T04:29:00
host4686.owiya.com,0,benign,2025-01-04T06:06:00
56w7ym3.ru,1,cryptolocker,2025-01-01T14:26:00
host879.unhtr.com,0,benign,2025-01-01T14:39:00
utmlraexekxy.com,1,kraken,2025-01-02T10:59:00
host1075.ojryq.com,0,benign,2025-01-01T17:55:00
host498.yncml.com,0,benign,2025-01-01T08:18:00
zoom.us,0,benign,2025-01-02T14:03:00
host521.cxdfu.com,0,benign,2025-01-01T08:41:00
0yancuei21krhhz.biz,1,generic,2025-01-01T15:55:00
host650.bbddb.com,0,benign,2025-01-01T10:50:00
host4045.imrja.com,0,benign,2025-01-03T19:25:00
host351.uwxyy.com,0,benign,2025-01-01T05:51:00
host2584.ylals.com,0,benign,2025-01-02T19:04:00
host427.gkdiv.com,0,benign,2025-01-01T07:07:00
host1518.rfucf.com,0,benign,2025-01-02T01:18:00
q0ekou6.ru,1,cryptolocker,2025-01-03T19:38:00
host2117.cwtcs.com,0,benign,2025-01-02T11:17:00
thathaveyou.net,1,suppobox,2025-01-03T01:55:00
vahdekld5h5.org,1,generic,2025-01-03T15:38:00
cqcaw.net,1,conficker,2025-01-03T06:33:00
tmybr.net,1,conficker,2025-01-02T09:10:00
host1022.zsdaq.com,0,benign,2025-01-01T17:02:00
host739.lqgmd.com,0,benign,2025-01-01T12:19:00
cherryfire.org,1,matsnu,2025-01-01T04:15:00
frombutthat.net,1,suppobox,2025-01-02T17:57:00
firegrape.org,1,matsnu,2025-01-02T01:41:00
reibkbu.net,1,conficker,2025-01-04T05:45:00
host1424.ccryn.com,0,benign,2025-01-01T23:44:00
m0vnz8r9cc.ru,1,generic,2025-01-01T00:01:00
google.com,0,benign,2025-01-03T22:09:00
7f7vmlt.info,1,cryptolocker,2025-01-02T11:38:00
cherrycherry.org,1,matsnu,2025-01-03T17:12:00
host697.vfkhs.com,0,benign,2025-01-01T11:37:00
wohbqq.net,1,conficker,2025-01-02T06:31:00
host2167.likla.com,0,benign,2025-01-02T12:07:00
thattheythey.net,1,suppobox,2025-01-01T03:58:00
tqovzn7y.org,1,generic,2025-01-02T14:36:00
mlzpob.net,1,conficker,2025-01-01T18:58:00
host2083.crupf.com,0,benign,2025-01-02T10:43:00
g1ah8l6.ru,1,cryptolocker,2025-01-03T11:43:00
host4372.xkfeg.com,0,benign,2025-01-04T00:52:00
3ehk8m0.biz,1,cryptolocker,2025-01-03T01:24:00
usovtjnllckz.com,1,kraken,2025-01-01T14:51:00
d1mhihu.info,1,cryptolocker,2025-01-02T06:26:00
zoom.us,0,benign,2025-01-03T21:59:00
waterstone.org,1,matsnu,2025-01-03T01:00:00
host4073.gtvcb.com,0,benign,2025-01-03T19:53:00
rrqnih.net,1,conficker,2025-01-03T16:05:00
host1273.zussq.com,0,benign,2025-01-01T21:13:00
host3132.abhot.com,0,benign,2025-01-03T04:12:00
host4525.jzmsa.com,0,benign,2025-01-04T03:25:00
host2533.qoqnu.com,0,benign,2025-01-02T18:13:00
host3969.attxa.com,0,benign,2025-01-03T18:09:00
host2738.xannz.com,0,benign,2025-01-02T21:38:00
host4404.ijdfo.com,0,benign,2025-01-04T01:24:00
rfdx4iov.cn,1,generic,2025-01-03T18:54:00
lvyijwkavcbk.com,1,kraken,2025-01-04T07:47:00
host4449.zismv.com,0,benign,2025-01-04T02:09:00
notforhave.net,1,suppobox,2025-01-02T16:08:00
pnuxkp.net,1,conficker,2025-01-03T13:51:00
host3713.plkjf.com,0,benign,2025-01-03T13:53:00
grsjnkwnhqaf.com,1,kraken,2025-01-03T22:50:00
rockgrape.org,1,matsnu,2025-01-02T18:33:00
host4883.grfaw.com,0,benign,2025-01-04T09:23:00
host3092.graui.com,0,benign,2025-01-03T03:32:00
host3093.izigg.com,0,benign,2025-01-03T03:33:00
pkedu.net,1,conficker,2025-01-01T05:15:00
office.com,0,benign,2025-01-01T20:17:00
j0kabab.ru,1,cryptolocker,2025-01-02T17:16:00
host542.kmjqh.com,0,benign,2025-01-01T09:02:00
host3248.zvwkl.com,0,benign,2025-01-03T06:08:00
buthavebut.net,1,suppobox,2025-01-02T14:21:00
aws.amazon.com,0,benign,2025-01-02T08:02:00
host2336.yuyxv.com,0,benign,2025-01-02T14:56:00
j3vpgasj2ab24n.info,1,generic,2025-01-04T08:15:00
host4790.catfr.com,0,benign,2025-01-04T07:50:00
zoom.us,0,benign,2025-01-01T16:03:00
host933.vgunn.com,0,benign,2025-01-01T15:33:00
host1883.mcfqx.com,0,benign,2025-01-02T07:23:00
hishisthe.net,1,suppobox,2025-01-02T09:57:00
andyouand.net,1,suppobox,2025-01-03T16:36:00
gayivns.net,1,conficker,2025-01-03T20:00:00
apple.com,0,benign,2025-01-03T16:57:00
nkebtcbqpzwe.com,1,kraken,2025-01-03T13:33:00
apple.co,0,benign,2025-01-02T13:50:00
yevvfqb.net,1,conficker,2025-01-02T16:13:00
host1064.dhnnq.com,0,benign,2025-01-01T17:44:00
host731.hacry.com,0,benign,2025-01-01T12:11:00
microsoft.com,0,benign,2025-01-02T21:49:00
uiouxdtypwuh.com,1,kraken,2025-01-01T11:34:00
oe4btac.biz,1,cryptolocker,2025-01-02T07:04:00
thatthathave.net,1,suppobox,2025-01-03T09:41:00
3a1qn0n.ru,1,cryptolocker,2025-01-02T05:46:00
rockgrape.org,1,matsnu,2025-01-01T11:26:00
applecherry.org,1,matsnu,2025-01-01T17:06:00
host4067.xrero.com,0,benign,2025-01-03T19:47:00
firestone.org,1,matsnu,2025-01-03T05:06:00
fromthatand.net,1,suppobox,2025-01-02T14:37:00
host4793.qxjyg.com,0,benign,2025-01-04T07:53:00
host3308.gpnxw.com,0,benign,2025-01-03T07:08:00
506sdlo9w9amye.biz,1,generic,2025-01-02T16:12:00
lbyiccbvjzkp.com,1,kraken,2025-01-01T18:04:00
cxobuxhl.net,1,conficker,2025-01-01T09:28:00
host2926.rsaac.com,0,benign,2025-01-03T00:46:00
host3122.mhayb.com,0,benign,2025-01-03T04:02:00
lnqrevccejew.com,1,kraken,2025-01-02T09:40:00
github.com,0,benign,2025-01-04T00:15:00
host3785.jbbsl.com,0,benign,2025-01-03T15:05:00
live.com,0,benign,2025-01-01T23:03:00
fromfromthis.net,1,suppobox,2025-01-01T21:31:00
nottheyhis.net,1,suppobox,2025-01-01T20:51:00
d4nqhqx.info,1,cryptolocker,2025-01-03T18:49:00
amazon.com,0,benign,2025-01-02T02:02:00
host3530.tquec.com,0,benign,2025-01-03T10:50:00
l5xzp5z775179rog7w2.org,1,generic,2025-01-01T08:19:00
apple.com,0,benign,2025-01-02T15:48:00
qlmu8ik.ru,1,cryptolocker,2025-01-01T06:57:00
ecnnsvr.biz,1,cryptolocker,2025-01-03T09:49:00
applefire.org,1,matsnu,2025-01-04T01:20:00
qmnhfui8zvif0.info,1,generic,2025-01-04T09:22:00
tfqviclpsusd.com,1,kraken,2025-01-01T17:01:00
host4464.uijnf.com,0,benign,2025-01-04T02:24:00
ykblcnnzubjt.com,1,kraken,2025-01-03T08:23:00
lg58sza.info,1,cryptolocker,2025-01-01T18:07:00
9tmh0xy.biz,1,cryptolocker,2025-01-04T09:59:00
yybbniwlq.org,1,generic,2025-01-01T04:07:00
jhrrdxbjorvl.com,1,kraken,2025-01-02T06:27:00
nexrqjw3y6x.info,1,generic,2025-01-03T09:33:00
host4316.qmnof.com,0,benign,2025-01-03T23:56:00
host2532.hking.com,0,benign,2025-01-02T18:12:00
fpn7zpv.ru,1,cryptolocker,2025-01-02T02:14:00
host2013.kflrn.com,0,benign,2025-01-02T09:33:00
host1057.frhrl.com,0,benign,2025-01-01T17:37:00
theyouhave.net,1,suppobox,2025-01-01T04:41:00
azure.com,0,benign,2025-01-01T13:00:00
97l3tq4.biz,1,cryptolocker,2025-01-01T01:31:00
07m4iwj.ru,1,cryptolocker,2025-01-03T06:23:00
host232.syuqn.com,0,benign,2025-01-01T03:52:00
host2735.dkgvx.com,0,benign,2025-01-02T21:35:00
psdzutw.ru,1,cryptolocker,2025-01-03T19:53:00
efmnvqtucgqq.com,1,kraken,2025-01-02T05:02:00
1n5b16s.biz,1,cryptolocker,2025-01-04T00:39:00
host2036.ysvxe.com,0,benign,2025-01-02T09:56:00
host4127.yuhoj.com,0,benign,2025-01-03T20:47:00
host2907.vugsg.com,0,benign,2025-01-03T00:27:00
host4451.gswxp.com,0,benign,2025-01-04T02:11:00
host1887.njyru.com,0,benign,2025-01-02T07:27:00
host153.ubvnc.com,0,benign,2025-01-01T02:33:00
host48.buret.com,0,benign,2025-01-01T00:48:00
rndjpw.net,1,conficker,2025-01-01T02:29:00
dmzw54hzgrmxb.net,1,generic,2025-01-01T22:38:00
host3522.haerk.com,0,benign,2025-01-03T10:42:00
linkedin.com,0,benign,2025-01-02T20:45:00
iubnmueeigwk.com,1,kraken,2025-01-02T08:52:00
google.com,0,benign,2025-01-01T01:45:00
bsx4y9wy5n3k1r42.tk,1,generic,2025-01-02T17:05:00
host2391.xzfgy.com,0,benign,2025-01-02T15:51:00
host2007.iwtaf.com,0,benign,2025-01-02T09:27:00
tx3zjkz.ru,1,cryptolocker,2025-01-01T18:44:00
ydytd.net,1,conficker,2025-01-04T02:45:00
host2098.xdhvh.com,0,benign,2025-01-02T10:58:00
etyckaxfjgpu.com,1,kraken,2025-01-01T12:24:00
apple.co,0,benign,2025-01-02T21:09:00
host3623.ggdos.com,0,benign,2025-01-03T12:23:00
youbutthat.net,1,suppobox,2025-01-02T13:03:00
th0yptpbk7hkn075.org,1,generic,2025-01-02T07:24:00
host3488.exmmd.com,0,benign,2025-01-03T10:08:00
rsmhdzvufvfs.com,1,kraken,2025-01-04T00:05:00
apple.com,0,benign,2025-01-04T07:23:00
withbutbut.net,1,suppobox,2025-01-03T21:56:00
host4143.hzmqq.com,0,benign,2025-01-03T21:03:00
host42.eqfii.com,0,benign,2025-01-01T00:42:00
host4113.dcchs.com,0,benign,2025-01-03T20:33:00
host207.msqmm.com,0,benign,2025-01-01T03:27:00
host3404.mxqez.com,0,benign,2025-01-03T08:44:00
vf9qxvb.info,1,cryptolocker,2025-01-03T05:09:00
host4485.cehde.com,0,benign,2025-01-04T02:45:00
ap3p8tz1enjk8972r2cq.com,1,generic,2025-01-01T04:27:00
siclbdd.net,1,conficker,2025-01-03T20:12:00
mbwxotut.net,1,conficker,2025-01-02T02:59:00
zoom.us,0,benign,2025-01-02T12:56:00
cloudflare.com,0,benign,2025-01-03T14:14:00
0l6wlid.ru,1,cryptolocker,2025-01-01T01:11:00
host1164.lhyew.com,0,benign,2025-01-01T19:24:00
hwww5kp.info,1,cryptolocker,2025-01-02T13:37:00
spflrejnhcvb.com,1,kraken,2025-01-03T21:07:00
dxlqd.net,1,conficker,2025-01-02T03:44:00
opcbiuku.net,1,conficker,2025-01-03T15:25:00
host326.yvfqq.com,0,benign,2025-01-01T05:26:00
host630.fweqg.com,0,benign,2025-01-01T10:30:00
1grzby9.ru,1,cryptolocker,2025-01-01T19:23:00
wgyhmbvjxrcm.com,1,kraken,2025-01-01T23:07:00
linkedin.com,0,benign,2025-01-02T01:25:00
cloudflare.com,0,benign,2025-01-01T06:38:00
fromforthey.net,1,suppobox,2025-01-02T11:41:00
host2811.hwdqi.com,0,benign,2025-01-02T22:51:00
xm0adler4t00.tk,1,generic,2025-01-01T16:06:00
office.com,0,benign,2025-01-04T10:27:00
host1861.zdhyi.com,0,benign,2025-01-02T07:01:00
host921.gqwtt.com,0,benign,2025-01-01T15:21:00
dlmoc.net,1,conficker,2025-01-02T20:13:00
nothavethe.net,1,suppobox,2025-01-01T17:15:00
yahoo.com,0,benign,2025-01-01T15:47:00
stonefire.org,1,matsnu,2025-01-02T22:48:00
87og7gf0f0u91p.tk,1,generic,2025-01-03T23:44:00
cloudflare.com,0,benign,2025-01-02T17:23:00
bva5aw8.info,1,cryptolocker,2025-01-04T07:10:00
vqedcsi.net,1,conficker,2025-01-02T11:31:00
host3130.tlyqm.com,0,benign,2025-01-03T04:10:00
daterock.org,1,matsnu,2025-01-01T14:11:00
host3735.knvtn.com,0,benign,2025-01-03T14:15:00
stoneelder.org,1,matsnu,2025-01-02T09:27:00
youtheyfrom.net,1,suppobox,2025-01-01T08:10:00
gs5dy0m.biz,1,cryptolocker,2025-01-03T11:55:00
host1754.spwrb.com,0,benign,2025-01-02T05:14:00
xixjbfkcqzht.com,1,kraken,2025-01-02T17:35:00
uztsq.net,1,conficker,2025-01-01T08:25:00
rockdate.org,1,matsnu,2025-01-02T11:24:00
zoom.us,0,benign,2025-01-01T08:15:00
host3857.jxebi.com,0,benign,2025-01-03T16:17:00
thatfromthat.net,1,suppobox,2025-01-04T09:31:00
apple.com,0,benign,2025-01-03T03:04:00
elr5r40.biz,1,cryptolocker,2025-01-02T00:23:00
host1333.pbhst.com,0,benign,2025-01-01T22:13:00
yofpbzn.net,1,conficker,2025-01-02T07:03:00
6u81lysz.com,1,generic,2025-01-02T10:57:00
datedate.org,1,matsnu,2025-01-02T17:19:00
xftnqt.net,1,conficker,2025-01-02T13:52:00
moobobrwckqz.com,1,kraken,2025-01-03T13:38:00
host4876.zapon.com,0,benign,2025-01-04T09:16:00
host3850.xcnwa.com,0,benign,2025-01-03T16:10:00
host3589.bcbqu.com,0,benign,2025-01-03T11:49:00
host4656.uyewc.com,0,benign,2025-01-04T05:36:00
bing.com,0,benign,2025-01-01T07:57:00
host2768.ynyif.com,0,benign,2025-01-02T22:08:00
heooxoovmgwv.com,1,kraken,2025-01-02T06:36:00
host2648.mjvep.com,0,benign,2025-01-02T20:08:00
host571.zpjii.com,0,benign,2025-01-01T09:31:00
azure.com,0,benign,2025-01-02T02:34:00
gitklusralme.com,1,kraken,2025-01-02T08:19:00
qntvwgosslsh.com,1,kraken,2025-01-01T18:14:00
cloudflare.com,0,benign,2025-01-01T10:54:00
host237.xgpmx.com,0,benign,2025-01-01T03:57:00
cextmrloefwj.com,1,kraken,2025-01-04T01:26:00
forandnot.net,1,suppobox,2025-01-01T12:23:00
host2863.uoyqb.com,0,benign,2025-01-02T23:43:00
stonebanana.org,1,matsnu,2025-01-01T09:00:00
github.com,0,benign,2025-01-01T08:43:00
azure.com,0,benign,2025-01-01T02:04:00
host4402.ixqpm.com,0,benign,2025-01-04T01:22:00
andandnot.net,1,suppobox,2025-01-02T09:24:00
brtgxgdqpdhi.com,1,kraken,2025-01-01T11:12:00
cherrywater.org,1,matsnu,2025-01-01T06:27:00
host3019.vatap.com,0,benign,2025-01-03T02:19:00
host4611.ryosb.com,0,benign,2025-01-04T04:51:00
ojstam.net,1,conficker,2025-01-03T03:10:00
hxd2xi4.ru,1,cryptolocker,2025-01-02T05:45:00
nleplpffxnqb.com,1,kraken,2025-01-02T18:16:00
sc81ce0.biz,1,cryptolocker,2025-01-01T02:52:00
0xi31kyji1whb.org,1,generic,2025-01-04T04:34:00
host3825.xpvlv.com,0,benign,2025-01-03T15:45:00
figbanana.org,1,matsnu,2025-01-01T15:41:00
fzoaisgicral.com,1,kraken,2025-01-03T14:14:00
host784.niliy.com,0,benign,2025-01-01T13:04:00
host1111.utvmz.com,0,benign,2025-01-01T18:31:00
bananaapple.org,1,matsnu,2025-01-04T10:18:00
7pjkb1i.biz,1,cryptolocker,2025-01-04T05:20:00
dklyayyf.net,1,conficker,2025-01-03T17:02:00
host828.huulp.com,0,benign,2025-01-01T13:48:00
figcherry.org,1,matsnu,2025-01-04T03:42:00
mf4tny6.biz,1,cryptolocker,2025-01-01T08:51:00
host370.rnhdv.com,0,benign,2025-01-01T06:10:00
google.com,0,benign,2025-01-01T02:12:00
host1296.szzox.com,0,benign,2025-01-01T21:36:00
thetheyyou.net,1,suppobox,2025-01-02T23:08:00
host4592.rnglv.com,0,benign,2025-01-04T04:32:00
host3827.ehnjl.com,0,benign,2025-01-03T15:47:00
host3642.tiqfn.com,0,benign,2025-01-03T12:42:00
host3537.ukqjb.com,0,benign,2025-01-03T10:57:00
bananafire.org,1,matsnu,2025-01-01T23:46:00
host2492.zfnpt.com,0,benign,2025-01-02T17:32:00
host2074.rapxl.com,0,benign,2025-01-02T10:34:00
host2293.likxz.com,0,benign,2025-01-02T14:13:00
75q6x3giuk.ru,1,generic,2025-01-02T10:10:00
nvroijitcnkk.com,1,kraken,2025-01-03T17:13:00
host1312.welpu.com,0,benign,2025-01-01T21:52:00
linkedin.com,0,benign,2025-01-04T10:20:00
ukbxuuyj.net,1,conficker,2025-01-02T07:10:00
4r9bkmowmxgspkps9vwn.ru,1,generic,2025-01-01T11:24:00
host2180.spmuz.com,0,benign,2025-01-02T12:20:00
vkwe8dddik6x.cn,1,generic,2025-01-02T05:10:00
yahoo.com,0,benign,2025-01-03T00:38:00
fc8wqbpw.biz,1,generic,2025-01-01T00:33:00
4jz3lrktbkig32xkpkv6.com,1,generic,2025-01-03T06:32:00
host4017.gazvc.com,0,benign,2025-01-03T18:57:00
7c72o5d1shdssyywdxow.cn,1,generic,2025-01-03T08:01:00
host503.uksvj.com,0,benign,2025-01-01T08:23:00
host638.ddjer.com,0,benign,2025-01-01T10:38:00
xuznhnpa.net,1,conficker,2025-01-01T18:55:00
host2258.ifikt.com,0,benign,2025-01-02T13:38:00
google.com,0,benign,2025-01-01T06:21:00
host300.xdozr.com,0,benign,2025-01-01T05:00:00
withandthe.net,1,suppobox,2025-01-04T09:44:00
d3yjbr6s1fopqdl26ju.tk,1,generic,2025-01-04T02:54:00
host115.jaecb.com,0,benign,2025-01-01T01:55:00
host2868.gfuyh.com,0,benign,2025-01-02T23:48:00
ibt19bhv57c3tqkj8ia.org,1,generic,2025-01-02T08:05:00
host2307.dnfdj.com,0,benign,2025-01-02T14:27:00
host4527.ddjoo.com,0,benign,2025-01-04T03:27:00
slack.com,0,benign,2025-01-03T00:00:00
host929.knref.com,0,benign,2025-01-01T15:29:00
nfpoxp.net,1,conficker,2025-01-02T00:09:00
office.com,0,benign,2025-01-04T04:36:00
host4201.rmwww.com,0,benign,2025-01-03T22:01:00
lpdgujq78pmib8qj75xn.com,1,generic,2025-01-01T21:52:00
host3184.conka.com,0,benign,2025-01-03T05:04:00
thatthathave.net,1,suppobox,2025-01-03T19:05:00
host3519.jrwqv.com,0,benign,2025-01-03T10:39:00
host4207.wuglm.com,0,benign,2025-01-03T22:07:00
host3671.nqzrt.com,0,benign,2025-01-03T13:11:00
host2183.grdpm.com,0,benign,2025-01-02T12:23:00
linkedin.com,0,benign,2025-01-03T21:54:00
0zl3up09rc6ftwinif.biz,1,generic,2025-01-02T10:55:00
host4494.gkesi.com,0,benign,2025-01-04T02:54:00
host4606.yfssi.com,0,benign,2025-01-04T04:46:00
host3252.oizwl.com,0,benign,2025-01-03T06:12:00
host4289.qcmfz.com,0,benign,2025-01-03T23:29:00
qyejxuayjist.com,1,kraken,2025-01-04T09:53:00
t2n4uliaklbsxcs.com,1,generic,2025-01-02T01:08:00
azure.com,0,benign,2025-01-01T07:24:00
rockdate.org,1,matsnu,2025-01-03T12:27:00
lgxzq41dyerl8pbcg0.info,1,generic,2025-01-02T22:19:00
zssjkdkfvpkh.com,1,kraken,2025-01-01T01:35:00
treetree.org,1,matsnu,2025-01-01T20:41:00
knyhxkzttdbz.com,1,kraken,2025-01-03T02:34:00
sg4xq05.ru,1,cryptolocker,2025-01-02T05:21:00
0drdo4h.ru,1,cryptolocker,2025-01-02T01:12:00
host4154.dqpuh.com,0,benign,2025-01-03T21:14:00
host3400.qzxtl.com,0,benign,2025-01-03T08:40:00
host3867.tqjbt.com,0,benign,2025-01-03T16:27:00
host3743.yukmg.com,0,benign,2025-01-03T14:23:00
jsslvw4mdy1.net,1,generic,2025-01-01T05:41:00
host445.jsfqm.com,0,benign,2025-01-01T07:25:00
host3396.qhrpt.com,0,benign,2025-01-03T08:36:00
apple.co,0,benign,2025-01-02T08:04:00
host2109.thtbk.com,0,benign,2025-01-02T11:09:00
host3237.tkjiw.com,0,benign,2025-01-03T05:57:00
ovuqsf.net,1,conficker,2025-01-02T19:01:00
tnu50xt.info,1,cryptolocker,2025-01-01T02:45:00
github.com,0,benign,2025-01-03T20:09:00
bananagrape.org,1,matsnu,2025-01-04T06:27:00
datewater.org,1,matsnu,2025-01-04T01:15:00
host4698.rnboe.com,0,benign,2025-01-04T06:18:00
host544.jfgfv.com,0,benign,2025-01-01T09:04:00
2u5tagj.info,1,cryptolocker,2025-01-02T02:00:00
microsoft.com,0,benign,2025-01-03T13:03:00
applerock.org,1,matsnu,2025-01-02T10:28:00
firecherry.org,1,matsnu,2025-01-03T18:37:00
butwithbut.net,1,suppobox,2025-01-03T11:50:00
mzrqvadv.net,1,conficker,2025-01-01T22:45:00
hwfdj.net,1,conficker,2025-01-03T13:04:00
host377.upxhj.com,0,benign,2025-01-01T06:17:00
host2848.tmlsv.com,0,benign,2025-01-02T23:28:00
host1550.fowjf.com,0,benign,2025-01-02T01:50:00
pbh7icx.biz,1,cryptolocker,2025-01-02T08:44:00
microsoft.com,0,benign,2025-01-02T06:03:00
zjtv804.ru,1,cryptolocker,2025-01-02T04:09:00
treefig.org,1,matsnu,2025-01-03T10:59:00
youtheythe.net,1,suppobox,2025-01-04T02:15:00
bing.com,0,benign,2025-01-01T07:22:00
p63to0m.info,1,cryptolocker,2025-01-01T04:04:00
host1542.zjqyv.com,0,benign,2025-01-02T01:42:00
host837.ajujw.com,0,benign,2025-01-01T13:57:00
dategrape.org,1,matsnu,2025-01-01T19:28:00
zoom.us,0,benign,2025-01-03T19:16:00
host1158.smkkk.com,0,benign,2025-01-01T19:18:00
butbutthat.net,1,suppobox,2025-01-01T08:57:00
host3157.ixzmw.com,0,benign,2025-01-03T04:37:00
host631.cndlp.com,0,benign,2025-01-01T10:31:00
whhbhg.net,1,conficker,2025-01-02T06:24:00
gjwluvcx.net,1,conficker,2025-01-03T00:56:00
host3264.fvwrv.com,0,benign,2025-01-03T06:24:00
treewater.org,1,matsnu,2025-01-02T14:56:00
havefromyou.net,1,suppobox,2025-01-04T06:55:00
t2arrjk2rajnv1f.net,1,generic,2025-01-02T21:01:00
host200.bgpyu.com,0,benign,2025-01-01T03:20:00
o1tifuq.biz,1,cryptolocker,2025-01-02T19:41:00
host1584.jzlol.com,0,benign,2025-01-02T02:24:00
google.com,0,benign,2025-01-03T18:21:00
host3002.vgopl.com,0,benign,2025-01-03T02:02:00
oyrcbs.net,1,conficker,2025-01-03T04:06:00
host1130.uymtw.com,0,benign,2025-01-01T18:50:00
77c1qt6.biz,1,cryptolocker,2025-01-01T15:52:00
host2410.oyinz.com,0,benign,2025-01-02T16:10:00
ubkndzjzsfqf.com,1,kraken,2025-01-01T20:29:00
butnotwith.net,1,suppobox,2025-01-02T12:00:00
yahoo.com,0,benign,2025-01-01T07:52:00
xfwcnyprfkjs.com,1,kraken,2025-01-01T22:21:00
babeez.net,1,conficker,2025-01-02T06:07:00
uqvihjdsdcwx.com,1,kraken,2025-01-02T12:24:00
grapewater.org,1,matsnu,2025-01-03T02:06:00
host1683.fgcsp.com,0,benign,2025-01-02T04:03:00
theybuthave.net,1,suppobox,2025-01-03T13:57:00
host777.oavfd.com,0,benign,2025-01-01T12:57:00
tiouexwjfcbp.com,1,kraken,2025-01-02T23:29:00
host3321.ebzgg.com,0,benign,2025-01-03T07:21:00
host3861.wlvfo.com,0,benign,2025-01-03T16:21:00
usa8uk4cecbu9cxsw2.info,1,generic,2025-01-01T14:37:00
host1388.cgmqz.com,0,benign,2025-01-01T23:08:00
host3470.cqznl.com,0,benign,2025-01-03T09:50:00
host3227.fcsuf.com,0,benign,2025-01-03T05:47:00
cherrywater.org,1,matsnu,2025-01-03T05:50:00
host1479.zzxzc.com,0,benign,2025-01-02T00:39:00
yafkdlw.biz,1,cryptolocker,2025-01-01T17:04:00
host4093.dvytx.com,0,benign,2025-01-03T20:13:00
host4352.tuxgx.com,0,benign,2025-01-04T00:32:00
host3817.wrskf.com,0,benign,2025-01-03T15:37:00
host2067.bezvc.com,0,benign,2025-01-02T10:27:00
stoneapple.org,1,matsnu,2025-01-04T04:45:00
akoqrfsrzuta.com,1,kraken,2025-01-03T07:53:00
mzydxpg.info,1,cryptolocker,2025-01-03T07:12:00
host4020.viuqu.com,0,benign,2025-01-03T19:00:00
zoom.us,0,benign,2025-01-02T06:40:00
zoom.us,0,benign,2025-01-02T03:24:00
cherrytree.org,1,matsnu,2025-01-03T10:33:00
6bixc9x5s.cn,1,generic,2025-01-02T17:15:00
ckosxletf6xu.org,1,generic,2025-01-01T09:47:00
llanyei.biz,1,cryptolocker,2025-01-01T13:05:00
wikipedia.org,0,benign,2025-01-02T15:13:00
host3962.txplg.com,0,benign,2025-01-03T18:02:00
bing.com,0,benign,2025-01-01T15:30:00
ljtlh.net,1,conficker,2025-01-04T10:15:00
kgfzihhhvbmp.com,1,kraken,2025-01-01T06:41:00
ukznibm.ru,1,cryptolocker,2025-01-01T21:40:00
host3421.uydpp.com,0,benign,2025-01-03T09:01:00
notthishave.net,1,suppobox,2025-01-03T11:39:00
host2202.bzfsh.com,0,benign,2025-01-02T12:42:00
ofxvea0sr.cn,1,generic,2025-01-01T18:48:00
google.com,0,benign,2025-01-02T00:21:00
ckjuvykceupk.com,1,kraken,2025-01-04T05:57:00
host4466.zlacc.com,0,benign,2025-01-04T02:26:00
host3736.hbayg.com,0,benign,2025-01-03T14:16:00
ofoutg.net,1,conficker,2025-01-02T18:47:00
host3482.dekyv.com,0,benign,2025-01-03T10:02:00
host4446.gsedw.com,0,benign,2025-01-04T02:06:00
ww2mvn0pr0pnr.com,1,generic,2025-01-02T16:51:00
host4008.yodcc.com,0,benign,2025-01-03T18:48:00
vcclgwpj.net,1,conficker,2025-01-01T13:37:00
host4992.frknu.com,0,benign,2025-01-04T11:12:00
host1402.ktabs.com,0,benign,2025-01-01T23:22:00
host4071.fronz.com,0,benign,2025-01-03T19:51:00
host4457.lpkpp.com,0,benign,2025-01-04T02:17:00
elderapple.org,1,matsnu,2025-01-03T12:41:00
host2214.tcnzc.com,0,benign,2025-01-02T12:54:00
host2600.sgvni.com,0,benign,2025-01-02T19:20:00
qnhg53mvb.cn,1,generic,2025-01-01T11:33:00
host583.ukwel.com,0,benign,2025-01-01T09:43:00
host3487.veelm.com,0,benign,2025-01-03T10:07:00
host325.dngse.com,0,benign,2025-01-01T05:25:00
l5pjs9e.biz,1,cryptolocker,2025-01-03T23:36:00
host1298.fqiuw.com,0,benign,2025-01-01T21:38:00
facebook.com,0,benign,2025-01-02T08:23:00
host3777.trout.com,0,benign,2025-01-03T14:57:00
6ztykm9lnddlt1dltj.biz,1,generic,2025-01-03T04:40:00
host2995.mtidm.com,0,benign,2025-01-03T01:55:00
host2545.bvphs.com,0,benign,2025-01-02T18:25:00
host1836.cojbl.com,0,benign,2025-01-02T06:36:00
host4087.annxm.com,0,benign,2025-01-03T20:07:00
host2427.pmirc.com,0,benign,2025-01-02T16:27:00
host2755.isnid.com,0,benign,2025-01-02T21:55:00
apple.co,0,benign,2025-01-02T01:41:00
2dj6rt1.biz,1,cryptolocker,2025-01-01T23:31:00
host1739.ddffg.com,0,benign,2025-01-02T04:59:00
yahoo.com,0,benign,2025-01-01T01:38:00
qgyzmdj.net,1,conficker,2025-01-03T20:15:00
host4638.ynpid.com,0,benign,2025-01-04T05:18:00
host3980.nstce.com,0,benign,2025-01-03T18:20:00
9sbajh1qozr.cn,1,generic,2025-01-03T13:11:00
yahoo.com,0,benign,2025-01-01T12:59:00
host1343.phapu.com,0,benign,2025-01-01T22:23:00
host457.aikpa.com,0,benign,2025-01-01T07:37:00
nottheythat.net,1,suppobox,2025-01-02T04:18:00
aabjmxqgrjuv.com,1,kraken,2025-01-02T11:25:00
host680.lmrfy.com,0,benign,2025-01-01T11:20:00
ryq8lad.ru,1,cryptolocker,2025-01-03T01:22:00
zoom.us,0,benign,2025-01-03T01:42:00
ucugryoqkrxt.com,1,kraken,2025-01-04T02:18:00
valdxfjipegz.com,1,kraken,2025-01-03T20:24:00
host1866.aggky.com,0,benign,2025-01-02T07:06:00
ella0ph.biz,1,cryptolocker,2025-01-01T02:05:00
host1991.yvvpw.com,0,benign,2025-01-02T09:11:00
nrurksrmfhzk.com,1,kraken,2025-01-03T18:27:00
host4409.knibs.com,0,benign,2025-01-04T01:29:00
google.com,0,benign,2025-01-03T22:11:00
fkher.net,1,conficker,2025-01-01T22:09:00
host151.ljots.com,0,benign,2025-01-01T02:31:00
figfig.org,1,matsnu,2025-01-01T23:01:00
host1540.phmes.com,0,benign,2025-01-02T01:40:00
host2501.jmeqp.com,0,benign,2025-01-02T17:41:00
qcuyopibttay.com,1,kraken,2025-01-02T02:31:00
evyenkijb93930ehclm.net,1,generic,2025-01-02T16:39:00
host4934.agfsj.com,0,benign,2025-01-04T10:14:00
github.com,0,benign,2025-01-02T22:45:00
vm1ictu.biz,1,cryptolocker,2025-01-03T22:48:00
host1744.mslgj.com,0,benign,2025-01-02T05:04:00
host641.hgmgv.com,0,benign,2025-01-01T10:41:00
nn0y2q9r8v7rw.ru,1,generic,2025-01-03T10:39:00
host2795.gipqj.com,0,benign,2025-01-02T22:35:00
host3026.ltzjp.com,0,benign,2025-01-03T02:26:00
host2542.grpfq.com,0,benign,2025-01-02T18:22:00
host4294.archl.com,0,benign,2025-01-03T23:34:00
firetree.org,1,matsnu,2025-01-02T01:23:00
host2529.gustw.com,0,benign,2025-01-02T18:09:00
host3794.ccklb.com,0,benign,2025-01-03T15:14:00
2rfquof.biz,1,cryptolocker,2025-01-01T07:48:00
50eqmls.biz,1,cryptolocker,2025-01-02T01:46:00
rvvul.net,1,conficker,2025-01-02T17:24:00
office.com,0,benign,2025-01-03T03:54:00
histhebut.net,1,suppobox,2025-01-02T01:40:00
host1399.criha.com,0,benign,2025-01-01T23:19:00
host1073.rsccu.com,0,benign,2025-01-01T17:53:00
host1532.njdiu.com,0,benign,2025-01-02T01:32:00
fromthisyou.net,1,suppobox,2025-01-02T13:00:00
yahoo.com,0,benign,2025-01-01T08:10:00
ekhemjrnuvgm.com,1,kraken,2025-01-03T10:10:00
oqhcpeirtdol.com,1,kraken,2025-01-03T07:16:00
applerock.org,1,matsnu,2025-01-03T00:50:00
host4221.lutol.com,0,benign,2025-01-03T22:21:00
github.com,0,benign,2025-01-02T02:12:00
host4300.zzpcg.com,0,benign,2025-01-03T23:40:00
azure.com,0,benign,2025-01-03T16:47:00
host460.rpvks.com,0,benign,2025-01-01T07:40:00
host64.ddreb.com,0,benign,2025-01-01T01:04:00
host4271.fhibf.com,0,benign,2025-01-03T23:11:00
pktdwtctojpp.com,1,kraken,2025-01-01T06:47:00
graperock.org,1,matsnu,2025-01-02T23:13:00
w58hc3lf6m.com,1,generic,2025-01-03T23:27:00
applecherry.org,1,matsnu,2025-01-01T01:51:00
xufd790qyg4ho417vi.com,1,generic,2025-01-03T04:49:00
host318.rqhyz.com,0,benign,2025-01-01T05:18:00
mwpqlstxzjkf.com,1,kraken,2025-01-03T07:43:00
aajbzcol.net,1,conficker,2025-01-04T03:50:00
k9cdbuerdnrgfod8ja.net,1,generic,2025-01-01T03:36:00
host4826.uhuat.com,0,benign,2025-01-04T08:26:00
firefire.org,1,matsnu,2025-01-03T20:28:00
rcopylot.net,1,conficker,2025-01-02T21:17:00
host119.lnotm.com,0,benign,2025-01-01T01:59:00
1wm4vbv.ru,1,cryptolocker,2025-01-01T16:39:00
jhwt1y1.info,1,cryptolocker,2025-01-01T23:45:00
gqirdnea7h.cn,1,generic,2025-01-01T04:05:00
wikipedia.org,0,benign,2025-01-02T18:07:00
thiswiththe.net,1,suppobox,2025-01-02T20:12:00
cherryelder.org,1,matsnu,2025-01-03T03:57:00
host378.xxfqe.com,0,benign,2025-01-01T06:18:00
vvajrhkp2a.info,1,generic,2025-01-02T23:52:00
treecherry.org,1,matsnu,2025-01-02T04:57:00
zzzfsswumboi.com,1,kraken,2025-01-01T14:13:00
waterstone.org,1,matsnu,2025-01-01T00:27:00
netflix.com,0,benign,2025-01-03T22:17:00
4nkh9mm.biz,1,cryptolocker,2025-01-02T04:53:00
host633.fhtky.com,0,benign,2025-01-01T10:33:00
uloxe.net,1,conficker,2025-01-01T11:02:00
host3077.pllfu.com,0,benign,2025-01-03T03:17:00
nrrg5oc.ru,1,cryptolocker,2025-01-02T02:35:00
wikipedia.org,0,benign,2025-01-01T05:28:00
cloudflare.com,0,benign,2025-01-03T09:41:00
host2142.lkyym.com,0,benign,2025-01-02T11:42:00
netflix.com,0,benign,2025-01-03T02:32:00
zvlxniknurty.com,1,kraken,2025-01-01T10:37:00
live.com,0,benign,2025-01-01T02:51:00
sfpcyd.net,1,conficker,2025-01-02T22:22:00
appledate.org,1,matsnu,2025-01-04T03:58:00
vle1186es03.tk,1,generic,2025-01-03T18:58:00
youwithnot.net,1,suppobox,2025-01-03T01:49:00
dategrape.org,1,matsnu,2025-01-02T18:05:00
figdate.org,1,matsnu,2025-01-03T01:31:00
host81.iabpd.com,0,benign,2025-01-01T01:21:00
host4245.hfyut.com,0,benign,2025-01-03T22:45:00
imrhjc.net,1,conficker,2025-01-01T13:53:00
0uwsbu0qkf1ch.com,1,generic,2025-01-01T22:50:00
ioucxakadrjv.com,1,kraken,2025-01-03T15:21:00
ccvufxjiiehb.com,1,kraken,2025-01-01T10:22:00
host646.byquy.com,0,benign,2025-01-01T10:46:00
azure.com,0,benign,2025-01-03T11:02:00
hhkcezmalebh.com,1,kraken,2025-01-01T02:10:00
host1756.zqdnq.com,0,benign,2025-01-02T05:16:00
host2998.ltsrk.com,0,benign,2025-01-03T01:58:00
host657.bvzkk.com,0,benign,2025-01-01T10:57:00
rockapple.org,1,matsnu,2025-01-02T08:46:00
host1580.qcdbq.com,0,benign,2025-01-02T02:20:00
host332.etlhj.com,0,benign,2025-01-01T05:32:00
graperock.org,1,matsnu,2025-01-02T19:00:00
ktciwuqmeidw.com,1,kraken,2025-01-03T02:49:00
host241.bqsrc.com,0,benign,2025-01-01T04:01:00
live.com,0,benign,2025-01-03T17:16:00
apple.co,0,benign,2025-01-03T04:22:00
tle1371.ru,1,cryptolocker,2025-01-01T07:59:00
host3915.lbmvs.com,0,benign,2025-01-03T17:15:00
host1795.dnbci.com,0,benign,2025-01-02T05:55:00
host4628.gswsj.com,0,benign,2025-01-04T05:08:00
thatwiththat.net,1,suppobox,2025-01-01T13:52:00
host2754.zxpup.com,0,benign,2025-01-02T21:54:00
stonegrape.org,1,matsnu,2025-01-02T07:05:00
host2844.ulrwe.com,0,benign,2025-01-02T23:24:00
host3582.tblni.com,0,benign,2025-01-03T11:42:00
woonbcrrnvyr.com,1,kraken,2025-01-02T10:13:00
c489mov2baf6lycatfp.com,1,generic,2025-01-02T09:30:00
host173.uzwkv.com,0,benign,2025-01-01T02:53:00
rnsixpnbirkm.com,1,kraken,2025-01-02T15:27:00
host718.ngrfw.com,0,benign,2025-01-01T11:58:00
hisnotbut.net,1,suppobox,2025-01-03T10:50:00
host1285.mmgds.com,0,benign,2025-01-01T21:25:00
q8xusmurh80k0uhiyh2w.cn,1,generic,2025-01-03T22:20:00
host2157.ffijo.com,0,benign,2025-01-02T11:57:00
host4312.heegj.com,0,benign,2025-01-03T23:52:00
stonerock.org,1,matsnu,2025-01-01T16:21:00
theythathis.net,1,suppobox,2025-01-01T06:04:00
a0syfz9.biz,1,cryptolocker,2025-01-01T19:42:00
host1560.inhdw.com,0,benign,2025-01-02T02:00:00
netflix.com,0,benign,2025-01-01T12:13:00
bndulmalnmoh.com,1,kraken,2025-01-01T18:49:00
host1157.rtceb.com,0,benign,2025-01-01T19:17:00
host1785.zgzah.com,0,benign,2025-01-02T05:45:00
host130.dvvpv.com,0,benign,2025-01-01T02:10:00
nnlufq.net,1,conficker,2025-01-01T14:55:00
klcyv.net,1,conficker,2025-01-02T12:21:00
office.com,0,benign,2025-01-02T19:26:00
linkedin.com,0,benign,2025-01-03T05:39:00
host1954.knsph.com,0,benign,2025-01-02T08:34:00
bananagrape.org,1,matsnu,2025-01-01T05:34:00
8hfwfz0y0l9d.cn,1,generic,2025-01-01T14:09:00
salesforce.com,0,benign,2025-01-01T05:54:00
xoaetg.net,1,conficker,2025-01-02T19:20:00
nxdskft.net,1,conficker,2025-01-02T22:05:00
host4926.pqfzz.com,0,benign,2025-01-04T10:06:00
host3781.yahnb.com,0,benign,2025-01-03T15:01:00
crqwe.net,1,conficker,2025-01-03T01:18:00
host4094.lbnza.com,0,benign,2025-01-03T20:14:00
andthiswith.net,1,suppobox,2025-01-01T06:31:00
theforhis.net,1,suppobox,2025-01-03T13:18:00
host2952.dbweq.com,0,benign,2025-01-03T01:12:00
cloudflare.com,0,benign,2025-01-02T11:14:00
host26.urxaj.com,0,benign,2025-01-01T00:26:00
rockcherry.org,1,matsnu,2025-01-04T01:49:00
host2977.ocrte.com,0,benign,2025-01-03T01:37:00
host4293.jamkb.com,0,benign,2025-01-03T23:33:00
host981.bumtm.com,0,benign,2025-01-01T16:21:00
grapestone.org,1,matsnu,2025-01-02T00:37:00
host2217.jszkh.com,0,benign,2025-01-02T12:57:00
jn12lbo.biz,1,cryptolocker,2025-01-03T02:20:00
xyytk.net,1,conficker,2025-01-02T00:59:00
applefire.org,1,matsnu,2025-01-01T04:06:00
yahoo.com,0,benign,2025-01-04T06:07:00
cloudflare.com,0,benign,2025-01-02T07:26:00
host3809.dpjdl.com,0,benign,2025-01-03T15:29:00
3qz7fnm.biz,1,cryptolocker,2025-01-01T17:32:00
apple.com,0,benign,2025-01-03T07:07:00
host1662.xbtdq.com,0,benign,2025-01-02T03:42:00
5gc2s3jp.com,1,generic,2025-01-03T06:30:00
rhvssq.net,1,conficker,2025-01-02T17:07:00
host996.bcojz.com,0,benign,2025-01-01T16:36:00
77f4et0q94wv7cnm.cn,1,generic,2025-01-01T23:54:00
3y4xdkt.info,1,cryptolocker,2025-01-03T22:24:00
bing.com,0,benign,2025-01-01T08:04:00
host1879.cowft.com,0,benign,2025-01-02T07:19:00
host809.ttpyf.com,0,benign,2025-01-01T13:29:00
tbgmgob.net,1,conficker,2025-01-02T01:48:00
host4131.npvaf.com,0,benign,2025-01-03T20:51:00
host3723.uzuxl.com,0,benign,2025-01-03T14:03:00
932oiohc.biz,1,generic,2025-01-02T14:12:00
cgdzgioqkoul.com,1,kraken,2025-01-04T00:37:00
nmzf43d.info,1,cryptolocker,2025-01-02T08:06:00
host4927.cmtim.com,0,benign,2025-01-04T10:07:00
avitx6v.info,1,cryptolocker,2025-01-02T04:45:00
host2516.jryhz.com,0,benign,2025-01-02T17:56:00
host4100.pantb.com,0,benign,2025-01-03T20:20:00
host4058.facwr.com,0,benign,2025-01-03T19:38:00
host620.rqjld.com,0,benign,2025-01-01T10:20:00
zaxaqenrrmmo.com,1,kraken,2025-01-04T03:57:00
edpaxvcnikwp.com,1,kraken,2025-01-03T09:52:00
host1779.olgzc.com,0,benign,2025-01-02T05:39:00
kkzunxj.net,1,conficker,2025-01-03T18:17:00
host227.ipevm.com,0,benign,2025-01-01T03:47:00
host2578.aycbo.com,0,benign,2025-01-02T18:58:00
2idjz7p.ru,1,cryptolocker,2025-01-02T11:56:00
cloudflare.com,0,benign,2025-01-01T17:54:00
apskmgkzrjln.com,1,kraken,2025-01-03T02:52:00
conzdbz.net,1,conficker,2025-01-01T20:58:00
wikipedia.org,0,benign,2025-01-02T00:30:00
thattheyou.net,1,suppobox,2025-01-02T15:23:00
theywithand.net,1,suppobox,2025-01-02T03:32:00
7xxu061ke4t13.tk,1,generic,2025-01-03T05:53:00
pmeytgnhxtja.com,1,kraken,2025-01-03T02:16:00
qccpldtv.net,1,conficker,2025-01-01T08:40:00
i19s2f92y0m.ru,1,generic,2025-01-04T01:58:00
host4863.mucxe.com,0,benign,2025-01-04T09:03:00
gzxrnmyt.net,1,conficker,2025-01-02T16:50:00
host2748.gsdms.com,0,benign,2025-01-02T21:48:00
host205.pvjng.com,0,benign,2025-01-01T03:25:00
stonewater.org,1,matsnu,2025-01-01T20:49:00
bd7up5u.biz,1,cryptolocker,2025-01-02T15:38:00
gtrue.net,1,conficker,2025-01-01T11:09:00
4hsmy4x8q8i80jpftga0.cn,1,generic,2025-01-01T12:29:00
thathavefor.net,1,suppobox,2025-01-03T19:52:00
rockwater.org,1,matsnu,2025-01-02T18:22:00
fireelder.org,1,matsnu,2025-01-01T19:31:00
havethehave.net,1,suppobox,2025-01-03T06:52:00
host4843.xtlht.com,0,benign,2025-01-04T08:43:00
host3614.ktfvu.com,0,benign,2025-01-03T12:14:00
host2745.welwm.com,0,benign,2025-01-02T21:45:00
vnteepbqriyz.com,1,kraken,2025-01-03T14:58:00
nc0pxom.info,1,cryptolocker,2025-01-04T06:09:00
figtree.org,1,matsnu,2025-01-02T05:30:00
host832.emnob.com,0,benign,2025-01-01T13:52:00
host411.uoxlp.com,0,benign,2025-01-01T06:51:00
th2xqn02kiip2yhq.com,1,generic,2025-01-02T22:45:00
vuwasagfqzdd.com,1,kraken,2025-01-02T14:04:00
host4406.cpgcc.com,0,benign,2025-01-04T01:26:00
gkerwdiyitww.com,1,kraken,2025-01-02T11:21:00
nbiuqxw.net,1,conficker,2025-01-03T08:05:00
rdxbvkm57mr0g.cn,1,generic,2025-01-02T04:40:00
eyhulnaw.net,1,conficker,2025-01-03T15:14:00
hiswiththat.net,1,suppobox,2025-01-02T10:03:00
thistheythe.net,1,suppobox,2025-01-02T04:01:00
ainath0o4z9dxuthzb.biz,1,generic,2025-01-01T03:21:00
host4923.ahiom.com,0,benign,2025-01-04T10:03:00
host882.dbify.com,0,benign,2025-01-01T14:42:00
hujx8lkatdu9orlkstvd.org,1,generic,2025-01-04T01:11:00
amazon.com,0,benign,2025-01-02T15:28:00
xntuoncakhux.com,1,kraken,2025-01-02T00:06:00
qbaic9c.info,1,cryptolocker,2025-01-02T22:13:00
live.com,0,benign,2025-01-01T02:16:00
host3340.bsidb.com,0,benign,2025-01-03T07:40:00
host3039.dnrvl.com,0,benign,2025-01-03T02:39:00
host2165.kvdpz.com,0,benign,2025-01-02T12:05:00
host2161.shqtb.com,0,benign,2025-01-02T12:01:00
kryz9wo9l1.cn,1,generic,2025-01-03T14:26:00
host2233.qpjwj.com,0,benign,2025-01-02T13:13:00
host3469.zbbgn.com,0,benign,2025-01-03T09:49:00
andfromyou.net,1,suppobox,2025-01-02T18:44:00
dk1j2xmg2.com,1,generic,2025-01-02T19:49:00
butthiswith.net,1,suppobox,2025-01-01T02:35:00
host3973.lxaod.com,0,benign,2025-01-03T18:13:00
host2613.zeltr.com,0,benign,2025-01-02T19:33:00
nottheythey.net,1,suppobox,2025-01-01T23:11:00
google.com,0,benign,2025-01-01T01:36:00
host1545.pqzgg.com,0,benign,2025-01-02T01:45:00
host2304.ewoby.com,0,benign,2025-01-02T14:24:00
host4964.dxokq.com,0,benign,2025-01-04T10:44:00
host1256.lchba.com,0,benign,2025-01-01T20:56:00
butfornot.net,1,suppobox,2025-01-04T01:29:00
host2821.lorda.com,0,benign,2025-01-02T23:01:00
host3134.zbvge.com,0,benign,2025-01-03T04:14:00
host179.eclld.com,0,benign,2025-01-01T02:59:00
thisthatand.net,1,suppobox,2025-01-03T12:36:00
9ukll3x.biz,1,cryptolocker,2025-01-03T23:39:00
treefire.org,1,matsnu,2025-01-03T06:21:00
host4251.vjsxp.com,0,benign,2025-01-03T22:51:00
host2071.knqzx.com,0,benign,2025-01-02T10:31:00
ls7dt1q44j0vsvcdfz.ru,1,generic,2025-01-03T18:24:00
figcherry.org,1,matsnu,2025-01-04T02:43:00
zraamsp.net,1,conficker,2025-01-02T15:24:00
5um4adzcy.net,1,generic,2025-01-03T14:25:00
rockfig.org,1,matsnu,2025-01-02T05:58:00
host4358.bifco.com,0,benign,2025-01-04T00:38:00
7sfeq3bxzz.biz,1,generic,2025-01-01T18:31:00
bananawater.org,1,matsnu,2025-01-02T05:24:00
host2201.haxtf.com,0,benign,2025-01-02T12:41:00
apple.co,0,benign,2025-01-03T04:35:00
awxvrjljyzhy.com,1,kraken,2025-01-03T14:22:00
notnotfor.net,1,suppobox,2025-01-04T10:50:00
jduwabhc.net,1,conficker,2025-01-01T11:55:00
google.com,0,benign,2025-01-01T21:19:00
lsesioscmeob.com,1,kraken,2025-01-02T13:48:00
withthatbut.net,1,suppobox,2025-01-02T22:41:00
pbocixfb.net,1,conficker,2025-01-01T23:47:00
apple.co,0,benign,2025-01-04T02:58:00
azure.com,0,benign,2025-01-02T23:07:00
idvfespbulbz.com,1,kraken,2025-01-03T19:33:00
host3964.piruh.com,0,benign,2025-01-03T18:04:00
ojvpwwnuzqxx.com,1,kraken,2025-01-02T22:44:00
host2832.gfexy.com,0,benign,2025-01-02T23:12:00
host2085.fevko.com,0,benign,2025-01-02T10:45:00
i2ensb1.info,1,cryptolocker,2025-01-01T01:25:00
edgbzsdg2u.tk,1,generic,2025-01-04T07:49:00
yyffcfpx.net,1,conficker,2025-01-03T11:47:00
6ra4q8n.ru,1,cryptolocker,2025-01-04T01:24:00
bing.com,0,benign,2025-01-01T02:17:00
host1173.udacq.com,0,benign,2025-01-01T19:33:00
onimw.net,1,conficker,2025-01-03T01:48:00
forhishave.net,1,suppobox,2025-01-03T07:47:00
host2164.hhuin.com,0,benign,2025-01-02T12:04:00
bananaelder.org,1,matsnu,2025-01-02T07:35:00
host2225.cdyiq.com,0,benign,2025-01-02T13:05:00
hhulvjtv.net,1,conficker,2025-01-03T05:21:00
host715.klwry.com,0,benign,2025-01-01T11:55:00
eyvalcpvhkmy.com,1,kraken,2025-01-03T04:50:00
oej77eab3vxtpk1oq7sd.ru,1,generic,2025-01-02T06:18:00
host4669.oruvv.com,0,benign,2025-01-04T05:49:00
theyfromyou.net,1,suppobox,2025-01-03T10:48:00
host3144.lgdex.com,0,benign,2025-01-03T04:24:00
host3000.gwsep.com,0,benign,2025-01-03T02:00:00
host3222.uletb.com,0,benign,2025-01-03T05:42:00
dategrape.org,1,matsnu,2025-01-01T16:42:00
butnotnot.net,1,suppobox,2025-01-01T12:09:00
hszjypa.ru,1,cryptolocker,2025-01-01T13:31:00
yyjpu.net,1,conficker,2025-01-01T09:30:00
wikipedia.org,0,benign,2025-01-03T13:24:00
095zciz.biz,1,cryptolocker,2025-01-04T02:05:00
host729.xybde.com,0,benign,2025-01-01T12:09:00
figtree.org,1,matsnu,2025-01-01T02:57:00
za7b5ah.biz,1,cryptolocker,2025-01-03T17:01:00
9luhn1p8wi5mzcld45.ru,1,generic,2025-01-04T01:18:00
yomovdq.net,1,conficker,2025-01-02T16:38:00
host2192.uitnd.com,0,benign,2025-01-02T12:32:00
wssooyo.net,1,conficker,2025-01-01T18:57:00
host948.zgwvg.com,0,benign,2025-01-01T15:48:00
host1210.qwkyn.com,0,benign,2025-01-01T20:10:00
grxgvklc.net,1,conficker,2025-01-01T20:24:00
host1619.duexj.com,0,benign,2025-01-02T02:59:00
host1753.eqioh.com,0,benign,2025-01-02T05:13:00
fuykgtxulodp.com,1,kraken,2025-01-03T20:48:00
host2886.gxuui.com,0,benign,2025-01-03T00:06:00
host4357.csdnr.com,0,benign,2025-01-04T00:37:00
waterdate.org,1,matsnu,2025-01-01T13:25:00
host2559.lcygs.com,0,benign,2025-01-02T18:39:00
host3626.kguem.com,0,benign,2025-01-03T12:26:00
host2514.asfge.com,0,benign,2025-01-02T17:54:00
eqpxwofnubzs.com,1,kraken,2025-01-03T18:41:00
gpiwea.net,1,conficker,2025-01-04T04:52:00
5j4t3ch.info,1,cryptolocker,2025-01-03T14:51:00
host3544.kkkfd.com,0,benign,2025-01-03T11:04:00
bananafig.org,1,matsnu,2025-01-01T14:17:00
host754.zgaxy.com,0,benign,2025-01-01T12:34:00
host834.porfq.com,0,benign,2025-01-01T13:54:00
host511.gdonh.com,0,benign,2025-01-01T08:31:00
host3459.cwabv.com,0,benign,2025-01-03T09:39:00
applebanana.org,1,matsnu,2025-01-02T23:47:00
host3186.vdfmq.com,0,benign,2025-01-03T05:06:00
host1597.ecsfz.com,0,benign,2025-01-02T02:37:00
65lwn2p.info,1,cryptolocker,2025-01-02T20:33:00
salesforce.com,0,benign,2025-01-01T01:34:00
argpwwhepebk.com,1,kraken,2025-01-04T05:01:00
host2318.dyjiw.com,0,benign,2025-01-02T14:38:00
treeelder.org,1,matsnu,2025-01-03T11:04:00
ghrfhvvkms64neexzd.net,1,generic,2025-01-01T04:55:00
host4106.jjpkm.com,0,benign,2025-01-03T20:26:00
5mfnbsv.info,1,cryptolocker,2025-01-03T00:00:00
hisandthey.net,1,suppobox,2025-01-02T17:39:00
notfromthat.net,1,suppobox,2025-01-02T02:32:00
dvwjeceukilc.com,1,kraken,2025-01-04T09:29:00
host797.yfmpl.com,0,benign,2025-01-01T13:17:00
tnajphbloyug.com,1,kraken,2025-01-02T19:34:00
host763.gqpir.com,0,benign,2025-01-01T12:43:00
host118.jlnkr.com,0,benign,2025-01-01T01:58:00
imi9vfk.ru,1,cryptolocker,2025-01-02T19:03:00
host1272.dipng.com,0,benign,2025-01-01T21:12:00
host3204.anpzr.com,0,benign,2025-01-03T05:24:00
apple.com,0,benign,2025-01-02T08:33:00
92bzhp7cgu80v2yjhb22.net,1,generic,2025-01-01T00:31:00
jokpte.net,1,conficker,2025-01-02T17:47:00
google.com,0,benign,2025-01-04T00:39:00
host2152.kcwmw.com,0,benign,2025-01-02T11:52:00
host2359.sgcte.com,0,benign,2025-01-02T15:19:00
host3564.iqzko.com,0,benign,2025-01-03T11:24:00
axqc9ett0x42jjfztf.biz,1,generic,2025-01-02T15:33:00
host1958.urdha.com,0,benign,2025-01-02T08:38:00
host2783.jnenz.com,0,benign,2025-01-02T22:23:00
withhavethat.net,1,suppobox,2025-01-03T09:46:00
host4609.jtiuf.com,0,benign,2025-01-04T04:49:00
kfobmzm.net,1,conficker,2025-01-01T18:54:00
eljvzv5ug3m6hu5.biz,1,generic,2025-01-03T08:00:00
host4660.wbuxz.com,0,benign,2025-01-04T05:40:00
host280.vhefo.com,0,benign,2025-01-01T04:40:00
butyounot.net,1,suppobox,2025-01-01T18:32:00
host4893.boaei.com,0,benign,2025-01-04T09:33:00
buttheythis.net,1,suppobox,2025-01-02T06:50:00
host4072.tvmog.com,0,benign,2025-01-03T19:52:00
lbqcvygxaycb.com,1,kraken,2025-01-03T13:37:00
host2934.jglog.com,0,benign,2025-01-03T00:54:00
slack.com,0,benign,2025-01-01T02:32:00
host3599.ymbyp.com,0,benign,2025-01-03T11:59:00
host2852.hhann.com,0,benign,2025-01-02T23:32:00
smdxgajpwbef.com,1,kraken,2025-01-02T06:43:00
rqzyi.net,1,conficker,2025-01-03T07:08:00
host1335.ixvjj.com,0,benign,2025-01-01T22:15:00
notyouyou.net,1,suppobox,2025-01-02T09:15:00
amazon.com,0,benign,2025-01-01T05:39:00
host1355.qcvgj.com,0,benign,2025-01-01T22:35:00
yahoo.com,0,benign,2025-01-04T04:27:00
host3431.udupw.com,0,benign,2025-01-03T09:11:00
gbcjsrolatco.com,1,kraken,2025-01-01T19:40:00
ietpof.net,1,conficker,2025-01-01T05:58:00
xsyhtvv.net,1,conficker,2025-01-02T05:28:00
0b0kj04.biz,1,cryptolocker,2025-01-04T01:52:00
host1019.qcgbb.com,0,benign,2025-01-01T16:59:00
fromhavefrom.net,1,suppobox,2025-01-01T16:41:00
zwanwfvhxiok.com,1,kraken,2025-01-01T02:25:00
host517.uazkx.com,0,benign,2025-01-01T08:37:00
nuziahg.net,1,conficker,2025-01-01T05:16:00
host4231.ydpzf.com,0,benign,2025-01-03T22:31:00
host1227.nhfsh.com,0,benign,2025-01-01T20:27:00
host1586.kmcri.com,0,benign,2025-01-02T02:26:00
host4594.vmfum.com,0,benign,2025-01-04T04:34:00
dzvada.net,1,conficker,2025-01-01T05:56:00
pyuenbjz.net,1,conficker,2025-01-01T10:21:00
euzuxmx.net,1,conficker,2025-01-01T08:58:00
applefire.org,1,matsnu,2025-01-02T17:04:00
s4uairn.ru,1,cryptolocker,2025-01-03T23:25:00
w7voyvt.ru,1,cryptolocker,2025-01-03T07:19:00
host2436.hnonx.com,0,benign,2025-01-02T16:36:00
ljto5oe.info,1,cryptolocker,2025-01-03T11:19:00
host3833.jkpts.com,0,benign,2025-01-03T15:53:00
host805.rqjrw.com,0,benign,2025-01-01T13:25:00
fj9jo3l8dbkpsrz.com,1,generic,2025-01-03T05:31:00
rtembkbzksrp.com,1,kraken,2025-01-03T00:13:00
facebook.com,0,benign,2025-01-01T07:17:00
terjhtqtfgrf.com,1,kraken,2025-01-02T04:41:00
host3202.itwgr.com,0,benign,2025-01-03T05:22:00
host1771.vqphz.com,0,benign,2025-01-02T05:31:00
host1149.tlfxi.com,0,benign,2025-01-01T19:09:00
host1373.hnlwm.com,0,benign,2025-01-01T22:53:00
host788.sxpva.com,0,benign,2025-01-01T13:08:00
juzjdvxhuqfr.com,1,kraken,2025-01-03T10:13:00
rduwjr.net,1,conficker,2025-01-02T00:53:00
host610.sxuya.com,0,benign,2025-01-01T10:10:00
host1712.tkvgi.com,0,benign,2025-01-02T04:32:00
kuvnrsuju.net,1,generic,2025-01-01T22:02:00
host3780.bynov.com,0,benign,2025-01-03T15:00:00
host1112.pjsdm.com,0,benign,2025-01-01T18:32:00
waterwater.org,1,matsnu,2025-01-03T05:51:00
host4117.qzjrr.com,0,benign,2025-01-03T20:37:00
stonegrape.org,1,matsnu,2025-01-03T06:31:00
host4109.gamse.com,0,benign,2025-01-03T20:29:00
github.com,0,benign,2025-01-01T20:55:00
host4241.ksfld.com,0,benign,2025-01-03T22:41:00
host2587.ezhqa.com,0,benign,2025-01-02T19:07:00
host1908.dxqjj.com,0,benign,2025-01-02T07:48:00
host1118.iksyl.com,0,benign,2025-01-01T18:38:00
host942.hhlyn.com,0,benign,2025-01-01T15:42:00
bananadate.org,1,matsnu,2025-01-03T17:11:00
pegtl.net,1,conficker,2025-01-03T11:58:00
host798.sandy.com,0,benign,2025-01-01T13:18:00
host2873.vzkbf.com,0,benign,2025-01-02T23:53:00
embyd.net,1,conficker,2025-01-03T17:57:00
host1361.bufbl.com,0,benign,2025-01-01T22:41:00
qfm7e9y.biz,1,cryptolocker,2025-01-02T13:36:00
xvpetkrhvntv.com,1,kraken,2025-01-02T08:40:00
host684.aiqdr.com,0,benign,2025-01-01T11:24:00
f2kf1mt0cnp84v.com,1,generic,2025-01-01T19:36:00
sqaoppabndyh.com,1,kraken,2025-01-01T08:16:00
rrxlsponxwat.com,1,kraken,2025-01-01T02:13:00
host3511.nbxun.com,0,benign,2025-01-03T10:31:00
applewater.org,1,matsnu,2025-01-04T10:46:00
theythatfor.net,1,suppobox,2025-01-04T05:11:00
host1521.amiwq.com,0,benign,2025-01-02T01:21:00
host1940.gyntw.com,0,benign,2025-01-02T08:20:00
mueste.net,1,conficker,2025-01-02T11:33:00
host665.amlww.com,0,benign,2025-01-01T11:05:00
host2249.tmonh.com,0,benign,2025-01-02T13:29:00
hfdzf5plpn38yyt8qmw.ru,1,generic,2025-01-03T16:51:00
ftwqthkzxlqk.com,1,kraken,2025-01-02T15:25:00
theybutfrom.net,1,suppobox,2025-01-01T18:05:00
host1538.xvmfl.com,0,benign,2025-01-02T01:38:00
zoom.us,0,benign,2025-01-01T22:05:00
host841.dudnz.com,0,benign,2025-01-01T14:01:00
host4173.riynv.com,0,benign,2025-01-03T21:33:00
host2182.aitls.com,0,benign,2025-01-02T12:22:00
host2037.pbzha.com,0,benign,2025-01-02T09:57:00
office.com,0,benign,2025-01-03T05:13:00
host3518.hjcct.com,0,benign,2025-01-03T10:38:00
azure.com,0,benign,2025-01-02T16:56:00
host3211.pehqz.com,0,benign,2025-01-03T05:31:00
acfevamo.net,1,conficker,2025-01-04T05:22:00
host1297.fgpno.com,0,benign,2025-01-01T21:37:00
host3224.ynvco.com,0,benign,2025-01-03T05:44:00
host1116.eoaxi.com,0,benign,2025-01-01T18:36:00
host2562.ybczl.com,0,benign,2025-01-02T18:42:00
cpzuwfuhcdvi.com,1,kraken,2025-01-02T02:28:00
apple.com,0,benign,2025-01-01T12:15:00
host4844.upvtq.com,0,benign,2025-01-04T08:44:00
host968.sryvn.com,0,benign,2025-01-01T16:08:00
hisfrombut.net,1,suppobox,2025-01-01T11:41:00
kdhdr.net,1,conficker,2025-01-01T23:33:00
forwiththat.net,1,suppobox,2025-01-02T18:06:00
host4837.sytoz.com,0,benign,2025-01-04T08:37:00
live.com,0,benign,2025-01-02T06:15:00
host2670.wvcnq.com,0,benign,2025-01-02T20:30:00
host4393.boniu.com,0,benign,2025-01-04T01:13:00
vempsv1.info,1,cryptolocker,2025-01-02T06:03:00
host2257.yyqlx.com,0,benign,2025-01-02T13:37:00
havethathis.net,1,suppobox,2025-01-04T08:48:00
g23zvsm1e3l.tk,1,generic,2025-01-03T23:57:00
host2607.fxuhq.com,0,benign,2025-01-02T19:27:00
cvdroqhehvbf.com,1,kraken,2025-01-04T07:45:00
re7lrpo4bep1powl3.tk,1,generic,2025-01-03T17:59:00
d2i283b.biz,1,cryptolocker,2025-01-01T03:43:00
host83.ckooh.com,0,benign,2025-01-01T01:23:00
fwbdncp.net,1,conficker,2025-01-01T06:16:00
cloudflare.com,0,benign,2025-01-04T09:27:00
nzqe9tlddu.net,1,generic,2025-01-04T00:32:00
host4273.djgcq.com,0,benign,2025-01-03T23:13:00
slack.com,0,benign,2025-01-03T17:46:00
google.com,0,benign,2025-01-03T07:35:00
host2528.mdtwq.com,0,benign,2025-01-02T18:08:00
host1710.pwvnq.com,0,benign,2025-01-02T04:30:00
jsybwnkr.net,1,conficker,2025-01-03T00:14:00
host1422.ntyri.com,0,benign,2025-01-01T23:42:00
host3853.fzfkd.com,0,benign,2025-01-03T16:13:00
azure.com,0,benign,2025-01-01T23:10:00
lkjk99mrr03x.biz,1,generic,2025-01-01T00:56:00
host4200.nilmf.com,0,benign,2025-01-03T22:00:00
host722.atqog.com,0,benign,2025-01-01T12:02:00
cherryfire.org,1,matsnu,2025-01-03T21:50:00
host558.ntsvm.com,0,benign,2025-01-01T09:18:00
cherrystone.org,1,matsnu,2025-01-02T16:52:00
github.com,0,benign,2025-01-01T22:06:00
theandbut.net,1,suppobox,2025-01-04T05:14:00
wjhkqbup.net,1,conficker,2025-01-03T14:36:00
host4909.cjcfy.com,0,benign,2025-01-04T09:49:00
host4840.yafyg.com,0,benign,2025-01-04T08:40:00
xq22vm0mkjczcy1aj3r.com,1,generic,2025-01-03T10:22:00
host4765.ppxfp.com,0,benign,2025-01-04T07:25:00
a0nz508fm9a.org,1,generic,2025-01-03T20:02:00
cpkca.net,1,conficker,2025-01-01T02:49:00
host2.zzxld.com,0,benign,2025-01-01T00:02:00
host2916.dmwpm.com,0,benign,2025-01-03T00:36:00
github.com,0,benign,2025-01-02T21:53:00
ipnqdnktzkmy.com,1,kraken,2025-01-01T03:57:00
londf1ladfk.org,1,generic,2025-01-04T06:08:00
host3230.nsjjz.com,0,benign,2025-01-03T05:50:00
gv3nb2ajk57sa2lbd.net,1,generic,2025-01-02T17:06:00
u4otr6g.biz,1,cryptolocker,2025-01-02T11:30:00
host2364.pcief.com,0,benign,2025-01-02T15:24:00
linkedin.com,0,benign,2025-01-03T02:34:00
firerock.org,1,matsnu,2025-01-02T05:12:00
host1488.eyuuq.com,0,benign,2025-01-02T00:48:00
04db7jsj0qf.tk,1,generic,2025-01-01T00:55:00
slack.com,0,benign,2025-01-02T18:53:00
axllm9a.biz,1,cryptolocker,2025-01-04T05:19:00
11w44z5.biz,1,cryptolocker,2025-01-01T15:07:00
netflix.com,0,benign,2025-01-02T12:36:00
br3xzzy.ru,1,cryptolocker,2025-01-02T18:15:00
youthethis.net,1,suppobox,2025-01-03T19:06:00
host3586.qeofu.com,0,benign,2025-01-03T11:46:00
lzqzhutbbzbo.com,1,kraken,2025-01-02T17:41:00
host914.bjcaz.com,0,benign,2025-01-01T15:14:00
zntvtlpw9qjnpa6e8.ru,1,generic,2025-01-03T10:40:00
mftukkfmgwdl.com,1,kraken,2025-01-02T12:29:00
host3188.dobaw.com,0,benign,2025-01-03T05:08:00
office.com,0,benign,2025-01-02T20:58:00
bananafig.org,1,matsnu,2025-01-03T23:13:00
host1144.zzuml.com,0,benign,2025-01-01T19:04:00
host1891.zemoj.com,0,benign,2025-01-02T07:31:00
cherryrock.org,1,matsnu,2025-01-02T21:19:00
host518.fjxyd.com,0,benign,2025-01-01T08:38:00
host3483.xoidy.com,0,benign,2025-01-03T10:03:00
18kkb27.info,1,cryptolocker,2025-01-04T00:50:00
thnafi7.info,1,cryptolocker,2025-01-02T03:16:00
salesforce.com,0,benign,2025-01-02T19:40:00
hclnk6m.info,1,cryptolocker,2025-01-02T11:51:00
youforhis.net,1,suppobox,2025-01-03T17:18:00
y9zq7sfg7j6tddo.net,1,generic,2025-01-02T01:05:00
host3749.wszql.com,0,benign,2025-01-03T14:29:00
mbhar.net,1,conficker,2025-01-03T15:49:00
thatandfor.net,1,suppobox,2025-01-04T10:55:00
yobrsptxmvdl.com,1,kraken,2025-01-01T18:20:00
host3790.bkiok.com,0,benign,2025-01-03T15:10:00
host1299.dyhiy.com,0,benign,2025-01-01T21:39:00
figfig.org,1,matsnu,2025-01-02T10:19:00
host359.omwho.com,0,benign,2025-01-01T05:59:00
host1170.ipkbm.com,0,benign,2025-01-01T19:30:00
host4770.ddtzj.com,0,benign,2025-01-04T07:30:00
host3137.wamzt.com,0,benign,2025-01-03T04:17:00
host3954.rxxqz.com,0,benign,2025-01-03T17:54:00
fatb3rqpiw3ys7oj6v.ru,1,generic,2025-01-03T18:14:00
elderstone.org,1,matsnu,2025-01-03T19:30:00
waterrock.org,1,matsnu,2025-01-03T09:29:00
host3464.mgmeh.com,0,benign,2025-01-03T09:44:00
host3439.menns.com,0,benign,2025-01-03T09:19:00
amazon.com,0,benign,2025-01-03T06:59:00
42rvrwf.biz,1,cryptolocker,2025-01-03T15:53:00
t7hyx81sxqs5sd12b.ru,1,generic,2025-01-04T04:05:00
slack.com,0,benign,2025-01-02T01:24:00
host3090.wbdvd.com,0,benign,2025-01-03T03:30:00
host4484.snuqx.com,0,benign,2025-01-04T02:44:00
xugumnqs.net,1,conficker,2025-01-03T17:31:00
inhpzazdmfbp.com,1,kraken,2025-01-03T13:03:00
host2145.tlhyk.com,0,benign,2025-01-02T11:45:00
rockdate.org,1,matsnu,2025-01-04T05:17:00
google.com,0,benign,2025-01-01T15:10:00
opzbx.net,1,conficker,2025-01-03T23:06:00
host2976.djjcq.com,0,benign,2025-01-03T01:36:00
slack.com,0,benign,2025-01-01T09:40:00
host1369.fzwhh.com,0,benign,2025-01-01T22:49:00
a3dyeey.biz,1,cryptolocker,2025-01-01T20:16:00
host3565.dnfll.com,0,benign,2025-01-03T11:25:00
host3670.ucney.com,0,benign,2025-01-03T13:10:00
host4361.zgyrc.com,0,benign,2025-01-04T00:41:00
host230.rmrrg.com,0,benign,2025-01-01T03:50:00
rocktree.org,1,matsnu,2025-01-01T11:56:00
host2325.ffrxx.com,0,benign,2025-01-02T14:45:00
uygspueliagt.com,1,kraken,2025-01-01T21:39:00
fromnotyou.net,1,suppobox,2025-01-04T10:44:00
google.com,0,benign,2025-01-01T10:21:00
host2366.tqdxv.com,0,benign,2025-01-02T15:26:00
apple.com,0,benign,2025-01-02T00:31:00
google.com,0,benign,2025-01-03T22:05:00
d8jrosz.info,1,cryptolocker,2025-01-01T23:28:00
host1153.swfgg.com,0,benign,2025-01-01T19:13:00
host454.pmhhi.com,0,benign,2025-01-01T07:34:00
host4137.uzpyh.com,0,benign,2025-01-03T20:57:00
guwitpyzlzkfu.net,1,generic,2025-01-01T03:30:00
xsd9aua2oc2h.ru,1,generic,2025-01-03T12:19:00
host912.clfts.com,0,benign,2025-01-01T15:12:00
host1496.mmmos.com,0,benign,2025-01-02T00:56:00
host4450.vmopt.com,0,benign,2025-01-04T02:10:00
host1469.jqrvj.com,0,benign,2025-01-02T00:29:00
9hzdk7p.info,1,cryptolocker,2025-01-02T04:36:00
slack.com,0,benign,2025-01-03T03:02:00
host3950.nwyrw.com,0,benign,2025-01-03T17:50:00
pxixojptdiqw.com,1,kraken,2025-01-01T14:18:00
host2440.tjjrf.com,0,benign,2025-01-02T16:40:00
rockrock.org,1,matsnu,2025-01-02T05:18:00
jxsytvxpqshm.com,1,kraken,2025-01-01T03:37:00
facebook.com,0,benign,2025-01-03T09:37:00
o2hr0sv.info,1,cryptolocker,2025-01-02T00:39:00
host1352.qxlyq.com,0,benign,2025-01-01T22:32:00
cherrydate.org,1,matsnu,2025-01-02T20:21:00
host2474.dgnjc.com,0,benign,2025-01-02T17:14:00
host4364.dyvqj.com,0,benign,2025-01-04T00:44:00
cwlqiae.info,1,cryptolocker,2025-01-03T22:35:00
grapeelder.org,1,matsnu,2025-01-01T11:06:00
host4490.oupzf.com,0,benign,2025-01-04T02:50:00
ye5f534.ru,1,cryptolocker,2025-01-02T16:24:00
vofywybg.net,1,conficker,2025-01-03T23:01:00
facebook.com,0,benign,2025-01-04T11:08:00
za0l4e2sgwsrn1f.cn,1,generic,2025-01-01T10:47:00
wikipedia.org,0,benign,2025-01-01T22:58:00
ofd2u44r8.com,1,generic,2025-01-01T13:07:00
host3935.befof.com,0,benign,2025-01-03T17:35:00
host3987.nwwgd.com,0,benign,2025-01-03T18:27:00
bxdtoo.net,1,conficker,2025-01-02T02:30:00
host1552.leics.com,0,benign,2025-01-02T01:52:00
host1959.wigja.com,0,benign,2025-01-02T08:39:00
host1033.xwxxy.com,0,benign,2025-01-01T17:13:00
ajgqtbeqjxmh.com,1,kraken,2025-01-01T13:39:00
google.com,0,benign,2025-01-02T08:53:00
eizqg280m.ru,1,generic,2025-01-01T08:34:00
host4730.keasp.com,0,benign,2025-01-04T06:50:00
tnnaz.net,1,conficker,2025-01-04T08:09:00
7hvpvhl.info,1,cryptolocker,2025-01-03T23:07:00
kepgveidbyiy.com,1,kraken,2025-01-03T13:13:00
host4891.pobvf.com,0,benign,2025-01-04T09:31:00
b3ikqk7.info,1,cryptolocker,2025-01-02T07:29:00
eldergrape.org,1,matsnu,2025-01-01T00:34:00
host1782.psjqw.com,0,benign,2025-01-02T05:42:00
host3569.htatf.com,0,benign,2025-01-03T11:29:00
tshocwevlfhl.com,1,kraken,2025-01-03T01:17:00
host2521.ywagy.com,0,benign,2025-01-02T18:01:00
dwhphmpo6nhpkqm9.cn,1,generic,2025-01-04T06:11:00
host1986.couwn.com,0,benign,2025-01-02T09:06:00
67dlqhxqtaox.cn,1,generic,2025-01-03T05:27:00
host605.rbnkk.com,0,benign,2025-01-01T10:05:00
host956.vvrxm.com,0,benign,2025-01-01T15:56:00
host1757.nrqlb.com,0,benign,2025-01-02T05:17:00
host2583.bsbhi.com,0,benign,2025-01-02T19:03:00
elderstone.org,1,matsnu,2025-01-04T11:01:00
q1tc9lx.biz,1,cryptolocker,2025-01-03T06:59:00
host2135.gmahb.com,0,benign,2025-01-02T11:35:00
rg7m36z.biz,1,cryptolocker,2025-01-01T19:38:00
host38.adsqg.com,0,benign,2025-01-01T00:38:00
host4814.ctpqo.com,0,benign,2025-01-04T08:14:00
fepizks.info,1,cryptolocker,2025-01-01T19:10:00
elzgxbkyciia.com,1,kraken,2025-01-03T23:37:00
host1885.sdzst.com,0,benign,2025-01-02T07:25:00
firerock.org,1,matsnu,2025-01-02T15:58:00
host679.vkott.com,0,benign,2025-01-01T11:19:00
jkhmajs.net,1,conficker,2025-01-01T19:03:00
il8jxf3f.ru,1,generic,2025-01-01T09:16:00
host3288.verub.com,0,benign,2025-01-03T06:48:00
host231.gqiys.com,0,benign,2025-01-01T03:51:00
aku9343fvvfa7fm3p8w.tk,1,generic,2025-01-03T09:24:00
host3116.tpulc.com,0,benign,2025-01-03T03:56:00
cherrytree.org,1,matsnu,2025-01-03T20:54:00
host63.nldrj.com,0,benign,2025-01-01T01:03:00
elderdate.org,1,matsnu,2025-01-01T09:05:00
axjrrnndocvq.com,1,kraken,2025-01-03T12:35:00
pyjacrvjvhgk.com,1,kraken,2025-01-01T20:26:00
hkgcgzr.net,1,conficker,2025-01-01T14:49:00
host3306.gelva.com,0,benign,2025-01-03T07:06:00
4t39n7ahn7gjfts.ru,1,generic,2025-01-02T19:57:00
ncr7cv9u44q044o8zl.biz,1,generic,2025-01-02T10:39:00
andandbut.net,1,suppobox,2025-01-02T08:02:00
amazon.com,0,benign,2025-01-01T03:42:00
host4567.kyqyq.com,0,benign,2025-01-04T04:07:00
raefkqgnufaw.com,1,kraken,2025-01-03T22:09:00
host988.dfjha.com,0,benign,2025-01-01T16:28:00
microsoft.com,0,benign,2025-01-02T09:28:00
ggllaohv0wq7.org,1,generic,2025-01-03T06:15:00
7pf2ag7uutg.net,1,generic,2025-01-03T15:51:00
9dppd5alh.info,1,generic,2025-01-03T16:35:00
host1835.ptdcd.com,0,benign,2025-01-02T06:35:00
host4531.veelr.com,0,benign,2025-01-04T03:31:00
thisforhave.net,1,suppobox,2025-01-02T10:50:00
host1932.mujni.com,0,benign,2025-01-02T08:12:00
withthatthis.net,1,suppobox,2025-01-01T08:52:00
4qrmtdn.info,1,cryptolocker,2025-01-03T23:47:00
jhmquipohacs.com,1,kraken,2025-01-01T22:25:00
ixuvwu.net,1,conficker,2025-01-04T09:41:00
host1981.nnzuz.com,0,benign,2025-01-02T09:01:00
host4864.gtwsd.com,0,benign,2025-01-04T09:04:00
muwejkdrlblt.com,1,kraken,2025-01-04T01:46:00
apple.com,0,benign,2025-01-02T00:50:00
stonegrape.org,1,matsnu,2025-01-04T06:29:00
microsoft.com,0,benign,2025-01-04T08:54:00
host862.muujg.com,0,benign,2025-01-01T14:22:00
ilkgt.net,1,conficker,2025-01-04T03:40:00
salesforce.com,0,benign,2025-01-03T08:56:00
hishavefrom.net,1,suppobox,2025-01-02T18:02:00
host1777.ucjcn.com,0,benign,2025-01-02T05:37:00
mwimfahomtpg.com,1,kraken,2025-01-03T17:54:00
fkvxtmsplkel.com,1,kraken,2025-01-03T09:38:00
host2498.rehmz.com,0,benign,2025-01-02T17:38:00
google.com,0,benign,2025-01-03T05:17:00
apple.com,0,benign,2025-01-02T21:20:00
host4736.vykfr.com,0,benign,2025-01-04T06:56:00
host1732.dqgjn.com,0,benign,2025-01-02T04:52:00
v7w86dd.ru,1,cryptolocker,2025-01-04T03:09:00
host1291.msuqp.com,0,benign,2025-01-01T21:31:00
office.com,0,benign,2025-01-03T16:42:00
eldergrape.org,1,matsnu,2025-01-01T10:52:00
elderapple.org,1,matsnu,2025-01-02T18:42:00
host899.izbqj.com,0,benign,2025-01-01T14:59:00
host3213.awvco.com,0,benign,2025-01-03T05:33:00
slack.com,0,benign,2025-01-04T04:16:00
hwszofe.net,1,conficker,2025-01-04T00:31:00
host4321.gmjmy.com,0,benign,2025-01-04T00:01:00
host771.zxomm.com,0,benign,2025-01-01T12:51:00
host691.fbdkc.com,0,benign,2025-01-01T11:31:00
host4897.qbabm.com,0,benign,2025-01-04T09:37:00
host1342.sguzy.com,0,benign,2025-01-01T22:22:00
host1418.rhico.com,0,benign,2025-01-01T23:38:00
treestone.org,1,matsnu,2025-01-03T18:43:00
wamt4q0.info,1,cryptolocker,2025-01-03T08:13:00
host2809.fxnhw.com,0,benign,2025-01-02T22:49:00
host3260.bqxdg.com,0,benign,2025-01-03T06:20:00
host31.cwexk.com,0,benign,2025-01-01T00:31:00
host2198.knget.com,0,benign,2025-01-02T12:38:00
host117.onuse.com,0,benign,2025-01-01T01:57:00
r70kav27q.biz,1,generic,2025-01-03T15:58:00
host2654.oljhv.com,0,benign,2025-01-02T20:14:00
fphlma.net,1,conficker,2025-01-02T20:09:00
jay5p10.info,1,cryptolocker,2025-01-02T07:14:00
yegsmae.ru,1,cryptolocker,2025-01-01T04:53:00
host986.jahpo.com,0,benign,2025-01-01T16:26:00
fnqahawqzswx.com,1,kraken,2025-01-02T17:37:00
di4u3epi.org,1,generic,2025-01-04T05:56:00
cherrybanana.org,1,matsnu,2025-01-01T14:25:00
host1563.pzmts.com,0,benign,2025-01-02T02:03:00
host1190.inmyb.com,0,benign,2025-01-01T19:50:00
bpushkbvayzy.com,1,kraken,2025-01-01T23:43:00
host1327.zpopj.com,0,benign,2025-01-01T22:07:00
facebook.com,0,benign,2025-01-04T06:09:00
apple.com,0,benign,2025-01-01T12:05:00
lwxl0thgqj3bt.info,1,generic,2025-01-01T03:01:00
apple.com,0,benign,2025-01-03T10:23:00
host450.zpljw.com,0,benign,2025-01-01T07:30:00
fromwithfor.net,1,suppobox,2025-01-01T17:53:00
theyforhave.net,1,suppobox,2025-01-02T18:46:00
waterstone.org,1,matsnu,2025-01-01T20:09:00
host2704.arjfu.com,0,benign,2025-01-02T21:04:00
pwdjswomqhdn.com,1,kraken,2025-01-03T21:13:00
yqv42qzsgpqjoi.tk,1,generic,2025-01-02T16:15:00
loxdpkjzgalk.com,1,kraken,2025-01-03T15:11:00
salesforce.com,0,benign,2025-01-02T17:55:00
4luzccegv3kjzywmazj3.cn,1,generic,2025-01-02T08:47:00
uq3igyyobitfqapbd.net,1,generic,2025-01-01T13:48:00
host3610.uwuke.com,0,benign,2025-01-03T12:10:00
host569.xlqro.com,0,benign,2025-01-01T09:29:00
host1078.avlrg.com,0,benign,2025-01-01T17:58:00
fromyoubut.net,1,suppobox,2025-01-03T15:10:00
host2743.iyesa.com,0,benign,2025-01-02T21:43:00
host3597.khlvm.com,0,benign,2025-01-03T11:57:00
ovtlcxnavpjd.com,1,kraken,2025-01-04T10:02:00
host3525.lnnbt.com,0,benign,2025-01-03T10:45:00
host3033.igwih.com,0,benign,2025-01-03T02:33:00
thehavefor.net,1,suppobox,2025-01-02T00:21:00
host2286.gqxco.com,0,benign,2025-01-02T14:06:00
host1017.ueyrd.com,0,benign,2025-01-01T16:57:00
host3147.jevkc.com,0,benign,2025-01-03T04:27:00
gachngradmfv.com,1,kraken,2025-01-02T05:33:00
host3845.gjaps.com,0,benign,2025-01-03T16:05:00
butthisfor.net,1,suppobox,2025-01-01T15:30:00
host4172.fyqyb.com,0,benign,2025-01-03T21:32:00
host888.volgb.com,0,benign,2025-01-01T14:48:00
fromhavehave.net,1,suppobox,2025-01-01T19:12:00
qdtkixrhjdao.com,1,kraken,2025-01-02T04:44:00
host4645.jrxdw.com,0,benign,2025-01-04T05:25:00
applefire.org,1,matsnu,2025-01-01T13:01:00
host1167.utvpr.com,0,benign,2025-01-01T19:27:00
ox4zgpb.info,1,cryptolocker,2025-01-04T05:24:00
ubxpuad5kx96d368x.tk,1,generic,2025-01-01T01:28:00
host4982.nfgrh.com,0,benign,2025-01-04T11:02:00
host356.xwqar.com,0,benign,2025-01-01T05:56:00
host2558.mhayf.com,0,benign,2025-01-02T18:38:00
host1148.vukmr.com,0,benign,2025-01-01T19:08:00
salesforce.com,0,benign,2025-01-02T21:13:00
d1jghly.ru,1,cryptolocker,2025-01-01T13:15:00
aws.amazon.com,0,benign,2025-01-04T05:59:00
figdate.org,1,matsnu,2025-01-02T18:52:00
firewater.org,1,matsnu,2025-01-03T05:45:00
host1581.ziuvw.com,0,benign,2025-01-02T02:21:00
xbiket1.ru,1,cryptolocker,2025-01-04T00:22:00
havehavethat.net,1,suppobox,2025-01-03T11:18:00
stonebanana.org,1,matsnu,2025-01-01T05:20:00
host4632.aleqw.com,0,benign,2025-01-04T05:12:00
vejirev.net,1,conficker,2025-01-04T05:06:00
host2399.rykvt.com,0,benign,2025-01-02T15:59:00
slack.com,0,benign,2025-01-01T22:18:00
dateapple.org,1,matsnu,2025-01-02T02:15:00
office.com,0,benign,2025-01-02T21:26:00
host2889.vowmo.com,0,benign,2025-01-03T00:09:00
lrflkbx.net,1,conficker,2025-01-02T05:08:00
host235.ejedy.com,0,benign,2025-01-01T03:55:00
ilujjzuxorbl.com,1,kraken,2025-01-03T01:19:00
host405.wppbm.com,0,benign,2025-01-01T06:45:00
linkedin.com,0,benign,2025-01-03T00:10:00
niphlraoirwv.com,1,kraken,2025-01-02T23:20:00
host3651.fymyn.com,0,benign,2025-01-03T12:51:00
host2163.nxnkj.com,0,benign,2025-01-02T12:03:00
havehavewith.net,1,suppobox,2025-01-03T16:10:00
linkedin.com,0,benign,2025-01-03T14:25:00
cogfhnrtgqkp.com,1,kraken,2025-01-04T07:55:00
host3965.zycyb.com,0,benign,2025-01-03T18:05:00
host1775.ervwn.com,0,benign,2025-01-02T05:35:00
cbfkkez.net,1,conficker,2025-01-02T21:25:00
m4vjlf0.biz,1,cryptolocker,2025-01-01T05:06:00
firegrape.org,1,matsnu,2025-01-02T12:17:00
office.com,0,benign,2025-01-02T09:00:00
bgsmirjp.net,1,conficker,2025-01-02T07:23:00
host255.qlksl.com,0,benign,2025-01-01T04:15:00
host984.tybdt.com,0,benign,2025-01-01T16:24:00
apple.co,0,benign,2025-01-03T17:07:00
firefig.org,1,matsnu,2025-01-02T04:04:00
host1995.bklsr.com,0,benign,2025-01-02T09:15:00
07n6trt.ru,1,cryptolocker,2025-01-03T12:20:00
svapyop.net,1,conficker,2025-01-02T03:38:00
jmrm9yn47qblikpglo.info,1,generic,2025-01-02T02:44:00
host349.ldiwg.com,0,benign,2025-01-01T05:49:00
applestone.org,1,matsnu,2025-01-02T09:48:00
iicpxd.net,1,conficker,2025-01-02T21:42:00
y90vgj1.ru,1,cryptolocker,2025-01-02T06:47:00
host1216.gjajc.com,0,benign,2025-01-01T20:16:00
uajstgyrrzdd.com,1,kraken,2025-01-03T20:36:00
nbemuft.net,1,conficker,2025-01-02T07:48:00
zyb5fezktu1agwfooq.ru,1,generic,2025-01-01T09:09:00
host2112.twdtn.com,0,benign,2025-01-02T11:12:00
thisthefor.net,1,suppobox,2025-01-01T06:49:00
bananatree.org,1,matsnu,2025-01-02T06:25:00
salesforce.com,0,benign,2025-01-01T22:00:00
host2525.krcel.com,0,benign,2025-01-02T18:05:00
zjzqlkxr.net,1,conficker,2025-01-03T13:56:00
host2443.flhnh.com,0,benign,2025-01-02T16:43:00
host4572.ikxfm.com,0,benign,2025-01-04T04:12:00
fbbijznkiuuc.com,1,kraken,2025-01-01T16:26:00
apple.co,0,benign,2025-01-03T22:36:00
youfromfor.net,1,suppobox,2025-01-04T09:00:00
bwajkokliawi.com,1,kraken,2025-01-03T00:57:00
irmhm1c.info,1,cryptolocker,2025-01-02T15:50:00
host443.molbs.com,0,benign,2025-01-01T07:23:00
datecherry.org,1,matsnu,2025-01-02T06:06:00
figcherry.org,1,matsnu,2025-01-02T22:42:00
host4694.fgqye.com,0,benign,2025-01-04T06:14:00
host711.hsnfi.com,0,benign,2025-01-01T11:51:00
host3862.xntqz.com,0,benign,2025-01-03T16:22:00
b4isixn.info,1,cryptolocker,2025-01-04T10:45:00
host1889.ngpkv.com,0,benign,2025-01-02T07:29:00
lsynucu.net,1,conficker,2025-01-01T14:43:00
host1442.imadi.com,0,benign,2025-01-02T00:02:00
host2285.qveia.com,0,benign,2025-01-02T14:05:00
linkedin.com,0,benign,2025-01-04T08:38:00
host2948.dsorm.com,0,benign,2025-01-03T01:08:00
github.com,0,benign,2025-01-03T22:18:00
fysdeghncgvf.com,1,kraken,2025-01-01T05:30:00
host1055.tuqpr.com,0,benign,2025-01-01T17:35:00
ty08gvh.biz,1,cryptolocker,2025-01-04T08:28:00
github.com,0,benign,2025-01-02T09:50:00
bananacherry.org,1,matsnu,2025-01-03T04:58:00
host4824.bybvj.com,0,benign,2025-01-04T08:24:00
l8lx89z.info,1,cryptolocker,2025-01-02T23:53:00
host3179.krhdb.com,0,benign,2025-01-03T04:59:00
host1990.hwyuh.com,0,benign,2025-01-02T09:10:00
ikuft.net,1,conficker,2025-01-04T10:30:00
ew98y5r.info,1,cryptolocker,2025-01-02T19:52:00
host34.movqu.com,0,benign,2025-01-01T00:34:00
treetree.org,1,matsnu,2025-01-01T14:38:00
thisthisthis.net,1,suppobox,2025-01-02T10:47:00
ixfoukctj.info,1,generic,2025-01-03T21:58:00
e9ot0yr.ru,1,cryptolocker,2025-01-01T16:43:00
grapefig.org,1,matsnu,2025-01-02T04:20:00
host1472.awjbn.com,0,benign,2025-01-02T00:32:00
rimpuwzqcmsv.com,1,kraken,2025-01-02T01:42:00
bing.com,0,benign,2025-01-03T18:39:00
slack.com,0,benign,2025-01-01T10:51:00
host2711.dujft.com,0,benign,2025-01-02T21:11:00
host4500.kdinw.com,0,benign,2025-01-04T03:00:00
host324.zajlj.com,0,benign,2025-01-01T05:24:00
9x9p4glxgpaiee.biz,1,generic,2025-01-03T00:18:00
azure.com,0,benign,2025-01-02T03:32:00
243xfaf.info,1,cryptolocker,2025-01-01T15:17:00
salesforce.com,0,benign,2025-01-01T11:49:00
host2968.igrjf.com,0,benign,2025-01-03T01:28:00
75q2lsx.biz,1,cryptolocker,2025-01-03T11:52:00
host4342.zhkcf.com,0,benign,2025-01-04T00:22:00
wikipedia.org,0,benign,2025-01-02T03:06:00
host1028.zhyzf.com,0,benign,2025-01-01T17:08:00
host2143.pxmts.com,0,benign,2025-01-02T11:43:00
667zfvp.info,1,cryptolocker,2025-01-03T22:58:00
qoxa6jr.ru,1,cryptolocker,2025-01-03T09:01:00
agvbx.net,1,conficker,2025-01-01T13:04:00
host2076.dlvfp.com,0,benign,2025-01-02T10:36:00
fromhisfor.net,1,suppobox,2025-01-02T14:19:00
host3974.zfbjo.com,0,benign,2025-01-03T18:14:00
host1674.cmkmu.com,0,benign,2025-01-02T03:54:00
elderstone.org,1,matsnu,2025-01-01T19:57:00
thehisthis.net,1,suppobox,2025-01-03T00:51:00
bigwr.net,1,conficker,2025-01-03T15:32:00
host3038.reqke.com,0,benign,2025-01-03T02:38:00
netflix.com,0,benign,2025-01-01T07:10:00
muollbgtqnxh.com,1,kraken,2025-01-01T08:45:00
host1132.ocdzu.com,0,benign,2025-01-01T18:52:00
96ad1lv.biz,1,cryptolocker,2025-01-01T06:38:00
4tlcvsonvu46h84.org,1,generic,2025-01-03T14:17:00
bzyrhxi.net,1,conficker,2025-01-01T15:53:00
host134.dnkoc.com,0,benign,2025-01-01T02:14:00
wikipedia.org,0,benign,2025-01-01T01:02:00
m6yc88uld.cn,1,generic,2025-01-02T16:47:00
aws.amazon.com,0,benign,2025-01-04T08:29:00
datestone.org,1,matsnu,2025-01-03T18:13:00
wtuve79ysg.org,1,generic,2025-01-03T06:24:00
youhavefor.net,1,suppobox,2025-01-03T07:58:00
host4775.okvqo.com,0,benign,2025-01-04T07:35:00
xgpkh.net,1,conficker,2025-01-03T03:59:00
mzoegblcaqvl.com,1,kraken,2025-01-03T05:36:00
host2053.bjbqa.com,0,benign,2025-01-02T10:13:00
host3567.ayvmf.com,0,benign,2025-01-03T11:27:00
host3783.zfzhm.com,0,benign,2025-01-03T15:03:00
cherrydate.org,1,matsnu,2025-01-02T14:01:00
butnotyou.net,1,suppobox,2025-01-01T21:04:00
facebook.com,0,benign,2025-01-01T10:15:00
host2646.gnaxr.com,0,benign,2025-01-02T20:06:00
apple.com,0,benign,2025-01-01T12:26:00
host2024.svsvj.com,0,benign,2025-01-02T09:44:00
applecherry.org,1,matsnu,2025-01-01T00:25:00
netflix.com,0,benign,2025-01-03T13:42:00
host4675.sdlod.com,0,benign,2025-01-04T05:55:00
host810.sdbze.com,0,benign,2025-01-01T13:30:00
hcugywrztjsa.com,1,kraken,2025-01-04T02:29:00
host3613.kuqrn.com,0,benign,2025-01-03T12:13:00
host3412.yritb.com,0,benign,2025-01-03T08:52:00
wikipedia.org,0,benign,2025-01-01T23:37:00
cbylca.net,1,conficker,2025-01-03T06:10:00
ru772al.biz,1,cryptolocker,2025-01-03T03:27:00
notwithnot.net,1,suppobox,2025-01-03T03:43:00
vmqxyhf.ru,1,cryptolocker,2025-01-03T03:24:00
host2776.hwzee.com,0,benign,2025-01-02T22:16:00
host2792.eauwc.com,0,benign,2025-01-02T22:32:00
firestone.org,1,matsnu,2025-01-02T19:58:00
host3172.lccia.com,0,benign,2025-01-03T04:52:00
host3616.ngtqk.com,0,benign,2025-01-03T12:16:00
j25vmfr.biz,1,cryptolocker,2025-01-02T22:18:00
host2302.clcvy.com,0,benign,2025-01-02T14:22:00
waterelder.org,1,matsnu,2025-01-01T05:17:00
7soq2sb.ru,1,cryptolocker,2025-01-03T11:57:00
rtjsucrerrvn.com,1,kraken,2025-01-03T02:04:00
host4520.qgbox.com,0,benign,2025-01-04T03:20:00
i90ay56.ru,1,cryptolocker,2025-01-03T22:47:00
hisforyou.net,1,suppobox,2025-01-02T21:41:00
host1988.izvfj.com,0,benign,2025-01-02T09:08:00
bing.com,0,benign,2025-01-02T02:04:00
96b3vyz.biz,1,cryptolocker,2025-01-04T01:12:00
host4994.cogtv.com,0,benign,2025-01-04T11:14:00
host2352.hpexz.com,0,benign,2025-01-02T15:12:00
appleelder.org,1,matsnu,2025-01-02T02:49:00
dateelder.org,1,matsnu,2025-01-01T18:41:00
yahoo.com,0,benign,2025-01-02T02:58:00
netflix.com,0,benign,2025-01-03T09:02:00
l7lqfk4q1rzus.biz,1,generic,2025-01-02T16:30:00
5tx9qthytgt69.tk,1,generic,2025-01-03T16:34:00
wikipedia.org,0,benign,2025-01-02T13:58:00
lywgcygkiqlu.com,1,kraken,2025-01-02T20:10:00
ojumo.net,1,conficker,2025-01-03T12:31:00
host2746.zqxzx.com,0,benign,2025-01-02T21:46:00
host1004.qlgzv.com,0,benign,2025-01-01T16:44:00
vhizwqvasxhq.com,1,kraken,2025-01-03T09:55:00
host1574.flixr.com,0,benign,2025-01-02T02:14:00
umpdbkc.net,1,conficker,2025-01-03T00:01:00
histheyhave.net,1,suppobox,2025-01-03T14:49:00
host2784.vmlac.com,0,benign,2025-01-02T22:24:00
netflix.com,0,benign,2025-01-01T02:42:00
youhisand.net,1,suppobox,2025-01-01T18:50:00
eamyc.net,1,conficker,2025-01-03T13:23:00
host622.xkzzf.com,0,benign,2025-01-01T10:22:00
nrrzwdpancpm.com,1,kraken,2025-01-02T01:34:00
host2869.oiygx.com,0,benign,2025-01-02T23:49:00
cq191oajnf5kffvj87.tk,1,generic,2025-01-02T19:56:00
host4530.masxo.com,0,benign,2025-01-04T03:30:00
7uy7fshp8v41ko.cn,1,generic,2025-01-02T11:47:00
host1533.brqul.com,0,benign,2025-01-02T01:33:00
andwithbut.net,1,suppobox,2025-01-02T08:42:00
host2490.mrhzr.com,0,benign,2025-01-02T17:30:00
dafuom.net,1,conficker,2025-01-02T02:48:00
host3531.pelhn.com,0,benign,2025-01-03T10:51:00
bananadate.org,1,matsnu,2025-01-02T02:05:00
host2945.fioju.com,0,benign,2025-01-03T01:05:00
jploestahqet.com,1,kraken,2025-01-02T02:41:00
ksjlefjk.net,1,conficker,2025-01-01T06:05:00
bananastone.org,1,matsnu,2025-01-02T07:33:00
host4343.nofaq.com,0,benign,2025-01-04T00:23:00
butfromhis.net,1,suppobox,2025-01-02T05:48:00
forwiththe.net,1,suppobox,2025-01-01T14:24:00
dronrug.net,1,conficker,2025-01-01T05:23:00
host2912.iqxlr.com,0,benign,2025-01-03T00:32:00
hglwlhxd.net,1,conficker,2025-01-02T06:30:00
9juyuphshmn.biz,1,generic,2025-01-02T06:46:00
havethathis.net,1,suppobox,2025-01-04T08:55:00
host287.btmij.com,0,benign,2025-01-01T04:47:00
host4643.gvags.com,0,benign,2025-01-04T05:23:00
host3961.fvpei.com,0,benign,2025-01-03T18:01:00
u1ezmcx.biz,1,cryptolocker,2025-01-01T09:06:00
oouwgntr.net,1,conficker,2025-01-02T20:48:00
host3175.gwvjn.com,0,benign,2025-01-03T04:55:00
havetheywith.net,1,suppobox,2025-01-03T01:30:00
firecherry.org,1,matsnu,2025-01-03T22:03:00
datedate.org,1,matsnu,2025-01-02T07:41:00
host329.sxmgt.com,0,benign,2025-01-01T05:29:00
fmtubmtedaap.com,1,kraken,2025-01-04T03:53:00
hxkc1ff.ru,1,cryptolocker,2025-01-01T07:09:00
8ct8jrz.ru,1,cryptolocker,2025-01-03T19:04:00
host535.heoxz.com,0,benign,2025-01-01T08:55:00
gmfoicqytcpa.com,1,kraken,2025-01-04T10:41:00
treeapple.org,1,matsnu,2025-01-01T10:51:00
host3233.ftxwf.com,0,benign,2025-01-03T05:53:00
host1876.vzlgh.com,0,benign,2025-01-02T07:16:00
amazon.com,0,benign,2025-01-03T10:46:00
salesforce.com,0,benign,2025-01-03T22:20:00
thefromyou.net,1,suppobox,2025-01-02T03:48:00
awparztfeleg.com,1,kraken,2025-01-01T20:00:00
host1703.umqpz.com,0,benign,2025-01-02T04:23:00
kjysg28k9fv.biz,1,generic,2025-01-02T04:17:00
host166.hbdcw.com,0,benign,2025-01-01T02:46:00
watertree.org,1,matsnu,2025-01-02T09:29:00
yjyogyhzkgjf.com,1,kraken,2025-01-03T15:23:00
bananafig.org,1,matsnu,2025-01-01T11:05:00
bq3jz7pj52z6v75.net,1,generic,2025-01-02T23:19:00
facebook.com,0,benign,2025-01-01T04:34:00
mzzhmzwsenax.com,1,kraken,2025-01-02T13:01:00
youwiththis.net,1,suppobox,2025-01-01T13:36:00
zoom.us,0,benign,2025-01-03T20:35:00
watergrape.org,1,matsnu,2025-01-01T19:45:00
7qq276de45cjawyvw.cn,1,generic,2025-01-02T00:58:00
cloudflare.com,0,benign,2025-01-03T12:35:00
host3725.hnldo.com,0,benign,2025-01-03T14:05:00
linkedin.com,0,benign,2025-01-03T19:19:00
cherryelder.org,1,matsnu,2025-01-02T02:38:00
host1049.lsxsf.com,0,benign,2025-01-01T17:29:00
host3959.gpxdb.com,0,benign,2025-01-03T17:59:00
qlbdy4a.info,1,cryptolocker,2025-01-02T19:14:00
office.com,0,benign,2025-01-01T05:35:00
budfktc.net,1,conficker,2025-01-03T00:16:00
host3420.ujfny.com,0,benign,2025-01-03T09:00:00
ai9ly1umixg43fsh9.info,1,generic,2025-01-02T05:35:00
host3458.tizyj.com,0,benign,2025-01-03T09:38:00
host1697.kmlhb.com,0,benign,2025-01-02T04:17:00
host3257.neabs.com,0,benign,2025-01-03T06:17:00
host2091.wtvhe.com,0,benign,2025-01-02T10:51:00
host3664.fcvqe.com,0,benign,2025-01-03T13:04:00
host455.quhve.com,0,benign,2025-01-01T07:35:00
host1360.rhvdp.com,0,benign,2025-01-01T22:40:00
host4447.tsjsx.com,0,benign,2025-01-04T02:07:00
ugbkolmqsquk.com,1,kraken,2025-01-03T07:50:00
host1398.iuqmc.com,0,benign,2025-01-01T23:18:00
wxmwnr.net,1,conficker,2025-01-01T19:49:00
gfbiutojkjfm.com,1,kraken,2025-01-04T09:50:00
4gzwj1soqt6m4nd5lj6t.com,1,generic,2025-01-03T05:23:00
c9ri11e.biz,1,cryptolocker,2025-01-04T04:47:00
host4658.lkgll.com,0,benign,2025-01-04T05:38:00
y14qyn6.biz,1,cryptolocker,2025-01-03T08:55:00
host4392.lthrp.com,0,benign,2025-01-04T01:12:00
apple.co,0,benign,2025-01-03T13:31:00
host1025.wbyqq.com,0,benign,2025-01-01T17:05:00
live.com,0,benign,2025-01-03T10:47:00
rockelder.org,1,matsnu,2025-01-03T03:58:00
xewonqomduyu.com,1,kraken,2025-01-02T00:13:00
er9yqso.ru,1,cryptolocker,2025-01-02T10:21:00
host2409.ttpiw.com,0,benign,2025-01-02T16:09:00
wikipedia.org,0,benign,2025-01-02T03:10:00
kauifkzj.net,1,conficker,2025-01-04T08:31:00
host4432.vpkql.com,0,benign,2025-01-04T01:52:00
ngfhrmgctwau.com,1,kraken,2025-01-03T17:35:00
host2239.yzfdz.com,0,benign,2025-01-02T13:19:00
host2494.trtuk.com,0,benign,2025-01-02T17:34:00
host791.ygmvx.com,0,benign,2025-01-01T13:11:00
host3955.uuvan.com,0,benign,2025-01-03T17:55:00
jibjkaibxjtu.com,1,kraken,2025-01-04T07:05:00
host3353.lfnqp.com,0,benign,2025-01-03T07:53:00
host2396.mrbvv.com,0,benign,2025-01-02T15:56:00
cherrytree.org,1,matsnu,2025-01-02T07:58:00
host1947.iutyu.com,0,benign,2025-01-02T08:27:00
fromfromthe.net,1,suppobox,2025-01-03T05:12:00
apple.com,0,benign,2025-01-02T03:51:00
jt41022wc.tk,1,generic,2025-01-03T16:17:00
host2509.ycqqe.com,0,benign,2025-01-02T17:49:00
fangpmg.biz,1,cryptolocker,2025-01-01T21:56:00
host3655.wmqrs.com,0,benign,2025-01-03T12:55:00
aws.amazon.com,0,benign,2025-01-01T13:41:00
host1082.qsngr.com,0,benign,2025-01-01T18:02:00
grapefig.org,1,matsnu,2025-01-04T01:30:00
host3949.lualx.com,0,benign,2025-01-03T17:49:00
host2731.jwehg.com,0,benign,2025-01-02T21:31:00
host2732.iayfe.com,0,benign,2025-01-02T21:32:00
apple.co,0,benign,2025-01-01T21:47:00
host1789.ywzic.com,0,benign,2025-01-02T05:49:00
host1271.evylx.com,0,benign,2025-01-01T21:11:00
host1420.acnqd.com,0,benign,2025-01-01T23:40:00
wikipedia.org,0,benign,2025-01-03T20:40:00
host4579.hjkix.com,0,benign,2025-01-04T04:19:00
thatbutwith.net,1,suppobox,2025-01-01T23:15:00
gfkctmdnxjsl.com,1,kraken,2025-01-01T13:22:00
9d0eo2v55n5gt7mopnl.cn,1,generic,2025-01-04T10:33:00
linkedin.com,0,benign,2025-01-02T04:46:00
lkj08fku7x.info,1,generic,2025-01-03T19:23:00
host3199.redtt.com,0,benign,2025-01-03T05:19:00
host2633.odxqk.com,0,benign,2025-01-02T19:53:00
urqhb.net,1,conficker,2025-01-04T10:25:00
hishavebut.net,1,suppobox,2025-01-02T11:48:00
host1950.fjzpn.com,0,benign,2025-01-02T08:30:00
g4yo9l9mslggcklnz9.tk,1,generic,2025-01-01T11:31:00
nbqkq7g.ru,1,cryptolocker,2025-01-02T13:22:00
thishiswith.net,1,suppobox,2025-01-02T18:00:00
qlitrzuy75.com,1,generic,2025-01-02T20:34:00
host346.obqlo.com,0,benign,2025-01-01T05:46:00
host2379.syuom.com,0,benign,2025-01-02T15:39:00
lcgnnwsudaxl.com,1,kraken,2025-01-03T04:31:00
cloudflare.com,0,benign,2025-01-04T09:54:00
host1579.ochfg.com,0,benign,2025-01-02T02:19:00
rp1d3ugy0g.org,1,generic,2025-01-02T11:46:00
w8fmkakqp.net,1,generic,2025-01-02T06:51:00
zshxgkp.net,1,conficker,2025-01-01T12:34:00
host4667.jnsic.com,0,benign,2025-01-04T05:47:00
host856.czvnh.com,0,benign,2025-01-01T14:16:00
eahakbto.net,1,conficker,2025-01-03T03:11:00
treewater.org,1,matsnu,2025-01-01T11:58:00
host4827.tufey.com,0,benign,2025-01-04T08:27:00
host3310.nndtp.com,0,benign,2025-01-03T07:10:00
host210.mepbf.com,0,benign,2025-01-01T03:30:00
host4437.gzjnb.com,0,benign,2025-01-04T01:57:00
cherrydate.org,1,matsnu,2025-01-02T14:34:00
host953.ytovs.com,0,benign,2025-01-01T15:53:00
host338.kyzhz.com,0,benign,2025-01-01T05:38:00
rsr5zbcm9ijb.cn,1,generic,2025-01-02T05:57:00
host3823.cvnag.com,0,benign,2025-01-03T15:43:00
thishisthe.net,1,suppobox,2025-01-01T00:43:00
bananaelder.org,1,matsnu,2025-01-03T12:07:00
host1941.ivymc.com,0,benign,2025-01-02T08:21:00
amazon.com,0,benign,2025-01-02T17:26:00
elderfig.org,1,matsnu,2025-01-01T00:10:00
jhhsy.net,1,conficker,2025-01-03T01:50:00
eldergrape.org,1,matsnu,2025-01-04T06:25:00
v380p9h.info,1,cryptolocker,2025-01-03T21:47:00
host3259.ghdjy.com,0,benign,2025-01-03T06:19:00
host2696.zysdn.com,0,benign,2025-01-02T20:56:00
elderfig.org,1,matsnu,2025-01-01T07:16:00
host4544.pasgj.com,0,benign,2025-01-04T03:44:00
host494.scaql.com,0,benign,2025-01-01T08:14:00
mmrejti.biz,1,cryptolocker,2025-01-03T08:52:00
host485.okulf.com,0,benign,2025-01-01T08:05:00
z7un8o8io.org,1,generic,2025-01-02T09:41:00
rockwater.org,1,matsnu,2025-01-01T02:59:00
host1030.ihqmy.com,0,benign,2025-01-01T17:10:00
fromhisyou.net,1,suppobox,2025-01-01T20:32:00
host3875.kilxg.com,0,benign,2025-01-03T16:35:00
jmubaawxxaip.com,1,kraken,2025-01-01T06:56:00
kvyxtx.net,1,conficker,2025-01-04T03:17:00
host1846.epahs.com,0,benign,2025-01-02T06:46:00
host3639.ryaum.com,0,benign,2025-01-03T12:39:00
host298.vdwkn.com,0,benign,2025-01-01T04:58:00
host323.orpuo.com,0,benign,2025-01-01T05:23:00
upas9tngbb.ru,1,generic,2025-01-02T06:39:00
host1723.vylpo.com,0,benign,2025-01-02T04:43:00
vmsew.net,1,conficker,2025-01-03T16:37:00
netflix.com,0,benign,2025-01-03T19:29:00
aws.amazon.com,0,benign,2025-01-01T20:30:00
eldercherry.org,1,matsnu,2025-01-03T07:07:00
vxgrqdh.net,1,conficker,2025-01-03T04:56:00
uz8py4hjt3.com,1,generic,2025-01-01T20:28:00
host1478.kqvmf.com,0,benign,2025-01-02T00:38:00
host4948.nzjpr.com,0,benign,2025-01-04T10:28:00
theyhavebut.net,1,suppobox,2025-01-02T00:19:00
69x4j7u.biz,1,cryptolocker,2025-01-04T02:33:00
applegrape.org,1,matsnu,2025-01-03T01:15:00
host2665.iwxne.com,0,benign,2025-01-02T20:25:00
host2548.bvoey.com,0,benign,2025-01-02T18:28:00
fqdkgqpwbyxg.com,1,kraken,2025-01-02T10:06:00
host2835.sxxja.com,0,benign,2025-01-02T23:15:00
figapple.org,1,matsnu,2025-01-01T16:04:00
prxfxehn.net,1,conficker,2025-01-02T23:09:00
host2537.hejvx.com,0,benign,2025-01-02T18:17:00
host4590.imhmi.com,0,benign,2025-01-04T04:30:00
host2845.sjanr.com,0,benign,2025-01-02T23:25:00
6ar72i8dpz2gmec9ks.info,1,generic,2025-01-01T11:13:00
thistheythis.net,1,suppobox,2025-01-03T00:23:00
host3131.srhfa.com,0,benign,2025-01-03T04:11:00
zfmvr.net,1,conficker,2025-01-02T22:00:00
linkedin.com,0,benign,2025-01-04T04:58:00
vbwwfw.net,1,conficker,2025-01-03T13:58:00
host1571.dgfcx.com,0,benign,2025-01-02T02:11:00
host4272.ccxdk.com,0,benign,2025-01-03T23:12:00
euhgawyqcpga.com,1,kraken,2025-01-04T04:11:00
notyouthey.net,1,suppobox,2025-01-02T21:27:00
github.com,0,benign,2025-01-04T06:36:00
2h70zhv.biz,1,cryptolocker,2025-01-02T14:49:00
xl1mgz0.ru,1,cryptolocker,2025-01-03T15:17:00
bing.com,0,benign,2025-01-02T07:36:00
o1apcq1.biz,1,cryptolocker,2025-01-02T21:44:00
zcjmno.net,1,conficker,2025-01-02T05:51:00
notbutand.net,1,suppobox,2025-01-03T22:49:00
host310.rughz.com,0,benign,2025-01-01T05:10:00
host4535.qgday.com,0,benign,2025-01-04T03:35:00
rockelder.org,1,matsnu,2025-01-02T20:58:00
host59.gejde.com,0,benign,2025-01-01T00:59:00
github.com,0,benign,2025-01-02T13:06:00
host2141.xwglq.com,0,benign,2025-01-02T11:41:00
theywiththat.net,1,suppobox,2025-01-03T09:19:00
microsoft.com,0,benign,2025-01-04T02:02:00
host3154.rrsbm.com,0,benign,2025-01-03T04:34:00
2bwbm9n.ru,1,cryptolocker,2025-01-03T18:51:00
gphzugc.net,1,conficker,2025-01-02T19:27:00
host1536.sqvae.com,0,benign,2025-01-02T01:36:00
host1372.rcjdf.com,0,benign,2025-01-01T22:52:00
host296.kqrek.com,0,benign,2025-01-01T04:56:00
host2204.fszbr.com,0,benign,2025-01-02T12:44:00
host2586.gwnfz.com,0,benign,2025-01-02T19:06:00
host4585.cnvkt.com,0,benign,2025-01-04T04:25:00
raydo.net,1,conficker,2025-01-03T06:09:00
ofozwrllqrsd.com,1,kraken,2025-01-03T12:17:00
3049ewwbnv.biz,1,generic,2025-01-01T04:28:00
px88jpx.info,1,cryptolocker,2025-01-01T04:08:00
youwiththis.net,1,suppobox,2025-01-02T14:30:00
mtpgqzr.net,1,conficker,2025-01-02T22:10:00
amazon.com,0,benign,2025-01-02T04:38:00
klunxs.net,1,conficker,2025-01-03T19:15:00
andtheythey.net,1,suppobox,2025-01-03T20:33:00
aws.amazon.com,0,benign,2025-01-01T22:43:00
11mmvz0.info,1,cryptolocker,2025-01-02T08:14:00
host1702.nvvgc.com,0,benign,2025-01-02T04:22:00
x2jcptw.info,1,cryptolocker,2025-01-01T07:00:00
qhtszlcwjbzx.com,1,kraken,2025-01-01T06:25:00
andtheyfrom.net,1,suppobox,2025-01-01T08:48:00
apple.co,0,benign,2025-01-04T11:00:00
host1083.vvxzi.com,0,benign,2025-01-01T18:03:00
2geysnz9t2hkoryo9ja.info,1,generic,2025-01-02T22:02:00
cgzqb.net,1,conficker,2025-01-01T04:57:00
cherrycherry.org,1,matsnu,2025-01-04T10:58:00
yfzozjoknilx.com,1,kraken,2025-01-01T10:29:00
treefig.org,1,matsnu,2025-01-02T23:36:00
thatfromnot.net,1,suppobox,2025-01-01T06:58:00
github.com,0,benign,2025-01-01T10:26:00
7kxf0da0o2gw3rup5uge.cn,1,generic,2025-01-01T12:20:00
host3203.slvpp.com,0,benign,2025-01-03T05:23:00
host4580.zmmuu.com,0,benign,2025-01-04T04:20:00
bgregnr.net,1,conficker,2025-01-01T22:29:00
slack.com,0,benign,2025-01-03T00:19:00
azure.com,0,benign,2025-01-03T16:26:00
host2891.pnhxv.com,0,benign,2025-01-03T00:11:00
host2638.tacvj.com,0,benign,2025-01-02T19:58:00
fromforfor.net,1,suppobox,2025-01-01T18:08:00
hc8rv6emquu1z6.biz,1,generic,2025-01-03T04:43:00
host1931.uglmz.com,0,benign,2025-01-02T08:11:00
host4924.gfbrk.com,0,benign,2025-01-04T10:04:00
facebook.com,0,benign,2025-01-02T16:33:00
host2485.pfpox.com,0,benign,2025-01-02T17:25:00
rockapple.org,1,matsnu,2025-01-03T21:40:00
hxbxtmv.net,1,conficker,2025-01-03T03:38:00
host2415.acxbh.com,0,benign,2025-01-02T16:15:00
host2005.hfzca.com,0,benign,2025-01-02T09:25:00
ovahjrsiejek.com,1,kraken,2025-01-03T04:45:00
host1590.ohcsj.com,0,benign,2025-01-02T02:30:00
host4367.qbtbg.com,0,benign,2025-01-04T00:47:00
host643.cgfht.com,0,benign,2025-01-01T10:43:00
zjzjvskcqaxi.com,1,kraken,2025-01-02T03:54:00
salesforce.com,0,benign,2025-01-01T19:01:00
v6zs82asubuyk465.info,1,generic,2025-01-03T05:58:00
ycoozfjtfohw.com,1,kraken,2025-01-03T00:04:00
ob9ehhk.info,1,cryptolocker,2025-01-02T08:58:00
host4898.nsmvj.com,0,benign,2025-01-04T09:38:00
ajrgphf.net,1,conficker,2025-01-03T11:26:00
iclxbcq.net,1,conficker,2025-01-01T21:35:00
butthisthey.net,1,suppobox,2025-01-01T20:04:00
f9rpwwqyy030b69.tk,1,generic,2025-01-04T02:40:00
github.com,0,benign,2025-01-01T07:39:00
host43.jbnwu.com,0,benign,2025-01-01T00:43:00
host3397.ytiqd.com,0,benign,2025-01-03T08:37:00
host418.heyoo.com,0,benign,2025-01-01T06:58:00
nkazapu.biz,1,cryptolocker,2025-01-03T09:04:00
host4801.fpptt.com,0,benign,2025-01-04T08:01:00
buthavethis.net,1,suppobox,2025-01-02T12:53:00
host333.cnxxk.com,0,benign,2025-01-01T05:33:00
histheywith.net,1,suppobox,2025-01-01T14:59:00
elderstone.org,1,matsnu,2025-01-04T02:00:00
host4329.xpkpu.com,0,benign,2025-01-04T00:09:00
notforyou.net,1,suppobox,2025-01-01T13:59:00
host1200.kzscr.com,0,benign,2025-01-01T20:00:00
host2910.vnkuh.com,0,benign,2025-01-03T00:30:00
zhonrhgfxuyj.com,1,kraken,2025-01-01T09:12:00
host4025.ypdyb.com,0,benign,2025-01-03T19:05:00
host1020.iwdhg.com,0,benign,2025-01-01T17:00:00
host2931.cjykw.com,0,benign,2025-01-03T00:51:00
waterapple.org,1,matsnu,2025-01-03T11:14:00
host1733.mhkvq.com,0,benign,2025-01-02T04:53:00
slack.com,0,benign,2025-01-02T12:06:00
kqtitjyp.net,1,conficker,2025-01-03T03:03:00
host2691.khzkb.com,0,benign,2025-01-02T20:51:00
yahoo.com,0,benign,2025-01-03T01:38:00
host4314.aompt.com,0,benign,2025-01-03T23:54:00
cloudflare.com,0,benign,2025-01-02T14:14:00
host2964.oshkl.com,0,benign,2025-01-03T01:24:00
host2255.sujjh.com,0,benign,2025-01-02T13:35:00
host2343.stfad.com,0,benign,2025-01-02T15:03:00
sycvdggtsxnm.com,1,kraken,2025-01-02T14:45:00
thisnothis.net,1,suppobox,2025-01-03T20:03:00
host275.raaec.com,0,benign,2025-01-01T04:35:00
applestone.org,1,matsnu,2025-01-01T01:13:00
host3481.hrzna.com,0,benign,2025-01-03T10:01:00
yhmkwh.net,1,conficker,2025-01-01T03:23:00
latzdqfiqqrl.com,1,kraken,2025-01-03T14:01:00
fkrhrnl.net,1,conficker,2025-01-04T01:51:00
host447.xjato.com,0,benign,2025-01-01T07:27:00
waterdate.org,1,matsnu,2025-01-01T00:36:00
host4880.rwgbs.com,0,benign,2025-01-04T09:20:00
host2020.ahsqa.com,0,benign,2025-01-02T09:40:00
theythathave.net,1,suppobox,2025-01-04T01:39:00
urpc3lbl.net,1,generic,2025-01-03T17:51:00
host4250.yeuux.com,0,benign,2025-01-03T22:50:00
grapeelder.org,1,matsnu,2025-01-02T06:00:00
host4574.badto.com,0,benign,2025-01-04T04:14:00
ecjtkkk.net,1,conficker,2025-01-01T06:36:00
linkedin.com,0,benign,2025-01-02T21:27:00
1huu2nbwlzsf0kb4pn.org,1,generic,2025-01-03T13:49:00
3uvwotwp6ee5a.info,1,generic,2025-01-03T12:14:00
thisbutbut.net,1,suppobox,2025-01-03T21:10:00
host2103.nhcyk.com,0,benign,2025-01-02T11:03:00
host481.vszdj.com,0,benign,2025-01-01T08:01:00
ymnbz.net,1,conficker,2025-01-01T00:37:00
figelder.org,1,matsnu,2025-01-03T18:31:00
netflix.com,0,benign,2025-01-04T01:45:00
slack.com,0,benign,2025-01-04T03:24:00
zoom.us,0,benign,2025-01-01T13:28:00
avwp1sia1wl073r8i.com,1,generic,2025-01-02T01:43:00
host2878.tdaum.com,0,benign,2025-01-02T23:58:00
91wpdc3.biz,1,cryptolocker,2025-01-03T17:50:00
stonecherry.org,1,matsnu,2025-01-03T08:54:00
host983.jvisx.com,0,benign,2025-01-01T16:23:00
host1534.zzhex.com,0,benign,2025-01-02T01:34:00
host2177.ixxko.com,0,benign,2025-01-02T12:17:00
host1979.uszth.com,0,benign,2025-01-02T08:59:00
notthatthey.net,1,suppobox,2025-01-02T04:34:00
q5b27utjp76y3kxso.net,1,generic,2025-01-01T00:13:00
xbzkppuaoozh.com,1,kraken,2025-01-01T02:38:00
host155.sanvl.com,0,benign,2025-01-01T02:35:00
k9ks5chvbex7ry.biz,1,generic,2025-01-04T08:24:00
9ha4l8ufprc3tv2u9.org,1,generic,2025-01-01T01:49:00
apple.co,0,benign,2025-01-02T07:00:00
host3453.sdyyl.com,0,benign,2025-01-03T09:33:00
grapewater.org,1,matsnu,2025-01-03T14:37:00
host4860.cqrpc.com,0,benign,2025-01-04T09:00:00
host3776.zlhci.com,0,benign,2025-01-03T14:56:00
host352.kekqf.com,0,benign,2025-01-01T05:52:00
vanol.net,1,conficker,2025-01-01T00:42:00
azure.com,0,benign,2025-01-02T04:49:00
slack.com,0,benign,2025-01-02T20:46:00
host3261.rqafa.com,0,benign,2025-01-03T06:21:00
awfa9qg.ru,1,cryptolocker,2025-01-02T11:37:00
host586.fwpem.com,0,benign,2025-01-01T09:46:00
host4882.zaiah.com,0,benign,2025-01-04T09:22:00
host745.cqbol.com,0,benign,2025-01-01T12:25:00
host2153.swwfa.com,0,benign,2025-01-02T11:53:00
host3643.vvplf.com,0,benign,2025-01-03T12:43:00
host2151.vjbwv.com,0,benign,2025-01-02T11:51:00
host2104.xhjyl.com,0,benign,2025-01-02T11:04:00
slack.com,0,benign,2025-01-03T03:15:00
github.com,0,benign,2025-01-02T10:40:00
nufewfelfata.com,1,kraken,2025-01-01T01:43:00
host3436.hwrjq.com,0,benign,2025-01-03T09:16:00
host3598.bpcgk.com,0,benign,2025-01-03T11:58:00
cherryfig.org,1,matsnu,2025-01-02T15:44:00
host4654.gqzld.com,0,benign,2025-01-04T05:34:00
dqgqmbyq.net,1,conficker,2025-01-01T18:12:00
host1873.ddtjz.com,0,benign,2025-01-02T07:13:00
andforhave.net,1,suppobox,2025-01-02T10:34:00
host2242.oxayz.com,0,benign,2025-01-02T13:22:00
host2445.sjczv.com,0,benign,2025-01-02T16:45:00
host4028.ieolw.com,0,benign,2025-01-03T19:08:00
figbanana.org,1,matsnu,2025-01-02T08:16:00
havehavewith.net,1,suppobox,2025-01-03T04:54:00
fhitofzoyudu.com,1,kraken,2025-01-02T12:55:00
pmeupxz.net,1,conficker,2025-01-01T11:03:00
host1790.zcyzg.com,0,benign,2025-01-02T05:50:00
mysdqud.biz,1,cryptolocker,2025-01-03T09:43:00
waterelder.org,1,matsnu,2025-01-03T23:26:00
host3011.pmzry.com,0,benign,2025-01-03T02:11:00
host3940.ptjzl.com,0,benign,2025-01-03T17:40:00
host1629.qlxzr.com,0,benign,2025-01-02T03:09:00
vcgyus8r4qt6in.net,1,generic,2025-01-04T04:51:00
host1791.ttdow.com,0,benign,2025-01-02T05:51:00
0k8tzfz.biz,1,cryptolocker,2025-01-01T04:25:00
host2292.xzhvt.com,0,benign,2025-01-02T14:12:00
host1350.fhuqp.com,0,benign,2025-01-01T22:30:00
host3245.hjtah.com,0,benign,2025-01-03T06:05:00
dndyrg1.ru,1,cryptolocker,2025-01-03T16:22:00
host95.pxnsw.com,0,benign,2025-01-01T01:35:00
zsdfqyjdowlv.com,1,kraken,2025-01-03T08:38:00
office.com,0,benign,2025-01-03T13:34:00
havethisbut.net,1,suppobox,2025-01-03T23:45:00
grapefig.org,1,matsnu,2025-01-03T11:00:00
firedate.org,1,matsnu,2025-01-04T10:07:00
host599.fkhth.com,0,benign,2025-01-01T09:59:00
host1098.ttzbg.com,0,benign,2025-01-01T18:18:00
host1451.mxajk.com,0,benign,2025-01-02T00:11:00
host1901.jraeq.com,0,benign,2025-01-02T07:41:00
xcpgoblskcxq.com,1,kraken,2025-01-03T07:21:00
qymvndeslplu.com,1,kraken,2025-01-02T13:12:00
host4385.elftx.com,0,benign,2025-01-04T01:05:00
host2800.bdicx.com,0,benign,2025-01-02T22:40:00
host4919.ffsdw.com,0,benign,2025-01-04T09:59:00
elderdate.org,1,matsnu,2025-01-03T14:57:00
netflix.com,0,benign,2025-01-01T15:35:00
pcq5a5ep7.ru,1,generic,2025-01-02T14:10:00
host573.jxrvt.com,0,benign,2025-01-01T09:33:00
pyczy.net,1,conficker,2025-01-03T05:48:00
mhnvfvg.ru,1,cryptolocker,2025-01-02T10:22:00
host2980.ljomb.com,0,benign,2025-01-03T01:40:00
theyhisyou.net,1,suppobox,2025-01-03T17:22:00
host1377.bclll.com,0,benign,2025-01-01T22:57:00
zoom.us,0,benign,2025-01-03T18:35:00
apple.com,0,benign,2025-01-03T15:36:00
host726.okcnw.com,0,benign,2025-01-01T12:06:00
wbteenpbnaea.com,1,kraken,2025-01-01T18:01:00
bananawater.org,1,matsnu,2025-01-02T19:48:00
lwclnyzeaxoq.com,1,kraken,2025-01-01T16:37:00
host2260.agmoi.com,0,benign,2025-01-02T13:40:00
host3889.xvyij.com,0,benign,2025-01-03T16:49:00
host3758.ykarv.com,0,benign,2025-01-03T14:38:00
ppdjsgs.biz,1,cryptolocker,2025-01-03T12:59:00
cwtaiyoeablr.com,1,kraken,2025-01-03T12:23:00
bing.com,0,benign,2025-01-01T13:15:00
kearko.net,1,conficker,2025-01-02T10:33:00
host4456.qjlvt.com,0,benign,2025-01-04T02:16:00
uyfaqrbw.net,1,conficker,2025-01-01T03:25:00
host2631.uqxnw.com,0,benign,2025-01-02T19:51:00
linkedin.com,0,benign,2025-01-01T17:19:00
host1575.fkmjs.com,0,benign,2025-01-02T02:15:00
host1625.uvaxv.com,0,benign,2025-01-02T03:05:00
host3672.kqrqq.com,0,benign,2025-01-03T13:12:00
ywjhbofl.net,1,conficker,2025-01-04T03:44:00
xrssonwpxurv.com,1,kraken,2025-01-01T00:46:00
host706.ohyvl.com,0,benign,2025-01-01T11:46:00
host2592.yhumy.com,0,benign,2025-01-02T19:12:00
szeiohiyryjm.com,1,kraken,2025-01-04T04:37:00
uz41a3m788kytjt.info,1,generic,2025-01-02T23:10:00
r1xgu8e.ru,1,cryptolocker,2025-01-02T00:16:00
firegrape.org,1,matsnu,2025-01-01T22:17:00
salesforce.com,0,benign,2025-01-01T23:16:00
amazon.com,0,benign,2025-01-03T17:53:00
bananafig.org,1,matsnu,2025-01-02T11:44:00
host1463.lsnzf.com,0,benign,2025-01-02T00:23:00
worhoapgzlhk.com,1,kraken,2025-01-04T00:56:00
netflix.com,0,benign,2025-01-03T00:50:00
appleapple.org,1,matsnu,2025-01-01T08:18:00
apple.co,0,benign,2025-01-04T07:57:00
github.com,0,benign,2025-01-03T01:49:00
rockrock.org,1,matsnu,2025-01-04T11:18:00
jrjjfb.net,1,conficker,2025-01-02T22:12:00
cherrydate.org,1,matsnu,2025-01-04T04:32:00
mwsdq87.info,1,cryptolocker,2025-01-04T08:12:00
6vblhnqs.info,1,generic,2025-01-02T04:08:00
xawrikozpnfw.com,1,kraken,2025-01-02T11:39:00
zljmnwnrehxq.com,1,kraken,2025-01-04T11:16:00
host2884.xrxml.com,0,benign,2025-01-03T00:04:00
olxzdd1m3r7iglvwpj.info,1,generic,2025-01-01T09:56:00
9l6ex0h.info,1,cryptolocker,2025-01-04T06:51:00
dtc2atp.info,1,cryptolocker,2025-01-02T19:45:00
zplco20.biz,1,cryptolocker,2025-01-04T03:03:00
andforfor.net,1,suppobox,2025-01-03T19:24:00
host1061.fynqr.com,0,benign,2025-01-01T17:41:00
avr7ktnpl8mnsn.cn,1,generic,2025-01-02T17:13:00
host3553.hkbfi.com,0,benign,2025-01-03T11:13:00
host1783.qyjvu.com,0,benign,2025-01-02T05:43:00
yda5xscxtghmx25w.biz,1,generic,2025-01-02T09:32:00
lqadmhnhtvbf.com,1,kraken,2025-01-04T05:31:00
gyj828g.ru,1,cryptolocker,2025-01-03T12:10:00
i4siuhzj4.ru,1,generic,2025-01-02T09:23:00
zjgekdsmtubl.com,1,kraken,2025-01-03T12:04:00
kth1zzbs4.info,1,generic,2025-01-01T07:44:00
host3138.zrjgd.com,0,benign,2025-01-03T04:18:00
host2099.fsqqn.com,0,benign,2025-01-02T10:59:00
dshefqz27ec.org,1,generic,2025-01-03T22:06:00
host2851.qwirc.com,0,benign,2025-01-02T23:31:00
28edkg1.ru,1,cryptolocker,2025-01-02T19:17:00
fguqb.net,1,conficker,2025-01-01T19:26:00
pbxhxryq.net,1,conficker,2025-01-01T23:58:00
m7drsde.biz,1,cryptolocker,2025-01-02T22:06:00
zoom.us,0,benign,2025-01-04T00:30:00
host4381.mfqlh.com,0,benign,2025-01-04T01:01:00
host4912.lzdlt.com,0,benign,2025-01-04T09:52:00
host2513.ibohf.com,0,benign,2025-01-02T17:53:00
yahoo.com,0,benign,2025-01-02T19:16:00
ooscy.net,1,conficker,2025-01-03T03:20:00
host846.dutmo.com,0,benign,2025-01-01T14:06:00
dpntgpbrhlqx.com,1,kraken,2025-01-03T18:52:00
host3741.lmqum.com,0,benign,2025-01-03T14:21:00
grapeelder.org,1,matsnu,2025-01-02T01:31:00
figgrape.org,1,matsnu,2025-01-02T13:42:00
host574.jnmxt.com,0,benign,2025-01-01T09:34:00
k4u3jr7.biz,1,cryptolocker,2025-01-04T00:12:00
host2072.brtga.com,0,benign,2025-01-02T10:32:00
host4503.hqvvz.com,0,benign,2025-01-04T03:03:00
host4187.wmbnz.com,0,benign,2025-01-03T21:47:00
host1441.vfprr.com,0,benign,2025-01-02T00:01:00
eldercherry.org,1,matsnu,2025-01-02T00:02:00
ebeukpiyisyp.com,1,kraken,2025-01-01T13:35:00
host4324.ihegq.com,0,benign,2025-01-04T00:04:00
yolzchveixad.com,1,kraken,2025-01-04T03:46:00
host2803.dvklb.com,0,benign,2025-01-02T22:43:00
host1387.irvma.com,0,benign,2025-01-01T23:07:00
lofgokdzyynw.com,1,kraken,2025-01-04T03:20:00
host3210.xilno.com,0,benign,2025-01-03T05:30:00
host2673.ziikp.com,0,benign,2025-01-02T20:33:00
vb9n48f.info,1,cryptolocker,2025-01-01T16:50:00
host2150.blcif.com,0,benign,2025-01-02T11:50:00
swfzgowm.net,1,conficker,2025-01-03T02:35:00
stoneelder.org,1,matsnu,2025-01-01T21:55:00
microsoft.com,0,benign,2025-01-03T10:37:00
apple.com,0,benign,2025-01-01T07:29:00
host4280.xqnpo.com,0,benign,2025-01-03T23:20:00
fromwiththe.net,1,suppobox,2025-01-04T09:10:00
host3939.mvukb.com,0,benign,2025-01-03T17:39:00
host4340.jahbc.com,0,benign,2025-01-04T00:20:00
ggsxkqnpxxyn.com,1,kraken,2025-01-04T11:00:00
host1244.tueib.com,0,benign,2025-01-01T20:44:00
zz85e9nhi97.info,1,generic,2025-01-02T15:48:00
xetsvhsmwnk.net,1,generic,2025-01-03T18:46:00
bacaiyycr5ve.ru,1,generic,2025-01-01T14:56:00
host265.zxwny.com,0,benign,2025-01-01T04:25:00
host3798.mwxnf.com,0,benign,2025-01-03T15:18:00
flihopbz.net,1,conficker,2025-01-03T17:25:00
apple.com,0,benign,2025-01-04T04:56:00
vgkgfnhwtahw.com,1,kraken,2025-01-02T12:35:00
bing.com,0,benign,2025-01-03T23:05:00
waterdate.org,1,matsnu,2025-01-03T17:24:00
gz1rvgyiwbpj.net,1,generic,2025-01-04T07:41:00
host1165.xtczz.com,0,benign,2025-01-01T19:25:00
ujcksy9.info,1,cryptolocker,2025-01-03T18:12:00
eyakmd.net,1,conficker,2025-01-02T07:02:00
grapecherry.org,1,matsnu,2025-01-03T11:41:00
theywithhave.net,1,suppobox,2025-01-01T04:10:00
host1638.vondj.com,0,benign,2025-01-02T03:18:00
epayfhteucnr.com,1,kraken,2025-01-04T06:13:00
wikipedia.org,0,benign,2025-01-03T09:24:00
bananagrape.org,1,matsnu,2025-01-01T11:38:00
b5vnd3vc3apw9w3mih.biz,1,generic,2025-01-01T22:13:00
rockwater.org,1,matsnu,2025-01-03T14:53:00
host1667.rdzlx.com,0,benign,2025-01-02T03:47:00
waterbanana.org,1,matsnu,2025-01-03T01:44:00
havethatyou.net,1,suppobox,2025-01-03T23:51:00
host4841.cwpls.com,0,benign,2025-01-04T08:41:00
host270.vlfgr.com,0,benign,2025-01-01T04:30:00
tkallnn.net,1,conficker,2025-01-03T20:45:00
h6gflvizuv.info,1,generic,2025-01-03T19:13:00
tqlwob0.info,1,cryptolocker,2025-01-02T13:49:00
host2972.lrjvw.com,0,benign,2025-01-03T01:32:00
thnarcgkksmc.com,1,kraken,2025-01-01T16:07:00
host1308.mscbj.com,0,benign,2025-01-01T21:48:00
elderfig.org,1,matsnu,2025-01-04T02:28:00
host3756.xbclg.com,0,benign,2025-01-03T14:36:00
uam3hb8.biz,1,cryptolocker,2025-01-02T16:06:00
jowsyxymozvn.com,1,kraken,2025-01-02T15:53:00
host3133.tomkf.com,0,benign,2025-01-03T04:13:00
host4023.gittj.com,0,benign,2025-01-03T19:03:00
sbebple.net,1,conficker,2025-01-02T21:47:00
host2472.plqnc.com,0,benign,2025-01-02T17:12:00
host1704.sckzp.com,0,benign,2025-01-02T04:24:00
notbutbut.net,1,suppobox,2025-01-02T17:43:00
thatthatfor.net,1,suppobox,2025-01-01T21:13:00
thethatnot.net,1,suppobox,2025-01-03T10:56:00
treeelder.org,1,matsnu,2025-01-01T07:29:00
bfkk3l8xmize4qx6tor.com,1,generic,2025-01-03T21:36:00
bd1z5a6.biz,1,cryptolocker,2025-01-01T07:50:00
zxkea7u.biz,1,cryptolocker,2025-01-02T08:30:00
theyyouthey.net,1,suppobox,2025-01-03T23:40:00
host4048.qznfa.com,0,benign,2025-01-03T19:28:00
m2usmr3e.cn,1,generic,2025-01-04T05:27:00
stonewater.org,1,matsnu,2025-01-01T04:02:00
o9ygbg8q1b.info,1,generic,2025-01-01T05:44:00
host1222.iqbgj.com,0,benign,2025-01-01T20:22:00
fromthatfrom.net,1,suppobox,2025-01-03T11:33:00
forfromthat.net,1,suppobox,2025-01-01T02:41:00
host4297.grmzz.com,0,benign,2025-01-03T23:37:00
netflix.com,0,benign,2025-01-03T08:49:00
facebook.com,0,benign,2025-01-03T14:18:00
notthisfrom.net,1,suppobox,2025-01-04T10:31:00
host1653.liywv.com,0,benign,2025-01-02T03:33:00
andwithhis.net,1,suppobox,2025-01-04T05:52:00
havehavethe.net,1,suppobox,2025-01-01T17:30:00
bing.com,0,benign,2025-01-03T22:55:00
theythatwith.net,1,suppobox,2025-01-02T02:52:00
host831.zfvfs.com,0,benign,2025-01-01T13:51:00
cherryelder.org,1,matsnu,2025-01-01T10:12:00
thewiththey.net,1,suppobox,2025-01-02T08:50:00
firetree.org,1,matsnu,2025-01-01T07:06:00
5cs7gds.info,1,cryptolocker,2025-01-02T17:55:00
host4313.pnxys.com,0,benign,2025-01-03T23:53:00
host3289.emydc.com,0,benign,2025-01-03T06:49:00
mkhal.net,1,conficker,2025-01-03T22:07:00
y82b86c.ru,1,cryptolocker,2025-01-02T20:40:00
host4344.whroy.com,0,benign,2025-01-04T00:24:00
host2798.tbkwz.com,0,benign,2025-01-02T22:38:00
jdsjzdpb.net,1,conficker,2025-01-03T12:05:00
grapewater.org,1,matsnu,2025-01-04T06:44:00
sbbnxo.net,1,conficker,2025-01-02T12:40:00
host2990.ivcvk.com,0,benign,2025-01-03T01:50:00
dci0f7390l7mkkq6g.com,1,generic,2025-01-03T16:16:00
xefsd.net,1,conficker,2025-01-02T06:04:00
figtree.org,1,matsnu,2025-01-04T04:21:00
butthatwith.net,1,suppobox,2025-01-03T22:19:00
host1199.bcclz.com,0,benign,2025-01-01T19:59:00
pwaxkzipbqzb.com,1,kraken,2025-01-03T22:53:00
wxvkszks.net,1,conficker,2025-01-01T15:42:00
host135.gojwd.com,0,benign,2025-01-01T02:15:00
rockbanana.org,1,matsnu,2025-01-01T16:33:00
theyandhave.net,1,suppobox,2025-01-01T13:24:00
tocueb.net,1,conficker,2025-01-02T14:38:00
host4308.mgomw.com,0,benign,2025-01-03T23:48:00
fbrbvozncjxt.com,1,kraken,2025-01-01T00:30:00
host3563.yjbla.com,0,benign,2025-01-03T11:23:00
host2766.kvufv.com,0,benign,2025-01-02T22:06:00
ginfgffwqhhk.com,1,kraken,2025-01-03T12:00:00
host3768.wiwmf.com,0,benign,2025-01-03T14:48:00
netflix.com,0,benign,2025-01-01T01:17:00
host1577.aincx.com,0,benign,2025-01-02T02:17:00
host526.sglja.com,0,benign,2025-01-01T08:46:00
netflix.com,0,benign,2025-01-02T16:20:00
host524.gwcww.com,0,benign,2025-01-01T08:44:00
gpfkpoyu.net,1,conficker,2025-01-02T00:56:00
ca4p9764.info,1,generic,2025-01-03T22:44:00
pw9ec9ykvo556.net,1,generic,2025-01-04T01:05:00
host3625.oazbh.com,0,benign,2025-01-03T12:25:00
ymnxxuxulhwz.com,1,kraken,2025-01-01T07:04:00
jj67q7t.ru,1,cryptolocker,2025-01-03T03:45:00
andthebut.net,1,suppobox,2025-01-03T09:53:00
aws.amazon.com,0,benign,2025-01-03T20:12:00
host714.vtejb.com,0,benign,2025-01-01T11:54:00
host1208.fqnuy.com,0,benign,2025-01-01T20:08:00
live.com,0,benign,2025-01-03T05:59:00
microsoft.com,0,benign,2025-01-03T06:09:00
whpryjpmkzjn.com,1,kraken,2025-01-02T23:54:00
3wd7trd.biz,1,cryptolocker,2025-01-03T02:24:00
aws.amazon.com,0,benign,2025-01-04T06:49:00
wieaz.net,1,conficker,2025-01-03T13:40:00
mrfkchusnrfq.com,1,kraken,2025-01-02T13:13:00
4z2chej2ax9c0ulfbtxi.ru,1,generic,2025-01-01T13:58:00
zoom.us,0,benign,2025-01-04T08:00:00
sknzjrjhmoun.com,1,kraken,2025-01-01T02:37:00
gcfbgqblnibv.com,1,kraken,2025-01-04T00:29:00
host1176.xzrzy.com,0,benign,2025-01-01T19:36:00
host1606.zhtht.com,0,benign,2025-01-02T02:46:00
lonugjzirbnd.com,1,kraken,2025-01-01T18:59:00
ki3esel.ru,1,cryptolocker,2025-01-01T13:30:00
host1404.opljx.com,0,benign,2025-01-01T23:24:00
amc1ch1qzbbpjo7v.info,1,generic,2025-01-04T07:30:00
zimheanvfems.com,1,kraken,2025-01-03T12:47:00
github.com,0,benign,2025-01-01T16:47:00
host4031.tnyvk.com,0,benign,2025-01-03T19:11:00
linkedin.com,0,benign,2025-01-03T13:16:00
lpyzuehvoble.com,1,kraken,2025-01-01T21:27:00
bing.com,0,benign,2025-01-03T02:10:00
host4150.oljxa.com,0,benign,2025-01-03T21:10:00
thewithfrom.net,1,suppobox,2025-01-03T13:53:00
cnjisbzbuytn.com,1,kraken,2025-01-02T02:29:00
oteyox.net,1,conficker,2025-01-01T10:59:00
host1485.nqxma.com,0,benign,2025-01-02T00:45:00
figrock.org,1,matsnu,2025-01-02T09:36:00
kcdi7q4jxfda4ktk6k.org,1,generic,2025-01-02T03:04:00
host4986.zrwnv.com,0,benign,2025-01-04T11:06:00
ffjblbq.ru,1,cryptolocker,2025-01-01T07:01:00
host4808.byuvm.com,0,benign,2025-01-04T08:08:00
host3674.taugn.com,0,benign,2025-01-03T13:14:00
kpsy09m.info,1,cryptolocker,2025-01-04T00:35:00
host3256.eyqfr.com,0,benign,2025-01-03T06:16:00
amazon.com,0,benign,2025-01-03T14:51:00
zoom.us,0,benign,2025-01-02T18:15:00
7wa08is2s5ala9.com,1,generic,2025-01-01T02:48:00
theandthey.net,1,suppobox,2025-01-03T22:23:00
u63ocdzi3b3bpm.net,1,generic,2025-01-04T11:07:00
bing.com,0,benign,2025-01-01T08:16:00
lwzvjg.net,1,conficker,2025-01-01T11:01:00
host4591.ckegf.com,0,benign,2025-01-04T04:31:00
nsshsmv.ru,1,cryptolocker,2025-01-01T14:58:00
p8t673a.ru,1,cryptolocker,2025-01-02T14:25:00
stonerock.org,1,matsnu,2025-01-04T11:14:00
klcfsunx.net,1,conficker,2025-01-03T00:40:00
host3486.xhcdj.com,0,benign,2025-01-03T10:06:00
host4985.msvzd.com,0,benign,2025-01-04T11:05:00
zjfnb.net,1,conficker,2025-01-01T03:03:00
gsoq4kinhga.com,1,generic,2025-01-02T10:36:00
firestone.org,1,matsnu,2025-01-04T09:06:00
l66i8zcnp69td5b1k3yz.cn,1,generic,2025-01-01T00:48:00
fromforhave.net,1,suppobox,2025-01-01T07:02:00
host3129.cbshf.com,0,benign,2025-01-03T04:09:00
bing.com,0,benign,2025-01-03T18:15:00
host2724.afrtr.com,0,benign,2025-01-02T21:24:00
ft21w9n.info,1,cryptolocker,2025-01-04T04:29:00
host2327.xfxfl.com,0,benign,2025-01-02T14:47:00
lvvld.net,1,conficker,2025-01-01T23:26:00
nsucq.net,1,conficker,2025-01-03T04:28:00
grapewater.org,1,matsnu,2025-01-02T17:23:00
host3731.amszh.com,0,benign,2025-01-03T14:11:00
host288.cmpxe.com,0,benign,2025-01-01T04:48:00
host2547.lyear.com,0,benign,2025-01-02T18:27:00
treefig.org,1,matsnu,2025-01-02T11:58:00
microsoft.com,0,benign,2025-01-04T07:12:00
host2928.adwyz.com,0,benign,2025-01-03T00:48:00
host3221.jwnmj.com,0,benign,2025-01-03T05:41:00
ryd02rs3d3v4z8s0.ru,1,generic,2025-01-03T19:27:00
emfeqy9.biz,1,cryptolocker,2025-01-01T13:50:00
apple.com,0,benign,2025-01-03T06:47:00
host3490.zetsf.com,0,benign,2025-01-03T10:10:00
26vwv0x.biz,1,cryptolocker,2025-01-02T00:07:00
drccrghxknll.com,1,kraken,2025-01-01T04:20:00
host2431.dnprw.com,0,benign,2025-01-02T16:31:00
yewafnelljmp.com,1,kraken,2025-01-03T12:42:00
host2429.uefta.com,0,benign,2025-01-02T16:29:00
host3238.cvljg.com,0,benign,2025-01-03T05:58:00
u21je46.biz,1,cryptolocker,2025-01-02T13:14:00
figwater.org,1,matsnu,2025-01-01T10:07:00
host3596.qiyyg.com,0,benign,2025-01-03T11:56:00
host4422.ooyxj.com,0,benign,2025-01-04T01:42:00
microsoft.com,0,benign,2025-01-01T22:14:00
host686.mamlg.com,0,benign,2025-01-01T11:26:00
mnjpxkb.net,1,conficker,2025-01-04T06:07:00
host794.rljkt.com,0,benign,2025-01-01T13:14:00
host3504.viauq.com,0,benign,2025-01-03T10:24:00
host3424.uofvw.com,0,benign,2025-01-03T09:04:00
host4780.xdvdg.com,0,benign,2025-01-04T07:40:00
abjaqapmkefy.com,1,kraken,2025-01-02T23:33:00
host2694.ycckk.com,0,benign,2025-01-02T20:54:00
haveandhis.net,1,suppobox,2025-01-01T07:10:00
stonedate.org,1,matsnu,2025-01-04T01:54:00
l91ueyceixj.tk,1,generic,2025-01-01T15:56:00
yuih8s821ezik.com,1,generic,2025-01-02T03:49:00
dkzmc.net,1,conficker,2025-01-03T16:58:00
ucotmh.net,1,conficker,2025-01-01T13:21:00
host123.xyaxr.com,0,benign,2025-01-01T02:03:00
slack.com,0,benign,2025-01-03T04:32:00
mcoipiro.net,1,conficker,2025-01-01T08:00:00
host2823.nhkid.com,0,benign,2025-01-02T23:03:00
host2003.yozim.com,0,benign,2025-01-02T09:23:00
zu44e9bk.org,1,generic,2025-01-03T02:25:00
0ni7diq.biz,1,cryptolocker,2025-01-03T18:48:00
host2920.lwhzz.com,0,benign,2025-01-03T00:40:00
vyqziu.net,1,conficker,2025-01-03T13:32:00
126p4dq.ru,1,cryptolocker,2025-01-02T09:43:00
host4703.ecbvk.com,0,benign,2025-01-04T06:23:00
jv5uknt.info,1,cryptolocker,2025-01-02T05:06:00
geoqj8j.biz,1,cryptolocker,2025-01-03T06:43:00
theyhavethis.net,1,suppobox,2025-01-01T01:52:00
host1978.ntgjx.com,0,benign,2025-01-02T08:58:00
host379.dgfxv.com,0,benign,2025-01-01T06:19:00
bananaelder.org,1,matsnu,2025-01-01T16:47:00
host2435.kqcdn.com,0,benign,2025-01-02T16:35:00
sghzqnnk.net,1,conficker,2025-01-01T02:06:00
igayxvq.ru,1,cryptolocker,2025-01-03T03:44:00
bananatree.org,1,matsnu,2025-01-02T05:13:00
elderelder.org,1,matsnu,2025-01-01T06:50:00
host3429.pvkcb.com,0,benign,2025-01-03T09:09:00
treebanana.org,1,matsnu,2025-01-02T04:32:00
host248.kppvt.com,0,benign,2025-01-01T04:08:00
histhatyou.net,1,suppobox,2025-01-02T13:24:00
rockstone.org,1,matsnu,2025-01-02T00:41:00
aws.amazon.com,0,benign,2025-01-03T15:55:00
host1289.cumfk.com,0,benign,2025-01-01T21:29:00
host4691.fosqw.com,0,benign,2025-01-04T06:11:00
evnxe.net,1,conficker,2025-01-04T00:34:00
host3473.mjvbl.com,0,benign,2025-01-03T09:53:00
stonetree.org,1,matsnu,2025-01-01T01:01:00
host4238.xmecv.com,0,benign,2025-01-03T22:38:00
susiomyt.net,1,conficker,2025-01-03T16:24:00
ctoay.net,1,conficker,2025-01-01T15:08:00
bananagrape.org,1,matsnu,2025-01-01T21:03:00
a23cstj.info,1,cryptolocker,2025-01-02T02:34:00
duc2r2pljt434ljss0mb.cn,1,generic,2025-01-01T20:55:00
fbfkp01qv0p.biz,1,generic,2025-01-02T09:35:00
kzdsqcx.net,1,conficker,2025-01-03T23:04:00
applegrape.org,1,matsnu,2025-01-02T20:39:00
host887.vwzvb.com,0,benign,2025-01-01T14:47:00
host1293.vlwli.com,0,benign,2025-01-01T21:33:00
host429.xoeam.com,0,benign,2025-01-01T07:09:00
odjlaaziayol.com,1,kraken,2025-01-03T14:35:00
jhgqjeltadtt.com,1,kraken,2025-01-03T08:44:00
yzqaxsdopgay.com,1,kraken,2025-01-03T04:47:00
cloudflare.com,0,benign,2025-01-04T04:13:00
slfwahanpbmj.com,1,kraken,2025-01-03T06:13:00
he4kwgv0msrpgtkg6.biz,1,generic,2025-01-03T02:22:00
host2404.flfsc.com,0,benign,2025-01-02T16:04:00
c6nq7rv.biz,1,cryptolocker,2025-01-02T16:48:00
host527.qrwzk.com,0,benign,2025-01-01T08:47:00
salesforce.com,0,benign,2025-01-01T20:47:00
host388.vatjq.com,0,benign,2025-01-01T06:28:00
host4560.rbkgp.com,0,benign,2025-01-04T04:00:00
tcjhvsxbyfwd.com,1,kraken,2025-01-02T13:16:00
mwxcwmfqudkf.com,1,kraken,2025-01-03T09:18:00
host4812.naobh.com,0,benign,2025-01-04T08:12:00
host4815.tqztp.com,0,benign,2025-01-04T08:15:00
mhzkfek.info,1,cryptolocker,2025-01-01T04:43:00
host2762.suokp.com,0,benign,2025-01-02T22:02:00
nothavebut.net,1,suppobox,2025-01-04T07:37:00
host167.viqde.com,0,benign,2025-01-01T02:47:00
qiarb4sqtedeme.org,1,generic,2025-01-03T10:49:00
wikipedia.org,0,benign,2025-01-01T05:07:00
host1913.zndtq.com,0,benign,2025-01-02T07:53:00
aezourwejhwfycv.net,1,generic,2025-01-04T04:03:00
host3821.ovrem.com,0,benign,2025-01-03T15:41:00
host3923.gknbk.com,0,benign,2025-01-03T17:23:00
cherryfire.org,1,matsnu,2025-01-04T03:28:00
host2610.aupmt.com,0,benign,2025-01-02T19:30:00
igntalq.net,1,conficker,2025-01-01T06:15:00
host4253.yvrgy.com,0,benign,2025-01-03T22:53:00
obhedwsgsvky.com,1,kraken,2025-01-02T02:50:00
host1491.furdo.com,0,benign,2025-01-02T00:51:00
usheitzqozle.com,1,kraken,2025-01-04T06:46:00
yahoo.com,0,benign,2025-01-02T07:57:00
host400.xttvy.com,0,benign,2025-01-01T06:40:00
pdrpvwq.net,1,conficker,2025-01-02T13:59:00
ymzgyjatamun.com,1,kraken,2025-01-01T13:45:00
imvqjohcmzch.com,1,kraken,2025-01-03T17:08:00
datefire.org,1,matsnu,2025-01-03T06:14:00
host3104.qrdvy.com,0,benign,2025-01-03T03:44:00
nz6si33.info,1,cryptolocker,2025-01-02T22:07:00
ymnkemmnrfjz.com,1,kraken,2025-01-03T00:54:00
office.com,0,benign,2025-01-02T20:24:00
fyvtoptw.net,1,conficker,2025-01-01T15:29:00
grapefig.org,1,matsnu,2025-01-02T19:11:00
3nh5atdx4j9n.cn,1,generic,2025-01-03T15:22:00
host1912.vtgxq.com,0,benign,2025-01-02T07:52:00
host1897.dsxis.com,0,benign,2025-01-02T07:37:00
host768.btbbv.com,0,benign,2025-01-01T12:48:00
jvxfgcmxufar.com,1,kraken,2025-01-01T00:07:00
stonegrape.org,1,matsnu,2025-01-03T10:29:00
wwqidcs.biz,1,cryptolocker,2025-01-02T06:17:00
fromthathis.net,1,suppobox,2025-01-03T01:57:00
applebanana.org,1,matsnu,2025-01-01T08:30:00
host1762.shrwk.com,0,benign,2025-01-02T05:22:00
salesforce.com,0,benign,2025-01-03T21:24:00
host219.gydup.com,0,benign,2025-01-01T03:39:00
host4050.xscds.com,0,benign,2025-01-03T19:30:00
host4373.hcihn.com,0,benign,2025-01-04T00:53:00
c4jhcmzg3xo2cxpaxr.ru,1,generic,2025-01-03T22:15:00
host1591.mpufj.com,0,benign,2025-01-02T02:31:00
qhnwbgstrfvy.com,1,kraken,2025-01-02T16:44:00
host3685.wjqfo.com,0,benign,2025-01-03T13:25:00
imunvkukuedv.com,1,kraken,2025-01-02T18:01:00
thistheyand.net,1,suppobox,2025-01-02T23:48:00
watercherry.org,1,matsnu,2025-01-01T09:08:00
daterock.org,1,matsnu,2025-01-01T10:56:00
host3270.iazlo.com,0,benign,2025-01-03T06:30:00
86tsu4g.info,1,cryptolocker,2025-01-03T04:39:00
thetheybut.net,1,suppobox,2025-01-03T12:12:00
host3561.vyooy.com,0,benign,2025-01-03T11:21:00
yahoo.com,0,benign,2025-01-03T07:02:00
zhpfshitcuwy.com,1,kraken,2025-01-01T23:13:00
a4ewa25t7b150nf4.biz,1,generic,2025-01-03T16:23:00
zrp69x8bdkmh3od.tk,1,generic,2025-01-02T14:53:00
host3747.hffra.com,0,benign,2025-01-03T14:27:00
host4556.hteyz.com,0,benign,2025-01-04T03:56:00
host4783.lzsqr.com,0,benign,2025-01-04T07:43:00
fromyouthey.net,1,suppobox,2025-01-04T04:00:00
host4990.yzgif.com,0,benign,2025-01-04T11:10:00
host4759.zjzvm.com,0,benign,2025-01-04T07:19:00
prcrgtjf.net,1,conficker,2025-01-02T00:52:00
ddgtxoew.net,1,conficker,2025-01-04T01:59:00
theynotthe.net,1,suppobox,2025-01-01T09:40:00
fromfromhis.net,1,suppobox,2025-01-04T03:31:00
host4278.fzdyl.com,0,benign,2025-01-03T23:18:00
host4268.fojst.com,0,benign,2025-01-03T23:08:00
chmyfegowszi.com,1,kraken,2025-01-02T01:10:00
host1768.hnasy.com,0,benign,2025-01-02T05:28:00
google.com,0,benign,2025-01-03T07:51:00
host2480.dsuun.com,0,benign,2025-01-02T17:20:00
iskfxchwlwnb.com,1,kraken,2025-01-02T12:12:00
zoom.us,0,benign,2025-01-01T23:21:00
zddmvsvcdmqq.com,1,kraken,2025-01-03T17:41:00
butnotyou.net,1,suppobox,2025-01-03T15:05:00
thisandthat.net,1,suppobox,2025-01-02T22:21:00
rocktree.org,1,matsnu,2025-01-04T00:55:00
2fnlylokoimgmsv3o.biz,1,generic,2025-01-02T17:31:00
host2898.hctci.com,0,benign,2025-01-03T00:18:00
applewater.org,1,matsnu,2025-01-03T11:29:00
butyoubut.net,1,suppobox,2025-01-01T11:20:00
host2312.pzwkt.com,0,benign,2025-01-02T14:32:00
7d4c0hevqx7g6np1.info,1,generic,2025-01-03T16:31:00
host2171.bhbzq.com,0,benign,2025-01-02T12:11:00
slsnhss.net,1,conficker,2025-01-02T11:53:00
aws.amazon.com,0,benign,2025-01-04T05:27:00
host4965.idxsg.com,0,benign,2025-01-04T10:45:00
qfuax.net,1,conficker,2025-01-03T12:51:00
cxvfynmsfzyq.com,1,kraken,2025-01-02T14:35:00
host3190.itvmt.com,0,benign,2025-01-03T05:10:00
host2460.kvhxj.com,0,benign,2025-01-02T17:00:00
host2585.pvfkm.com,0,benign,2025-01-02T19:05:00
host89.gcuqn.com,0,benign,2025-01-01T01:29:00
bing.com,0,benign,2025-01-04T09:34:00
host1453.xhqvv.com,0,benign,2025-01-02T00:13:00
thefornot.net,1,suppobox,2025-01-02T15:51:00
host253.rdnjq.com,0,benign,2025-01-01T04:13:00
havehavefor.net,1,suppobox,2025-01-03T19:29:00
slack.com,0,benign,2025-01-03T23:47:00
host4974.zqcjg.com,0,benign,2025-01-04T10:54:00
yahoo.com,0,benign,2025-01-03T20:58:00
host2799.uoczk.com,0,benign,2025-01-02T22:39:00
youhavenot.net,1,suppobox,2025-01-04T03:45:00
xc4lmw25.biz,1,generic,2025-01-01T05:28:00
live.com,0,benign,2025-01-03T05:28:00
host2837.btcgh.com,0,benign,2025-01-02T23:17:00
dg3aoj7n0w.ru,1,generic,2025-01-04T09:17:00
frombutthat.net,1,suppobox,2025-01-04T08:26:00
wikipedia.org,0,benign,2025-01-01T10:02:00
youhavehave.net,1,suppobox,2025-01-02T14:23:00
host4188.ysqwn.com,0,benign,2025-01-03T21:48:00
0jofpioo7q37zj7eowk.biz,1,generic,2025-01-01T13:29:00
bing.com,0,benign,2025-01-03T20:43:00
host2871.qkaob.com,0,benign,2025-01-02T23:51:00
amazon.com,0,benign,2025-01-04T02:21:00
host187.uuaeg.com,0,benign,2025-01-01T03:07:00
notbutnot.net,1,suppobox,2025-01-02T06:09:00
flatqxhqsqmo.com,1,kraken,2025-01-01T06:00:00
host30.lceus.com,0,benign,2025-01-01T00:30:00
host2056.jfkkv.com,0,benign,2025-01-02T10:16:00
host1812.zyyjn.com,0,benign,2025-01-02T06:12:00
host2454.ypexz.com,0,benign,2025-01-02T16:54:00
host2136.jsfbo.com,0,benign,2025-01-02T11:36:00
host3769.zupsw.com,0,benign,2025-01-03T14:49:00
host337.raxhr.com,0,benign,2025-01-01T05:37:00
host147.vkllt.com,0,benign,2025-01-01T02:27:00
10nv2rb.ru,1,cryptolocker,2025-01-03T00:12:00
nlxytwhx.net,1,conficker,2025-01-04T05:16:00
host3998.wyyya.com,0,benign,2025-01-03T18:38:00
host1437.nvqxe.com,0,benign,2025-01-01T23:57:00
zoom.us,0,benign,2025-01-04T05:00:00
fjfurxoidald.com,1,kraken,2025-01-01T08:42:00
host1450.bkvqq.com,0,benign,2025-01-02T00:10:00
fromwiththis.net,1,suppobox,2025-01-03T09:27:00
host4416.louzm.com,0,benign,2025-01-04T01:36:00
host3460.unlaa.com,0,benign,2025-01-03T09:40:00
host778.ctuac.com,0,benign,2025-01-01T12:58:00
slack.com,0,benign,2025-01-03T05:27:00
ynnhbkugqcnf.com,1,kraken,2025-01-04T04:01:00
bing.com,0,benign,2025-01-02T01:13:00
91fz321.info,1,cryptolocker,2025-01-03T21:45:00
aws.amazon.com,0,benign,2025-01-03T09:36:00
host2038.ebtdl.com,0,benign,2025-01-02T09:58:00
fyb863xj.ru,1,generic,2025-01-04T05:41:00
host3903.tiino.com,0,benign,2025-01-03T17:03:00
kuaxwklz.net,1,conficker,2025-01-04T07:35:00
host655.krwvr.com,0,benign,2025-01-01T10:55:00
bing.com,0,benign,2025-01-01T05:04:00
hzw9goe7noqzqonnfwu.tk,1,generic,2025-01-03T00:27:00
zsgdlomjeulb.com,1,kraken,2025-01-02T09:44:00
host1670.nkghr.com,0,benign,2025-01-02T03:50:00
j7vbeer.ru,1,cryptolocker,2025-01-04T06:03:00
amazon.com,0,benign,2025-01-03T02:35:00
ubxskzihmypd.com,1,kraken,2025-01-03T13:34:00
ewttbxuhldoz.com,1,kraken,2025-01-01T20:12:00
host334.cocss.com,0,benign,2025-01-01T05:34:00
wikipedia.org,0,benign,2025-01-02T14:28:00
host3840.aijfw.com,0,benign,2025-01-03T16:00:00
applegrape.org,1,matsnu,2025-01-03T05:19:00
google.com,0,benign,2025-01-02T21:07:00
5ztqm0v.info,1,cryptolocker,2025-01-04T10:43:00
cherryfig.org,1,matsnu,2025-01-02T14:54:00
a7w3azv.biz,1,cryptolocker,2025-01-04T02:19:00
host3894.mswtz.com,0,benign,2025-01-03T16:54:00
host3858.saook.com,0,benign,2025-01-03T16:18:00
host2612.zukou.com,0,benign,2025-01-02T19:32:00
mc9cfoanfj7ojg1.net,1,generic,2025-01-02T00:35:00
yahoo.com,0,benign,2025-01-04T07:14:00
slack.com,0,benign,2025-01-01T22:09:00
apple.co,0,benign,2025-01-01T13:24:00
lyvt75ve8squudz.org,1,generic,2025-01-03T02:19:00
dcoptqkk.net,1,conficker,2025-01-01T14:16:00
host4213.fzays.com,0,benign,2025-01-03T22:13:00
abocinz.net,1,conficker,2025-01-02T09:11:00
appletree.org,1,matsnu,2025-01-03T00:21:00
dbbphpt.ru,1,cryptolocker,2025-01-03T06:29:00
djnspgmzugah.com,1,kraken,2025-01-03T09:58:00
host1829.kduhe.com,0,benign,2025-01-02T06:29:00
host4043.ehmqj.com,0,benign,2025-01-03T19:23:00
cloudflare.com,0,benign,2025-01-03T10:30:00
younotand.net,1,suppobox,2025-01-01T10:00:00
host2850.zhfmh.com,0,benign,2025-01-02T23:30:00
87q266w.ru,1,cryptolocker,2025-01-01T07:20:00
6gfss7vrai.cn,1,generic,2025-01-04T06:31:00
useqcyewojmf.com,1,kraken,2025-01-02T04:55:00
host3788.ieqhz.com,0,benign,2025-01-03T15:08:00
host4283.oryfl.com,0,benign,2025-01-03T23:23:00
jfn9isi.ru,1,cryptolocker,2025-01-02T04:42:00
firewater.org,1,matsnu,2025-01-02T11:09:00
host4787.qdjgv.com,0,benign,2025-01-04T07:47:00
host3607.isiox.com,0,benign,2025-01-03T12:07:00
host1628.ttbpa.com,0,benign,2025-01-02T03:08:00
host1321.txrdb.com,0,benign,2025-01-01T22:01:00
salesforce.com,0,benign,2025-01-02T06:53:00
datewater.org,1,matsnu,2025-01-03T20:14:00
applestone.org,1,matsnu,2025-01-02T15:15:00
ck5v0z41igv.com,1,generic,2025-01-02T22:03:00
host2975.kgppd.com,0,benign,2025-01-03T01:35:00
host3462.vgndq.com,0,benign,2025-01-03T09:42:00
host3680.qkwvo.com,0,benign,2025-01-03T13:20:00
host1872.zttbs.com,0,benign,2025-01-02T07:12:00
github.com,0,benign,2025-01-01T03:17:00
thebutthey.net,1,suppobox,2025-01-04T01:07:00
host1483.hoact.com,0,benign,2025-01-02T00:43:00
njrfq754nr1og7.ru,1,generic,2025-01-02T11:27:00
host239.xwtbk.com,0,benign,2025-01-01T03:59:00
datewater.org,1,matsnu,2025-01-03T00:35:00
stonebanana.org,1,matsnu,2025-01-02T22:36:00
aws.amazon.com,0,benign,2025-01-01T07:33:00
host156.lczqf.com,0,benign,2025-01-01T02:36:00
host2031.xtzoh.com,0,benign,2025-01-02T09:51:00
ztnksll.net,1,conficker,2025-01-04T11:04:00
host3703.llrch.com,0,benign,2025-01-03T13:43:00
host3162.shvst.com,0,benign,2025-01-03T04:42:00
y1ksyg2qw7jh96h.ru,1,generic,2025-01-02T01:00:00
gaatphp.info,1,cryptolocker,2025-01-02T10:41:00
host4847.gwhyr.com,0,benign,2025-01-04T08:47:00
cloudflare.com,0,benign,2025-01-02T23:38:00
host3740.ysuie.com,0,benign,2025-01-03T14:20:00
fuptufy.net,1,conficker,2025-01-01T02:03:00
nottheyfor.net,1,suppobox,2025-01-02T09:04:00
apple.com,0,benign,2025-01-03T17:58:00
host3278.nassp.com,0,benign,2025-01-03T06:38:00
host4478.fqzkk.com,0,benign,2025-01-04T02:38:00
host3418.knhcx.com,0,benign,2025-01-03T08:58:00
crreucka.net,1,conficker,2025-01-03T14:03:00
thatfornot.net,1,suppobox,2025-01-03T19:12:00
cr5fnlkwfeq.ru,1,generic,2025-01-04T10:37:00
host4119.qiqro.com,0,benign,2025-01-03T20:39:00
apple.com,0,benign,2025-01-03T01:45:00
h4psdrpn53oz871x0eq.biz,1,generic,2025-01-03T02:39:00
host1010.dkfhm.com,0,benign,2025-01-01T16:50:00
host2424.nxnof.com,0,benign,2025-01-02T16:24:00
datedate.org,1,matsnu,2025-01-01T20:20:00
datefire.org,1,matsnu,2025-01-03T07:40:00
umchwbl0yt8pqkt.biz,1,generic,2025-01-02T17:53:00
host2517.qcspo.com,0,benign,2025-01-02T17:57:00
mhsatvnxzdln.com,1,kraken,2025-01-04T01:45:00
host567.nwezh.com,0,benign,2025-01-01T09:27:00
host471.swvll.com,0,benign,2025-01-01T07:51:00
host4828.ixelu.com,0,benign,2025-01-04T08:28:00
s7q2puzz4e5lkbh.com,1,generic,2025-01-02T22:40:00
host4323.qasbc.com,0,benign,2025-01-04T00:03:00
fgfuyz3.biz,1,cryptolocker,2025-01-03T09:22:00
crpr6un.biz,1,cryptolocker,2025-01-01T19:05:00
host601.rtgyc.com,0,benign,2025-01-01T10:01:00
rpzjgelawroa.com,1,kraken,2025-01-01T15:12:00
elderdate.org,1,matsnu,2025-01-01T15:59:00
zki19sndwapnf.com,1,generic,2025-01-03T18:30:00
grprownr6.ru,1,generic,2025-01-01T19:01:00
host4987.kbacv.com,0,benign,2025-01-04T11:07:00
azure.com,0,benign,2025-01-01T04:20:00
host2692.pzejb.com,0,benign,2025-01-02T20:52:00
havehisand.net,1,suppobox,2025-01-01T10:42:00
host10.pwiyt.com,0,benign,2025-01-01T00:10:00
host2113.jddnv.com,0,benign,2025-01-02T11:13:00
withbutnot.net,1,suppobox,2025-01-03T08:48:00
linkedin.com,0,benign,2025-01-01T09:20:00
host4727.amahw.com,0,benign,2025-01-04T06:47:00
thatthisbut.net,1,suppobox,2025-01-03T11:59:00
andandbut.net,1,suppobox,2025-01-02T19:21:00
azure.com,0,benign,2025-01-03T14:02:00
c9l73ig.info,1,cryptolocker,2025-01-01T11:29:00
host781.edsli.com,0,benign,2025-01-01T13:01:00
kkrbufs8ni4sjzc.info,1,generic,2025-01-02T15:04:00
host1018.kuubj.com,0,benign,2025-01-01T16:58:00
host2189.fwjlj.com,0,benign,2025-01-02T12:29:00
elderfire.org,1,matsnu,2025-01-02T17:30:00
seadbdbppgcm.com,1,kraken,2025-01-03T10:28:00
yfrwkdf741yhccmqdjl4.biz,1,generic,2025-01-04T02:44:00
notwiththe.net,1,suppobox,2025-01-03T16:32:00
fzvkesotvhxi.com,1,kraken,2025-01-02T08:38:00
gueznmih.net,1,conficker,2025-01-02T05:43:00
nvtwehr9yutcs2o5q4f.cn,1,generic,2025-01-01T04:58:00
dpfuoj.net,1,conficker,2025-01-03T09:07:00
wksfwajyrztu.com,1,kraken,2025-01-02T12:02:00
host2390.mfalx.com,0,benign,2025-01-02T15:50:00
j3pc4cv.info,1,cryptolocker,2025-01-03T02:56:00
xrzeiquesbis.com,1,kraken,2025-01-01T12:07:00
host4228.enaxd.com,0,benign,2025-01-03T22:28:00
facebook.com,0,benign,2025-01-03T07:22:00
withbutthat.net,1,suppobox,2025-01-01T14:30:00
host3797.uzhly.com,0,benign,2025-01-03T15:17:00
butthatwith.net,1,suppobox,2025-01-01T14:07:00
fdxuzm.net,1,conficker,2025-01-04T06:18:00
atdtlksd.net,1,conficker,2025-01-02T13:58:00
host525.qjbqz.com,0,benign,2025-01-01T08:45:00
host4735.hsabc.com,0,benign,2025-01-04T06:55:00
wikipedia.org,0,benign,2025-01-03T17:11:00
host2266.sqlir.com,0,benign,2025-01-02T13:46:00
host2543.ohpcu.com,0,benign,2025-01-02T18:23:00
office.com,0,benign,2025-01-03T05:16:00
host4149.wnvsa.com,0,benign,2025-01-03T21:09:00
1bjn20zee4oltac47.ru,1,generic,2025-01-02T12:57:00
cknizlac8765oyrn8go2.net,1,generic,2025-01-02T12:31:00
withforyou.net,1,suppobox,2025-01-04T09:51:00
idyzp.net,1,conficker,2025-01-02T13:35:00
7ydv4i1fh0lwsi1ofyjs.cn,1,generic,2025-01-01T02:20:00
hisbutthey.net,1,suppobox,2025-01-02T16:04:00
host1311.ietxb.com,0,benign,2025-01-01T21:51:00
host3312.jokft.com,0,benign,2025-01-03T07:12:00
grapebanana.org,1,matsnu,2025-01-02T00:48:00
lb6fhpo.ru,1,cryptolocker,2025-01-03T20:47:00
host4952.jtnzy.com,0,benign,2025-01-04T10:32:00
host4931.yxtax.com,0,benign,2025-01-04T10:11:00
host2133.xijgi.com,0,benign,2025-01-02T11:33:00
huawkpfmgzzf.com,1,kraken,2025-01-03T08:51:00
hbc0yqe.info,1,cryptolocker,2025-01-01T19:15:00
host1509.bhxyg.com,0,benign,2025-01-02T01:09:00
xfyc6wv.info,1,cryptolocker,2025-01-02T04:31:00
host1071.yvagc.com,0,benign,2025-01-01T17:51:00
3nvtoyq.biz,1,cryptolocker,2025-01-02T10:16:00
host4339.moyag.com,0,benign,2025-01-04T00:19:00
treefig.org,1,matsnu,2025-01-04T09:57:00
zoom.us,0,benign,2025-01-01T13:36:00
host212.nlgdi.com,0,benign,2025-01-01T03:32:00
sbhrl.net,1,conficker,2025-01-04T07:48:00
host3928.pqtgk.com,0,benign,2025-01-03T17:28:00
wikipedia.org,0,benign,2025-01-03T11:37:00
host759.ldxzv.com,0,benign,2025-01-01T12:39:00
host4817.heenn.com,0,benign,2025-01-04T08:17:00
kkqftswtpiqq.com,1,kraken,2025-01-02T06:28:00
ynmruel.ru,1,cryptolocker,2025-01-02T02:42:00
qfoacclnjcnd.com,1,kraken,2025-01-03T15:29:00
xfmzwnmkrhdt.com,1,kraken,2025-01-02T06:53:00
host1246.kkyxp.com,0,benign,2025-01-01T20:46:00
3pq5tay1qj.net,1,generic,2025-01-01T14:05:00
firestone.org,1,matsnu,2025-01-03T08:15:00
ihk8ldm0ecwn2.biz,1,generic,2025-01-03T20:01:00
host902.ihgrb.com,0,benign,2025-01-01T15:02:00
rwdcmxhavzue.com,1,kraken,2025-01-01T08:29:00
buthaveyou.net,1,suppobox,2025-01-02T17:11:00
theforthey.net,1,suppobox,2025-01-01T12:28:00
host1893.drgxm.com,0,benign,2025-01-02T07:33:00
thfrxpllvmxs.com,1,kraken,2025-01-01T16:01:00
host3494.uocsi.com,0,benign,2025-01-03T10:14:00
3elagne.ru,1,cryptolocker,2025-01-02T18:54:00
salesforce.com,0,benign,2025-01-04T03:04:00
host3938.izoka.com,0,benign,2025-01-03T17:38:00
sbnqlvd.net,1,conficker,2025-01-03T20:50:00
host1843.rgvsb.com,0,benign,2025-01-02T06:43:00
qbto2uawwovn.net,1,generic,2025-01-01T01:00:00
host3901.wkdnr.com,0,benign,2025-01-03T17:01:00
olwkzyq.net,1,conficker,2025-01-04T10:32:00
9i4hwf4.info,1,cryptolocker,2025-01-02T19:24:00
host4436.slotw.com,0,benign,2025-01-04T01:56:00
yahoo.com,0,benign,2025-01-04T10:12:00
yahoo.com,0,benign,2025-01-04T00:42:00
azure.com,0,benign,2025-01-01T16:33:00
amazon.com,0,benign,2025-01-02T17:19:00
host2012.ttcmm.com,0,benign,2025-01-02T09:32:00
facebook.com,0,benign,2025-01-01T05:05:00
host611.yknww.com,0,benign,2025-01-01T10:11:00
kvxnnnsjjxvj.com,1,kraken,2025-01-02T07:25:00
vbavggx.net,1,conficker,2025-01-01T22:37:00
host3243.pzgpw.com,0,benign,2025-01-03T06:03:00
host3854.ljros.com,0,benign,2025-01-03T16:14:00
pejjek.net,1,conficker,2025-01-03T16:12:00
wfev19g.info,1,cryptolocker,2025-01-02T23:01:00
178bsjh.ru,1,cryptolocker,2025-01-03T05:57:00
host2893.oxgjv.com,0,benign,2025-01-03T00:13:00
dfranrgf6ro3.cn,1,generic,2025-01-02T12:09:00
youthatbut.net,1,suppobox,2025-01-02T12:47:00
host752.dyigp.com,0,benign,2025-01-01T12:32:00
host4551.bpijw.com,0,benign,2025-01-04T03:51:00
host4809.zitvf.com,0,benign,2025-01-04T08:09:00
thisforthis.net,1,suppobox,2025-01-01T04:34:00
host2888.nmzlr.com,0,benign,2025-01-03T00:08:00
facebook.com,0,benign,2025-01-03T16:32:00
rockgrape.org,1,matsnu,2025-01-02T23:39:00
appletree.org,1,matsnu,2025-01-04T10:06:00
host4223.svirh.com,0,benign,2025-01-03T22:23:00
host1260.czpcw.com,0,benign,2025-01-01T21:00:00
host3294.tauxu.com,0,benign,2025-01-03T06:54:00
stonefig.org,1,matsnu,2025-01-03T05:25:00
host4708.nyvfq.com,0,benign,2025-01-04T06:28:00
nottheyfor.net,1,suppobox,2025-01-03T09:14:00
eq2o3wndh6t.cn,1,generic,2025-01-02T02:36:00
0qqdnh3.info,1,cryptolocker,2025-01-01T09:07:00
3925sdm.ru,1,cryptolocker,2025-01-01T16:03:00
host3085.mypex.com,0,benign,2025-01-03T03:25:00
host1589.jicst.com,0,benign,2025-01-02T02:29:00
yahoo.com,0,benign,2025-01-04T08:57:00
host1476.aqdic.com,0,benign,2025-01-02T00:36:00
f64ylif9hm.com,1,generic,2025-01-04T09:42:00
bananafire.org,1,matsnu,2025-01-03T13:16:00
host2712.ojwrl.com,0,benign,2025-01-02T21:12:00
host2265.wakbu.com,0,benign,2025-01-02T13:45:00
gjvcfo.net,1,conficker,2025-01-03T08:25:00
azure.com,0,benign,2025-01-02T02:57:00
oyqwzjij0cjqxib0.org,1,generic,2025-01-02T11:06:00
kysagjy.info,1,cryptolocker,2025-01-02T05:44:00
cvtgwgydspph.com,1,kraken,2025-01-03T07:51:00
zoom.us,0,benign,2025-01-02T21:33:00
havebutfrom.net,1,suppobox,2025-01-04T08:49:00
mkuggk.net,1,conficker,2025-01-01T00:26:00
6qepis0.biz,1,cryptolocker,2025-01-02T02:21:00
wikipedia.org,0,benign,2025-01-02T10:50:00
host1838.yprby.com,0,benign,2025-01-02T06:38:00
8i0h75s.ru,1,cryptolocker,2025-01-03T21:29:00
host1268.pkydm.com,0,benign,2025-01-01T21:08:00
host2970.tyuwc.com,0,benign,2025-01-03T01:30:00
host822.cjbrn.com,0,benign,2025-01-01T13:42:00
host109.ljmzn.com,0,benign,2025-01-01T01:49:00
host4376.ygdgv.com,0,benign,2025-01-04T00:56:00
host198.tmkdc.com,0,benign,2025-01-01T03:18:00
host3079.tazii.com,0,benign,2025-01-03T03:19:00
cloudflare.com,0,benign,2025-01-02T01:05:00
host4983.grguc.com,0,benign,2025-01-04T11:03:00
host2666.sqvma.com,0,benign,2025-01-02T20:26:00
aws.amazon.com,0,benign,2025-01-02T05:54:00
2gw4i23.info,1,cryptolocker,2025-01-02T09:56:00
bing.com,0,benign,2025-01-03T01:03:00
host1915.egzrx.com,0,benign,2025-01-02T07:55:00
jwr9p99.info,1,cryptolocker,2025-01-01T12:02:00
q4wv3bz.info,1,cryptolocker,2025-01-03T16:53:00
host4193.tanuc.com,0,benign,2025-01-03T21:53:00
qmzj5rjryli.net,1,generic,2025-01-03T19:50:00
microsoft.com,0,benign,2025-01-03T00:34:00
notforthey.net,1,suppobox,2025-01-01T15:31:00
6c2xmqo.info,1,cryptolocker,2025-01-02T19:47:00
dummxvf.net,1,conficker,2025-01-03T11:25:00
stonewater.org,1,matsnu,2025-01-01T16:29:00
qibydcwsqszk.com,1,kraken,2025-01-04T03:11:00
host773.cqwjm.com,0,benign,2025-01-01T12:53:00
host4939.ybzwi.com,0,benign,2025-01-04T10:19:00
host279.kbrzl.com,0,benign,2025-01-01T04:39:00
azure.com,0,benign,2025-01-01T14:25:00
uifdd.net,1,conficker,2025-01-04T03:35:00
fnsn9lnz6.org,1,generic,2025-01-04T05:15:00
host2857.barvb.com,0,benign,2025-01-02T23:37:00
lglzgkl.net,1,conficker,2025-01-01T09:50:00
c2h10zp.info,1,cryptolocker,2025-01-03T07:55:00
host74.seosf.com,0,benign,2025-01-01T01:14:00
qx9hk4w3ko.ru,1,generic,2025-01-03T17:06:00
by4q19xweeiqui8g.info,1,generic,2025-01-03T09:36:00
ptjlhwrdgrwf.com,1,kraken,2025-01-04T09:52:00
stoneelder.org,1,matsnu,2025-01-03T22:41:00
host2500.mvrcw.com,0,benign,2025-01-02T17:40:00
facebook.com,0,benign,2025-01-03T13:09:00
bing.com,0,benign,2025-01-03T12:45:00
histhethis.net,1,suppobox,2025-01-01T09:10:00
7p6o3ue.ru,1,cryptolocker,2025-01-02T04:06:00
withtheyhave.net,1,suppobox,2025-01-02T03:26:00
mwcpkmzxbeno.com,1,kraken,2025-01-03T07:09:00
host1228.uiyin.com,0,benign,2025-01-01T20:28:00
host4512.vifbl.com,0,benign,2025-01-04T03:12:00
host4206.rycdh.com,0,benign,2025-01-03T22:06:00
forhaveand.net,1,suppobox,2025-01-01T15:06:00
host1408.vqzxh.com,0,benign,2025-01-01T23:28:00
host4330.sgnms.com,0,benign,2025-01-04T00:10:00
host2534.onril.com,0,benign,2025-01-02T18:14:00
treecherry.org,1,matsnu,2025-01-01T21:49:00
host3659.jmqdd.com,0,benign,2025-01-03T12:59:00
withyouwith.net,1,suppobox,2025-01-01T01:21:00
host2156.nrrdk.com,0,benign,2025-01-02T11:56:00
linkedin.com,0,benign,2025-01-03T03:40:00
host976.ahamf.com,0,benign,2025-01-01T16:16:00
athazyqy.net,1,conficker,2025-01-01T20:13:00
bananaelder.org,1,matsnu,2025-01-01T07:51:00
9onvtj4.ru,1,cryptolocker,2025-01-02T16:54:00
host3491.ocjvl.com,0,benign,2025-01-03T10:11:00
host4430.cketv.com,0,benign,2025-01-04T01:50:00
host1391.qvwmn.com,0,benign,2025-01-01T23:11:00
si3ehhzm3.org,1,generic,2025-01-01T13:42:00
host607.sahat.com,0,benign,2025-01-01T10:07:00
host1551.ujwvg.com,0,benign,2025-01-02T01:51:00
host4714.oqbks.com,0,benign,2025-01-04T06:34:00
host67.khcxj.com,0,benign,2025-01-01T01:07:00
pbe6mzt.info,1,cryptolocker,2025-01-03T01:03:00
host2777.ywxyg.com,0,benign,2025-01-02T22:17:00
host1385.iwchb.com,0,benign,2025-01-01T23:05:00
tl3fxtw.info,1,cryptolocker,2025-01-03T09:00:00
6up2jdpqz64.ru,1,generic,2025-01-03T19:35:00
host4414.bmtgy.com,0,benign,2025-01-04T01:34:00
host758.yilug.com,0,benign,2025-01-01T12:38:00
host1336.udnog.com,0,benign,2025-01-01T22:16:00
ktyia4c.ru,1,cryptolocker,2025-01-01T16:05:00
thatforhis.net,1,suppobox,2025-01-01T15:48:00
host2125.elzkt.com,0,benign,2025-01-02T11:25:00
host681.esycy.com,0,benign,2025-01-01T11:21:00
bananatree.org,1,matsnu,2025-01-02T05:42:00
gbhio.net,1,conficker,2025-01-04T03:27:00
v73vc0ampeh2a4.info,1,generic,2025-01-02T21:40:00
host466.ogpea.com,0,benign,2025-01-01T07:46:00
lotuextt.net,1,conficker,2025-01-03T14:07:00
e180ur68jukjibar2.com,1,generic,2025-01-02T23:04:00
host1621.mgvut.com,0,benign,2025-01-02T03:01:00
cherrybanana.org,1,matsnu,2025-01-01T11:48:00
14qt5dc.ru,1,cryptolocker,2025-01-03T03:41:00
qsboy22cikhfb.net,1,generic,2025-01-01T04:19:00
theythatnot.net,1,suppobox,2025-01-02T19:31:00
grtpybnzxxyj.com,1,kraken,2025-01-02T07:20:00
host3236.zwzeg.com,0,benign,2025-01-03T05:56:00
srjhg.net,1,conficker,2025-01-02T20:27:00
host3878.sooka.com,0,benign,2025-01-03T16:38:00
host3471.dgcft.com,0,benign,2025-01-03T09:51:00
host3927.caiqg.com,0,benign,2025-01-03T17:27:00
g9cs8njlvbcbbkqcho.com,1,generic,2025-01-01T08:23:00
withandthey.net,1,suppobox,2025-01-03T23:10:00
host989.pyglk.com,0,benign,2025-01-01T16:29:00
gsisbtnr.net,1,conficker,2025-01-02T13:47:00
host1616.gxoxp.com,0,benign,2025-01-02T02:56:00
vmbspxv.net,1,conficker,2025-01-01T03:11:00
host3334.ezqwt.com,0,benign,2025-01-03T07:34:00
withthethe.net,1,suppobox,2025-01-02T04:26:00
host3604.mbrmp.com,0,benign,2025-01-03T12:04:00
dyrzabozf9fem.org,1,generic,2025-01-03T07:06:00
host1313.ojxzj.com,0,benign,2025-01-01T21:53:00
2rxgba4.biz,1,cryptolocker,2025-01-02T15:56:00
vjivhstoqhlb.com,1,kraken,2025-01-02T05:40:00
hjqanpl.net,1,conficker,2025-01-01T00:18:00
host3338.umwsa.com,0,benign,2025-01-03T07:38:00
stonewater.org,1,matsnu,2025-01-04T03:51:00
74c904t.info,1,cryptolocker,2025-01-04T08:52:00
host508.jlnhe.com,0,benign,2025-01-01T08:28:00
host3014.odqqv.com,0,benign,2025-01-03T02:14:00
host550.vbvwd.com,0,benign,2025-01-01T09:10:00
host3571.rfjvk.com,0,benign,2025-01-03T11:31:00
host1614.takkp.com,0,benign,2025-01-02T02:54:00
snaweix.info,1,cryptolocker,2025-01-02T22:15:00
stonegrape.org,1,matsnu,2025-01-01T07:24:00
wtdkakkqvhwu.com,1,kraken,2025-01-03T14:28:00
96yhtast4e.cn,1,generic,2025-01-03T22:40:00
eqbywglnqzhw.com,1,kraken,2025-01-03T19:54:00
bing.com,0,benign,2025-01-03T20:27:00
jj1yrpu3.org,1,generic,2025-01-04T10:48:00
host3737.uvmwt.com,0,benign,2025-01-03T14:17:00
host451.ujxvm.com,0,benign,2025-01-01T07:31:00
wdvyt.net,1,conficker,2025-01-03T00:55:00
host2027.mkzne.com,0,benign,2025-01-02T09:47:00
host663.xxfcq.com,0,benign,2025-01-01T11:03:00
moogkihjaqgq.com,1,kraken,2025-01-01T12:37:00
vcrlctcofren.com,1,kraken,2025-01-04T09:12:00
host2004.busuh.com,0,benign,2025-01-02T09:24:00
host293.ewekc.com,0,benign,2025-01-01T04:53:00
0wqg2556pvrbespffot0.biz,1,generic,2025-01-02T21:56:00
host27.ptahs.com,0,benign,2025-01-01T00:27:00
microsoft.com,0,benign,2025-01-01T10:58:00
host842.dware.com,0,benign,2025-01-01T14:02:00
p0iau8p.ru,1,cryptolocker,2025-01-04T05:59:00
host4865.hycri.com,0,benign,2025-01-04T09:05:00
host3189.vwcji.com,0,benign,2025-01-03T05:09:00
host4903.yszgi.com,0,benign,2025-01-04T09:43:00
yff4pn12j5s4kmze.com,1,generic,2025-01-01T08:22:00
linkedin.com,0,benign,2025-01-04T02:59:00
ngdd6sz2p5st3t596z.biz,1,generic,2025-01-01T09:13:00
vihaevrxaqui.com,1,kraken,2025-01-02T08:59:00
host3760.hxxyy.com,0,benign,2025-01-03T14:40:00
hsuhpfi.biz,1,cryptolocker,2025-01-02T00:49:00
nxctfc56d209.tk,1,generic,2025-01-01T10:33:00
yozfm40yym8404vxwb1q.tk,1,generic,2025-01-04T09:05:00
treebanana.org,1,matsnu,2025-01-02T15:47:00
treefire.org,1,matsnu,2025-01-04T01:27:00
host4463.nkcom.com,0,benign,2025-01-04T02:23:00
cherrydate.org,1,matsnu,2025-01-03T21:32:00
host1707.iyaqb.com,0,benign,2025-01-02T04:27:00
elderrock.org,1,matsnu,2025-01-02T14:40:00
r86oq3ygh9l87rgugam.cn,1,generic,2025-01-04T02:38:00
theandfor.net,1,suppobox,2025-01-03T06:48:00
elderfig.org,1,matsnu,2025-01-04T11:12:00
grapefire.org,1,matsnu,2025-01-01T15:09:00
host4336.beubr.com,0,benign,2025-01-04T00:16:00
host1713.pqnhz.com,0,benign,2025-01-02T04:33:00
host158.gcsej.com,0,benign,2025-01-01T02:38:00
figbanana.org,1,matsnu,2025-01-03T23:59:00
host360.kzsyp.com,0,benign,2025-01-01T06:00:00
host585.rflgq.com,0,benign,2025-01-01T09:45:00
mmfhdwh.net,1,conficker,2025-01-01T05:05:00
theforthat.net,1,suppobox,2025-01-01T21:47:00
host2041.jbmbc.com,0,benign,2025-01-02T10:01:00
qwrwijxyawir.com,1,kraken,2025-01-03T02:05:00
host3192.fallu.com,0,benign,2025-01-03T05:12:00
slack.com,0,benign,2025-01-03T06:11:00
host2757.qfktu.com,0,benign,2025-01-02T21:57:00
host801.vygwq.com,0,benign,2025-01-01T13:21:00
cnx2omdmb7eqz.org,1,generic,2025-01-03T17:05:00
host3225.uirbs.com,0,benign,2025-01-03T05:45:00
wikipedia.org,0,benign,2025-01-02T09:13:00
mgyok3u.info,1,cryptolocker,2025-01-01T04:38:00
andthisyou.net,1,suppobox,2025-01-02T08:49:00
grapedate.org,1,matsnu,2025-01-03T19:17:00
bhb8ayf.info,1,cryptolocker,2025-01-04T09:04:00
nunus7z.biz,1,cryptolocker,2025-01-01T18:09:00
fvrqdvoe.net,1,conficker,2025-01-02T22:20:00
hfxhd.net,1,conficker,2025-01-03T15:48:00
host2158.dzijw.com,0,benign,2025-01-02T11:58:00
host4704.ntbet.com,0,benign,2025-01-04T06:24:00
6zz4whycqs2l.ru,1,generic,2025-01-01T14:12:00
djiqaj.net,1,conficker,2025-01-02T08:45:00
host803.mocgl.com,0,benign,2025-01-01T13:23:00
xox0pia19zej1fmgbu.biz,1,generic,2025-01-03T17:15:00
host2252.lxotu.com,0,benign,2025-01-02T13:32:00
host2068.pewdk.com,0,benign,2025-01-02T10:28:00
grapetree.org,1,matsnu,2025-01-03T00:24:00
cherrygrape.org,1,matsnu,2025-01-01T04:09:00
ibtdjq.net,1,conficker,2025-01-02T09:14:00
host728.smnnc.com,0,benign,2025-01-01T12:08:00
host2590.vfkjn.com,0,benign,2025-01-02T19:10:00
yesnqxjxswww.com,1,kraken,2025-01-02T22:50:00
yixgyg.net,1,conficker,2025-01-02T15:57:00
host2824.kpngd.com,0,benign,2025-01-02T23:04:00
host3941.vrjsy.com,0,benign,2025-01-03T17:41:00
bing.com,0,benign,2025-01-01T07:13:00
host2275.vzgzh.com,0,benign,2025-01-02T13:55:00
oodxbc.net,1,conficker,2025-01-01T05:50:00
ba9349hm4zt83980z.biz,1,generic,2025-01-01T07:55:00
6w5tia5.biz,1,cryptolocker,2025-01-04T04:19:00
evqgra48qvog8.com,1,generic,2025-01-03T12:45:00
salesforce.com,0,benign,2025-01-03T18:10:00
host2335.hscur.com,0,benign,2025-01-02T14:55:00
zoom.us,0,benign,2025-01-02T13:17:00
plgrc.net,1,conficker,2025-01-01T02:36:00
office.com,0,benign,2025-01-02T00:26:00
thatyoufrom.net,1,suppobox,2025-01-03T14:05:00
host1725.khbkb.com,0,benign,2025-01-02T04:45:00
p4uy8o6.ru,1,cryptolocker,2025-01-01T11:46:00
host4266.ohtrv.com,0,benign,2025-01-03T23:06:00
applerock.org,1,matsnu,2025-01-03T06:26:00
appleelder.org,1,matsnu,2025-01-01T04:36:00
host1709.vqudf.com,0,benign,2025-01-02T04:29:00
linkedin.com,0,benign,2025-01-01T14:28:00
bananacherry.org,1,matsnu,2025-01-01T00:52:00
kqpsezb.biz,1,cryptolocker,2025-01-01T00:54:00
host3707.lbxnn.com,0,benign,2025-01-03T13:47:00
theythisfrom.net,1,suppobox,2025-01-01T17:46:00
treecherry.org,1,matsnu,2025-01-02T22:23:00
brwlt42.ru,1,cryptolocker,2025-01-01T16:45:00
host3479.hvapq.com,0,benign,2025-01-03T09:59:00
elderwater.org,1,matsnu,2025-01-01T07:18:00
b6sjbs3z.info,1,generic,2025-01-04T02:07:00
lptxujz.net,1,conficker,2025-01-04T11:09:00
host916.ebkpk.com,0,benign,2025-01-01T15:16:00
p397937.info,1,cryptolocker,2025-01-03T07:39:00
hvstget.net,1,conficker,2025-01-01T12:25:00
bananadate.org,1,matsnu,2025-01-03T19:02:00
zbgr24h.biz,1,cryptolocker,2025-01-01T17:52:00
andhavefrom.net,1,suppobox,2025-01-02T13:30:00
g4kuri9u5cjm.org,1,generic,2025-01-01T22:35:00
host2381.ryxmm.com,0,benign,2025-01-02T15:41:00
zoom.us,0,benign,2025-01-03T16:06:00
winvez6.info,1,cryptolocker,2025-01-04T02:57:00
amazon.com,0,benign,2025-01-01T21:10:00
dazwt.net,1,conficker,2025-01-02T12:38:00
host4733.ffged.com,0,benign,2025-01-04T06:53:00
host2929.lsvth.com,0,benign,2025-01-03T00:49:00
salesforce.com,0,benign,2025-01-01T15:40:00
host530.juzym.com,0,benign,2025-01-01T08:50:00
withforbut.net,1,suppobox,2025-01-04T09:01:00
snrkvyk.net,1,conficker,2025-01-03T18:18:00
host2512.anhfo.com,0,benign,2025-01-02T17:52:00
host1209.magft.com,0,benign,2025-01-01T20:09:00
dchjiins2n0.ru,1,generic,2025-01-02T05:31:00
76luhrxzuhagfmc06q1.ru,1,generic,2025-01-04T06:38:00
host2818.hrskq.com,0,benign,2025-01-02T22:58:00
host3852.yytrm.com,0,benign,2025-01-03T16:12:00
bananaelder.org,1,matsnu,2025-01-01T04:31:00
live.com,0,benign,2025-01-03T17:32:00
ybpbhjj.net,1,conficker,2025-01-04T03:19:00
host1239.mgdmj.com,0,benign,2025-01-01T20:39:00
bwlxsuxbdnve.com,1,kraken,2025-01-02T05:37:00
ngmbkjy2g.tk,1,generic,2025-01-02T21:21:00
host800.yaldn.com,0,benign,2025-01-01T13:20:00
host720.vdhiz.com,0,benign,2025-01-01T12:00:00
host501.lpfie.com,0,benign,2025-01-01T08:21:00
yutkmv.net,1,conficker,2025-01-01T11:11:00
host1013.gvpmd.com,0,benign,2025-01-01T16:53:00
njvwx.net,1,conficker,2025-01-01T21:00:00
host738.lmuqy.com,0,benign,2025-01-01T12:18:00
pzvzurhllehb.com,1,kraken,2025-01-03T08:06:00
sltemlt.net,1,conficker,2025-01-01T08:32:00
host3581.bfljk.com,0,benign,2025-01-03T11:41:00
theyyouand.net,1,suppobox,2025-01-02T03:45:00
cx62ozxob.cn,1,generic,2025-01-02T04:51:00
host4781.eixsh.com,0,benign,2025-01-04T07:41:00
host72.oalay.com,0,benign,2025-01-01T01:12:00
akddmqxuunqr.com,1,kraken,2025-01-02T13:09:00
buthavewith.net,1,suppobox,2025-01-04T10:10:00
1ifz990.info,1,cryptolocker,2025-01-03T08:11:00
gkpdcq.net,1,conficker,2025-01-01T02:00:00
eu39pi2l7m4c9spfjoxp.org,1,generic,2025-01-01T22:36:00
host1473.gywhm.com,0,benign,2025-01-02T00:33:00
host787.gbzdh.com,0,benign,2025-01-01T13:07:00
host434.yfjqx.com,0,benign,2025-01-01T07:14:00
l60txtub1sw5y.cn,1,generic,2025-01-04T04:56:00
ngwubiwx.net,1,conficker,2025-01-01T12:55:00
host1117.cfxwl.com,0,benign,2025-01-01T18:37:00
host1748.vtsni.com,0,benign,2025-01-02T05:08:00
microsoft.com,0,benign,2025-01-02T16:03:00
lkmgk.net,1,conficker,2025-01-02T14:00:00
host73.duqcz.com,0,benign,2025-01-01T01:13:00
datetree.org,1,matsnu,2025-01-03T16:03:00
szdpn0ciiib8.cn,1,generic,2025-01-04T08:38:00
sepetfd.net,1,conficker,2025-01-01T03:34:00
host4097.snkte.com,0,benign,2025-01-03T20:17:00
zqtqvhawhcqv.com,1,kraken,2025-01-04T04:07:00
3vyylae.ru,1,cryptolocker,2025-01-03T16:55:00
host3330.jdmwe.com,0,benign,2025-01-03T07:30:00
d3zkvcc0wwp.biz,1,generic,2025-01-02T07:16:00
host1804.hcqbl.com,0,benign,2025-01-02T06:04:00
host204.gucyk.com,0,benign,2025-01-01T03:24:00
bqcyc3t.ru,1,cryptolocker,2025-01-01T22:11:00
host3267.oukvp.com,0,benign,2025-01-03T06:27:00
host3996.jalwh.com,0,benign,2025-01-03T18:36:00
host579.fbtmz.com,0,benign,2025-01-01T09:39:00
aws.amazon.com,0,benign,2025-01-03T20:15:00
host2906.xvqll.com,0,benign,2025-01-03T00:26:00
google.com,0,benign,2025-01-02T01:37:00
xprsksfnweku.com,1,kraken,2025-01-01T01:39:00
host4083.lijxu.com,0,benign,2025-01-03T20:03:00
host259.lulrx.com,0,benign,2025-01-01T04:19:00
host292.dlrde.com,0,benign,2025-01-01T04:52:00
andandand.net,1,suppobox,2025-01-01T08:04:00
host1741.qwmug.com,0,benign,2025-01-02T05:01:00
host1081.osylp.com,0,benign,2025-01-01T18:01:00
theyhisfrom.net,1,suppobox,2025-01-01T12:49:00
dstlivmfxded.com,1,kraken,2025-01-02T09:16:00
aheqalcgcoym.com,1,kraken,2025-01-04T04:41:00
host56.xleiu.com,0,benign,2025-01-01T00:56:00
host3652.gqxtj.com,0,benign,2025-01-03T12:52:00
host3198.yleyk.com,0,benign,2025-01-03T05:18:00
4p25wnq6ziobxapbusp6.net,1,generic,2025-01-02T00:50:00
host4009.gcpbn.com,0,benign,2025-01-03T18:49:00
host2206.egwed.com,0,benign,2025-01-02T12:46:00
host180.qsycw.com,0,benign,2025-01-01T03:00:00
host2801.iymfm.com,0,benign,2025-01-02T22:41:00
fromandhis.net,1,suppobox,2025-01-02T18:27:00
epi0ois.ru,1,cryptolocker,2025-01-03T10:38:00
xcaxqnlqeqjk.com,1,kraken,2025-01-02T03:03:00
zlxpzfex.net,1,conficker,2025-01-01T21:17:00
hyayjandfwso.com,1,kraken,2025-01-02T21:33:00
linkedin.com,0,benign,2025-01-03T20:56:00
host1622.aqzvj.com,0,benign,2025-01-02T03:02:00
host2434.ihkbk.com,0,benign,2025-01-02T16:34:00
host2395.ncxua.com,0,benign,2025-01-02T15:55:00
host1720.aowgs.com,0,benign,2025-01-02T04:40:00
host1530.pwolr.com,0,benign,2025-01-02T01:30:00
diplvz.net,1,conficker,2025-01-01T05:19:00
wmnbhw.net,1,conficker,2025-01-03T00:03:00
stonebanana.org,1,matsnu,2025-01-02T02:01:00
qaxexpgyq70e3ig5y.org,1,generic,2025-01-01T12:10:00
ipzpcdutihuw.com,1,kraken,2025-01-03T00:37:00
gk8p3agl.biz,1,generic,2025-01-02T07:15:00
host596.vzlzz.com,0,benign,2025-01-01T09:56:00
cherryrock.org,1,matsnu,2025-01-01T03:39:00
cixgu.net,1,conficker,2025-01-02T02:46:00
host3266.cfgka.com,0,benign,2025-01-03T06:26:00
h1ysj4t.biz,1,cryptolocker,2025-01-03T14:33:00
host252.ootjz.com,0,benign,2025-01-01T04:12:00
facebook.com,0,benign,2025-01-02T06:39:00
slack.com,0,benign,2025-01-01T11:43:00
host4578.hauix.com,0,benign,2025-01-04T04:18:00
host4875.eecwg.com,0,benign,2025-01-04T09:15:00
cherrydate.org,1,matsnu,2025-01-01T07:37:00
github.com,0,benign,2025-01-03T03:08:00
firebanana.org,1,matsnu,2025-01-01T23:32:00
waterdate.org,1,matsnu,2025-01-02T22:34:00
figtree.org,1,matsnu,2025-01-01T10:27:00
applewater.org,1,matsnu,2025-01-03T19:00:00
qdrb410y2.net,1,generic,2025-01-02T19:44:00
theybutand.net,1,suppobox,2025-01-02T13:23:00
yqrgf.net,1,conficker,2025-01-04T09:18:00
5w0by4b.info,1,cryptolocker,2025-01-04T01:08:00
wikipedia.org,0,benign,2025-01-01T13:13:00
host3387.wobms.com,0,benign,2025-01-03T08:27:00
foryouthe.net,1,suppobox,2025-01-02T17:01:00
33i7ll78.com,1,generic,2025-01-02T10:52:00
lvarjdfhuasp.com,1,kraken,2025-01-02T14:14:00
host2300.uqxzo.com,0,benign,2025-01-02T14:20:00
xodynh9.info,1,cryptolocker,2025-01-04T06:12:00
tvllcblqmemn.com,1,kraken,2025-01-03T18:19:00
host2761.hvzrp.com,0,benign,2025-01-02T22:01:00
host226.xyelw.com,0,benign,2025-01-01T03:46:00
2jidddhfo.com,1,generic,2025-01-04T00:42:00
appletree.org,1,matsnu,2025-01-02T01:21:00
gpseeee.net,1,conficker,2025-01-03T20:56:00
host1406.korex.com,0,benign,2025-01-01T23:26:00
host896.ujneh.com,0,benign,2025-01-01T14:56:00
host3102.cjewi.com,0,benign,2025-01-03T03:42:00
host2947.dfymm.com,0,benign,2025-01-03T01:07:00
otwbbvaq.net,1,conficker,2025-01-01T04:16:00
nhbekbxiinvq.com,1,kraken,2025-01-01T13:17:00
office.com,0,benign,2025-01-02T07:18:00
host3427.iucsn.com,0,benign,2025-01-03T09:07:00
host2649.wqhfn.com,0,benign,2025-01-02T20:09:00
host751.pgqdt.com,0,benign,2025-01-01T12:31:00
theythatnot.net,1,suppobox,2025-01-01T20:54:00
forfromwith.net,1,suppobox,2025-01-02T02:22:00
withnotthat.net,1,suppobox,2025-01-02T10:09:00
jyvedk.net,1,conficker,2025-01-02T10:44:00
4n6sujp.info,1,cryptolocker,2025-01-03T22:08:00
6uvii1olqka27384.biz,1,generic,2025-01-03T18:35:00
ztmvpinv.net,1,conficker,2025-01-01T21:22:00
na6nhaqcblkuer.tk,1,generic,2025-01-04T08:19:00
host1097.gmhtr.com,0,benign,2025-01-01T18:17:00
etayacvmvfrr.com,1,kraken,2025-01-01T08:02:00
host4069.ifcrp.com,0,benign,2025-01-03T19:49:00
thatbutyou.net,1,suppobox,2025-01-03T14:16:00
host774.gmwij.com,0,benign,2025-01-01T12:54:00
google.com,0,benign,2025-01-03T18:53:00
host2423.igrxg.com,0,benign,2025-01-02T16:23:00
cherryrock.org,1,matsnu,2025-01-02T12:59:00
ttemhy.net,1,conficker,2025-01-01T03:45:00
xasvgkavztpu.com,1,kraken,2025-01-04T01:09:00
host4369.hnhht.com,0,benign,2025-01-04T00:49:00
tqmbcfqvgktx.com,1,kraken,2025-01-04T02:13:00
host514.icsve.com,0,benign,2025-01-01T08:34:00
338g32m.biz,1,cryptolocker,2025-01-02T14:44:00
zilex.net,1,conficker,2025-01-02T21:02:00
8vg2on8g951cykt689.cn,1,generic,2025-01-02T03:14:00
host4680.siwpl.com,0,benign,2025-01-04T06:00:00
host2376.srdbh.com,0,benign,2025-01-02T15:36:00
youthatwith.net,1,suppobox,2025-01-03T13:35:00
host4383.jotoz.com,0,benign,2025-01-04T01:03:00
notthisthat.net,1,suppobox,2025-01-03T13:05:00
hishisthey.net,1,suppobox,2025-01-02T04:37:00
facebook.com,0,benign,2025-01-03T11:33:00
host2477.xwgtu.com,0,benign,2025-01-02T17:17:00
host4479.sayyy.com,0,benign,2025-01-04T02:39:00
forforhave.net,1,suppobox,2025-01-02T08:33:00
host2497.verrn.com,0,benign,2025-01-02T17:37:00
txsvypsvoowu.com,1,kraken,2025-01-02T10:53:00
thatthatfrom.net,1,suppobox,2025-01-03T11:17:00
host4565.yaykd.com,0,benign,2025-01-04T04:05:00
host1428.ajenw.com,0,benign,2025-01-01T23:48:00
stonestone.org,1,matsnu,2025-01-02T17:27:00
altwkezqronu.com,1,kraken,2025-01-02T06:44:00
ixgbub.net,1,conficker,2025-01-04T09:39:00
galpvv1drhncqmzu3le.tk,1,generic,2025-01-02T00:55:00
stonegrape.org,1,matsnu,2025-01-01T03:19:00
01r4p28.biz,1,cryptolocker,2025-01-04T06:45:00
osdfe4l.ru,1,cryptolocker,2025-01-02T14:16:00
rockdate.org,1,matsnu,2025-01-04T07:03:00
zoom.us,0,benign,2025-01-03T13:02:00
425mbvxv4l2.ru,1,generic,2025-01-01T09:46:00
theywithwith.net,1,suppobox,2025-01-03T09:31:00
host3273.dgjrj.com,0,benign,2025-01-03T06:33:00
host2728.xwikx.com,0,benign,2025-01-02T21:28:00
host1439.mymao.com,0,benign,2025-01-01T23:59:00
grapebanana.org,1,matsnu,2025-01-03T01:45:00
host3497.xzxzy.com,0,benign,2025-01-03T10:17:00
host1871.gwpjn.com,0,benign,2025-01-02T07:11:00
dyfgix.net,1,conficker,2025-01-03T00:20:00
host2215.hmegz.com,0,benign,2025-01-02T12:55:00
datefig.org,1,matsnu,2025-01-04T05:25:00
ucbyldakocki.com,1,kraken,2025-01-02T18:31:00
host2354.novhu.com,0,benign,2025-01-02T15:14:00
bananagrape.org,1,matsnu,2025-01-02T01:44:00
host2375.hkewr.com,0,benign,2025-01-02T15:35:00
host708.hfglt.com,0,benign,2025-01-01T11:48:00
jztajpwtxqst.com,1,kraken,2025-01-01T13:41:00
aws.amazon.com,0,benign,2025-01-02T06:00:00
amazon.com,0,benign,2025-01-01T10:09:00
host3118.wcgkn.com,0,benign,2025-01-03T03:58:00
bananagrape.org,1,matsnu,2025-01-01T14:34:00
firecherry.org,1,matsnu,2025-01-02T18:12:00
10ofqem39gl8c.ru,1,generic,2025-01-03T21:09:00
host4080.jrheo.com,0,benign,2025-01-03T20:00:00
nrgqrhjzhjhh4w6k.org,1,generic,2025-01-03T20:31:00
4qcoahz.ru,1,cryptolocker,2025-01-04T09:46:00
258o2ocn25.info,1,generic,2025-01-02T22:55:00
facebook.com,0,benign,2025-01-04T09:18:00
host4027.vgfsn.com,0,benign,2025-01-03T19:07:00
host3385.kxlvl.com,0,benign,2025-01-03T08:25:00
2dezkj0wc.ru,1,generic,2025-01-03T21:53:00
pqlde99.info,1,cryptolocker,2025-01-02T07:55:00
treedate.org,1,matsnu,2025-01-03T04:02:00
host866.aiotk.com,0,benign,2025-01-01T14:26:00
tlheezcmfpae.com,1,kraken,2025-01-02T00:30:00
host1465.wxvhp.com,0,benign,2025-01-02T00:25:00
thebutthat.net,1,suppobox,2025-01-03T12:37:00
p97xtj5.biz,1,cryptolocker,2025-01-03T08:41:00
theynotthey.net,1,suppobox,2025-01-01T03:59:00
histhewith.net,1,suppobox,2025-01-02T11:12:00
cloudflare.com,0,benign,2025-01-02T16:06:00
stonewater.org,1,matsnu,2025-01-03T16:41:00
yh97mnk.ru,1,cryptolocker,2025-01-03T01:43:00
host3109.cbmzh.com,0,benign,2025-01-03T03:49:00
host412.xkneu.com,0,benign,2025-01-01T06:52:00
host3851.davyk.com,0,benign,2025-01-03T16:11:00
applestone.org,1,matsnu,2025-01-03T15:09:00
host3822.ooxdn.com,0,benign,2025-01-03T15:42:00
figcherry.org,1,matsnu,2025-01-02T17:54:00
host403.ilavb.com,0,benign,2025-01-01T06:43:00
host2806.emfyg.com,0,benign,2025-01-02T22:46:00
host3708.mlwgz.com,0,benign,2025-01-03T13:48:00
host4473.unejr.com,0,benign,2025-01-04T02:33:00
host928.iyoqa.com,0,benign,2025-01-01T15:28:00
host4785.uxpaa.com,0,benign,2025-01-04T07:45:00
zppmhveakxnm.com,1,kraken,2025-01-03T14:52:00
csvnxfk.net,1,conficker,2025-01-01T06:40:00
datecherry.org,1,matsnu,2025-01-02T18:03:00
host3986.wszmi.com,0,benign,2025-01-03T18:26:00
theythathave.net,1,suppobox,2025-01-02T03:31:00
apple.com,0,benign,2025-01-02T14:16:00
apple.co,0,benign,2025-01-03T07:46:00
host1855.xbbkq.com,0,benign,2025-01-02T06:55:00
host1842.kppzy.com,0,benign,2025-01-02T06:42:00
host1974.opfxm.com,0,benign,2025-01-02T08:54:00
stonegrape.org,1,matsnu,2025-01-01T04:12:00
rockrock.org,1,matsnu,2025-01-03T07:49:00
o67qmypgtgdq8bzp1.com,1,generic,2025-01-02T06:41:00
kesaxpgf3i7ayk.net,1,generic,2025-01-01T03:17:00
host1788.mvett.com,0,benign,2025-01-02T05:48:00
ishwa.net,1,conficker,2025-01-02T02:18:00
office.com,0,benign,2025-01-04T03:41:00
host2877.suzbb.com,0,benign,2025-01-02T23:57:00
bing.com,0,benign,2025-01-03T19:35:00
host193.lnjio.com,0,benign,2025-01-01T03:13:00
google.com,0,benign,2025-01-03T16:07:00
host760.ijsig.com,0,benign,2025-01-01T12:40:00
sfbegpmv.net,1,conficker,2025-01-01T07:19:00
7cu18zh.info,1,cryptolocker,2025-01-03T15:00:00
host4454.oiuxu.com,0,benign,2025-01-04T02:14:00
7t2c3km.info,1,cryptolocker,2025-01-01T18:36:00
ywgruk.net,1,conficker,2025-01-02T22:52:00
apple.co,0,benign,2025-01-01T21:23:00
zoom.us,0,benign,2025-01-03T15:25:00
cloudflare.com,0,benign,2025-01-03T19:24:00
host4966.nqylp.com,0,benign,2025-01-04T10:46:00
zoom.us,0,benign,2025-01-01T18:26:00
host4170.yirhr.com,0,benign,2025-01-03T21:30:00
host904.xjmzf.com,0,benign,2025-01-01T15:04:00
wikipedia.org,0,benign,2025-01-03T21:00:00
wikipedia.org,0,benign,2025-01-04T09:47:00
havehavefrom.net,1,suppobox,2025-01-02T16:55:00
host420.xbwvh.com,0,benign,2025-01-01T07:00:00
bing.com,0,benign,2025-01-02T08:46:00
fromforhave.net,1,suppobox,2025-01-03T08:26:00
wdxjo.net,1,conficker,2025-01-02T08:56:00
rsostleoboqf.com,1,kraken,2025-01-02T21:26:00
forthethe.net,1,suppobox,2025-01-03T06:38:00
wmabnqi819x.org,1,generic,2025-01-03T10:53:00
host2418.pkkdv.com,0,benign,2025-01-02T16:18:00
thisnotand.net,1,suppobox,2025-01-02T21:58:00
a5r0mfb7k4jjv2vzb.net,1,generic,2025-01-03T19:09:00
host3877.vepki.com,0,benign,2025-01-03T16:37:00
duesx.net,1,conficker,2025-01-01T01:38:00
host2618.qatat.com,0,benign,2025-01-02T19:38:00
host3375.usqio.com,0,benign,2025-01-03T08:15:00
host3059.ermxq.com,0,benign,2025-01-03T02:59:00
myfdq61.info,1,cryptolocker,2025-01-04T02:31:00
host4951.coydc.com,0,benign,2025-01-04T10:31:00
host2950.ftyxg.com,0,benign,2025-01-03T01:10:00
host2637.grrwe.com,0,benign,2025-01-02T19:57:00
host223.byxgh.com,0,benign,2025-01-01T03:43:00
jw39smmk.tk,1,generic,2025-01-03T04:27:00
host561.ivrvb.com,0,benign,2025-01-01T09:21:00
host2780.rbdey.com,0,benign,2025-01-02T22:20:00
withbutthe.net,1,suppobox,2025-01-01T03:04:00
yvwwpz.net,1,conficker,2025-01-03T07:29:00
ax47odq.biz,1,cryptolocker,2025-01-03T14:45:00
amazon.com,0,benign,2025-01-01T16:25:00
skqyysenxfhx.com,1,kraken,2025-01-01T23:02:00
thatfrombut.net,1,suppobox,2025-01-04T00:07:00
host4917.ivupe.com,0,benign,2025-01-04T09:57:00
rz2qge5.ru,1,cryptolocker,2025-01-03T07:00:00
host717.uewpy.com,0,benign,2025-01-01T11:57:00
host1067.guhnk.com,0,benign,2025-01-01T17:47:00
thisfrombut.net,1,suppobox,2025-01-04T06:54:00
thatthisfor.net,1,suppobox,2025-01-04T02:34:00
havebutfrom.net,1,suppobox,2025-01-02T10:49:00
mhbkj7a59stn5lbcjt.info,1,generic,2025-01-03T12:33:00
host2605.vcuxa.com,0,benign,2025-01-02T19:25:00
host3395.lzbqi.com,0,benign,2025-01-03T08:35:00
host3414.tlwij.com,0,benign,2025-01-03T08:54:00
doxrtdjjktyz.com,1,kraken,2025-01-01T23:19:00
host238.fiwjr.com,0,benign,2025-01-01T03:58:00
host1774.vvzvy.com,0,benign,2025-01-02T05:34:00
eldertree.org,1,matsnu,2025-01-01T01:15:00
host552.treni.com,0,benign,2025-01-01T09:12:00
apple.com,0,benign,2025-01-02T18:46:00
host549.lqmcq.com,0,benign,2025-01-01T09:09:00
salesforce.com,0,benign,2025-01-03T13:58:00
urcrakdvhlyi.com,1,kraken,2025-01-04T08:30:00
host4438.rwqru.com,0,benign,2025-01-04T01:58:00
host3361.azlzl.com,0,benign,2025-01-03T08:01:00
youthatthe.net,1,suppobox,2025-01-03T07:27:00
yahoo.com,0,benign,2025-01-01T11:02:00
host2222.dunfn.com,0,benign,2025-01-02T13:02:00
host4849.acgiz.com,0,benign,2025-01-04T08:49:00
host3406.kunzz.com,0,benign,2025-01-03T08:46:00
facebook.com,0,benign,2025-01-01T00:50:00
google.com,0,benign,2025-01-04T08:53:00
bhvfgzg.net,1,conficker,2025-01-03T18:29:00
fvkveu86e.org,1,generic,2025-01-03T02:46:00
host4970.bljpy.com,0,benign,2025-01-04T10:50:00
sjpvhu.net,1,conficker,2025-01-02T23:45:00
host4435.yqklg.com,0,benign,2025-01-04T01:55:00
dyovv.net,1,conficker,2025-01-01T18:15:00
host649.maeio.com,0,benign,2025-01-01T10:49:00
host1341.vmlie.com,0,benign,2025-01-01T22:21:00
host3212.hannu.com,0,benign,2025-01-03T05:32:00
ufrshe.net,1,conficker,2025-01-03T21:43:00
kzrclzxwnysm.com,1,kraken,2025-01-04T02:14:00
jniowdxm.net,1,conficker,2025-01-03T15:20:00
fsbpkz9qklbb7219v43v.net,1,generic,2025-01-02T23:23:00
host4408.kwclc.com,0,benign,2025-01-04T01:28:00
host3930.zbchk.com,0,benign,2025-01-03T17:30:00
host90.cbnek.com,0,benign,2025-01-01T01:30:00
host2160.phwon.com,0,benign,2025-01-02T12:00:00
36meyddbz4.net,1,generic,2025-01-01T03:48:00
haveyouyou.net,1,suppobox,2025-01-03T13:21:00
host4052.bdhss.com,0,benign,2025-01-03T19:32:00
bisaleldrhpt.com,1,kraken,2025-01-03T13:02:00
xxxqf.net,1,conficker,2025-01-03T23:56:00
figcherry.org,1,matsnu,2025-01-03T05:28:00
butbutwith.net,1,suppobox,2025-01-03T01:35:00
host111.ciqsh.com,0,benign,2025-01-01T01:51:00
host1154.toowt.com,0,benign,2025-01-01T19:14:00
j9hbmy3javdujhbgqa.tk,1,generic,2025-01-01T09:18:00
6ryc3yd.biz,1,cryptolocker,2025-01-01T09:33:00
host1379.jgfdo.com,0,benign,2025-01-01T22:59:00
host4091.rutey.com,0,benign,2025-01-03T20:11:00
host1415.rktlo.com,0,benign,2025-01-01T23:35:00
8292gj98.cn,1,generic,2025-01-02T04:33:00
figtree.org,1,matsnu,2025-01-04T10:59:00
host1963.gmwzc.com,0,benign,2025-01-02T08:43:00
2l9qgtk.info,1,cryptolocker,2025-01-02T20:56:00
htpjnydkcyam.com,1,kraken,2025-01-01T12:54:00
linkedin.com,0,benign,2025-01-04T01:54:00
havethathave.net,1,suppobox,2025-01-02T23:41:00
theandthis.net,1,suppobox,2025-01-01T07:13:00
host2043.wcypb.com,0,benign,2025-01-02T10:03:00
linkedin.com,0,benign,2025-01-02T08:10:00
hishavehave.net,1,suppobox,2025-01-03T04:19:00
anedqawgtrdt.com,1,kraken,2025-01-04T07:25:00
host4602.zpkox.com,0,benign,2025-01-04T04:42:00
host3649.zymkg.com,0,benign,2025-01-03T12:49:00
host3318.gcmlm.com,0,benign,2025-01-03T07:18:00
host2624.fnhhr.com,0,benign,2025-01-02T19:44:00
host4145.dzylu.com,0,benign,2025-01-03T21:05:00
epa1zys.info,1,cryptolocker,2025-01-01T21:53:00
host2244.orhxk.com,0,benign,2025-01-02T13:24:00
thetheythis.net,1,suppobox,2025-01-01T12:57:00
notbuthis.net,1,suppobox,2025-01-03T16:49:00
nyl8w9g.info,1,cryptolocker,2025-01-02T11:05:00
hrlwlhpwkubk.com,1,kraken,2025-01-02T19:37:00
host3452.cyeie.com,0,benign,2025-01-03T09:32:00
host4349.kkenw.com,0,benign,2025-01-04T00:29:00
host2385.cfeng.com,0,benign,2025-01-02T15:45:00
host1196.lukpy.com,0,benign,2025-01-01T19:56:00
2rgjena.ru,1,cryptolocker,2025-01-03T04:36:00
uhqvhum0yltbpo2ibml.org,1,generic,2025-01-01T10:04:00
cherryapple.org,1,matsnu,2025-01-03T10:06:00
figdate.org,1,matsnu,2025-01-03T06:28:00
host3343.aywsb.com,0,benign,2025-01-03T07:43:00
host2432.hyyvo.com,0,benign,2025-01-02T16:32:00
aws.amazon.com,0,benign,2025-01-03T15:28:00
host3633.axydp.com,0,benign,2025-01-03T12:33:00
lslygsudbvsd.com,1,kraken,2025-01-02T01:02:00
firetree.org,1,matsnu,2025-01-03T01:28:00
linkedin.com,0,benign,2025-01-01T15:00:00
office.com,0,benign,2025-01-01T02:13:00
grapeelder.org,1,matsnu,2025-01-03T08:59:00
tyeqtcbu.net,1,conficker,2025-01-03T02:01:00
host2719.ujbjn.com,0,benign,2025-01-02T21:19:00
12zip12m9ah7cl.cn,1,generic,2025-01-01T04:23:00
xfgsuwhwgeuc.com,1,kraken,2025-01-01T15:16:00
treegrape.org,1,matsnu,2025-01-02T04:11:00
host4788.wnbjf.com,0,benign,2025-01-04T07:48:00
datestone.org,1,matsnu,2025-01-04T00:01:00
kmxptp.net,1,conficker,2025-01-01T10:16:00
office.com,0,benign,2025-01-01T21:28:00
ua4bqjf.biz,1,cryptolocker,2025-01-02T01:15:00
dosfrc2x7ju2tkxkp6.info,1,generic,2025-01-01T20:17:00
tjoeezqm.net,1,conficker,2025-01-04T09:27:00
xnixjaiaohrt.com,1,kraken,2025-01-03T00:15:00
linkedin.com,0,benign,2025-01-03T09:31:00
dbizhg7.info,1,cryptolocker,2025-01-02T21:16:00
host2693.vysyy.com,0,benign,2025-01-02T20:53:00
treefig.org,1,matsnu,2025-01-02T17:58:00
host1714.zukeh.com,0,benign,2025-01-02T04:34:00
host214.xpbis.com,0,benign,2025-01-01T03:34:00
ctavpbsklxtu.com,1,kraken,2025-01-02T02:55:00
azure.com,0,benign,2025-01-03T07:11:00
pvikxbw.biz,1,cryptolocker,2025-01-04T08:13:00
host3426.tvhhw.com,0,benign,2025-01-03T09:06:00
il5ulggwa7ctevpkdcb.cn,1,generic,2025-01-04T07:58:00
fromforyou.net,1,suppobox,2025-01-03T06:02:00
host2936.nazxn.com,0,benign,2025-01-03T00:56:00
apple.com,0,benign,2025-01-03T19:04:00
host957.ajlgp.com,0,benign,2025-01-01T15:57:00
linkedin.com,0,benign,2025-01-03T22:59:00
bananaelder.org,1,matsnu,2025-01-02T09:37:00
h8y2fczrzc221e13.tk,1,generic,2025-01-01T00:45:00
stonefig.org,1,matsnu,2025-01-01T12:52:00
host1267.daebq.com,0,benign,2025-01-01T21:07:00
nuwkvmis.net,1,conficker,2025-01-03T23:09:00
host3478.dygjs.com,0,benign,2025-01-03T09:58:00
maowib.net,1,conficker,2025-01-02T15:20:00
skskg3h0p.ru,1,generic,2025-01-03T22:43:00
viymh.net,1,conficker,2025-01-02T08:09:00
leknjqkysreu.com,1,kraken,2025-01-03T01:11:00
il0sboqqciisd2.ru,1,generic,2025-01-01T12:53:00
afoezydhkicz.com,1,kraken,2025-01-02T20:20:00
0dl2p49.biz,1,cryptolocker,2025-01-03T16:44:00
dateapple.org,1,matsnu,2025-01-04T04:58:00
host262.bwpkd.com,0,benign,2025-01-01T04:22:00
host744.qyuhb.com,0,benign,2025-01-01T12:24:00
foikqb.net,1,conficker,2025-01-03T09:13:00
elderfig.org,1,matsnu,2025-01-03T06:27:00
ghqbkic.net,1,conficker,2025-01-04T05:21:00
iwyguh.net,1,conficker,2025-01-01T08:38:00
mbrexsof.net,1,conficker,2025-01-03T23:14:00
host1770.kibae.com,0,benign,2025-01-02T05:30:00
host1676.xyuvo.com,0,benign,2025-01-02T03:56:00
rockbanana.org,1,matsnu,2025-01-01T19:59:00
host1468.idxjo.com,0,benign,2025-01-02T00:28:00
host493.zsooi.com,0,benign,2025-01-01T08:13:00
zbrhpqtljqgt.com,1,kraken,2025-01-03T14:44:00
to9ty38gg.biz,1,generic,2025-01-02T06:57:00
ctwhwxrzhsrt.com,1,kraken,2025-01-02T12:42:00
xbnkgu.net,1,conficker,2025-01-02T01:09:00
host3524.zrwcw.com,0,benign,2025-01-03T10:44:00
host76.weetm.com,0,benign,2025-01-01T01:16:00
host1819.tcmwo.com,0,benign,2025-01-02T06:19:00
theythatfor.net,1,suppobox,2025-01-01T09:48:00
mqwsuxb.net,1,conficker,2025-01-02T13:11:00
apple.co,0,benign,2025-01-01T19:43:00
apple.co,0,benign,2025-01-04T03:34:00
andnotnot.net,1,suppobox,2025-01-01T13:34:00
yvjeujlg.net,1,conficker,2025-01-01T01:56:00
wikipedia.org,0,benign,2025-01-04T04:22:00
host4984.xpcwg.com,0,benign,2025-01-04T11:04:00
d7r0sm3f2.biz,1,generic,2025-01-03T03:06:00
wyaloxapbkxa.com,1,kraken,2025-01-01T10:18:00
host2095.dompw.com,0,benign,2025-01-02T10:55:00
grapedate.org,1,matsnu,2025-01-04T08:32:00
suvvjvix.net,1,conficker,2025-01-04T01:02:00
grapeelder.org,1,matsnu,2025-01-01T07:07:00
host3501.gybhf.com,0,benign,2025-01-03T10:21:00
h6v63p2.biz,1,cryptolocker,2025-01-01T17:00:00
hzvxswnarvnh.com,1,kraken,2025-01-03T06:18:00
2b5nyvix91y879e.ru,1,generic,2025-01-01T21:37:00
amazon.com,0,benign,2025-01-02T05:32:00
d3mogcj.info,1,cryptolocker,2025-01-02T09:09:00
xa6woo5.ru,1,cryptolocker,2025-01-01T13:14:00
7sjo2x1k7p5dm.org,1,generic,2025-01-04T01:36:00
1vespmt.biz,1,cryptolocker,2025-01-02T12:05:00
slack.com,0,benign,2025-01-03T15:12:00
evypnhn.net,1,conficker,2025-01-03T08:16:00
host740.ggsua.com,0,benign,2025-01-01T12:20:00
wtwixdzehvko.com,1,kraken,2025-01-01T05:22:00
xn4xy5qac2pjidk9d2.ru,1,generic,2025-01-01T19:54:00
kennjaxpuvty.com,1,kraken,2025-01-02T21:48:00
watergrape.org,1,matsnu,2025-01-03T07:46:00
oyskslx.net,1,conficker,2025-01-01T18:19:00
host499.vleqc.com,0,benign,2025-01-01T08:19:00
host3712.pskea.com,0,benign,2025-01-03T13:52:00
host4976.dwgrf.com,0,benign,2025-01-04T10:56:00
cg18t2s.info,1,cryptolocker,2025-01-01T07:52:00
host977.eielu.com,0,benign,2025-01-01T16:17:00
host5.wocos.com,0,benign,2025-01-01T00:05:00
host3579.nwaqr.com,0,benign,2025-01-03T11:39:00
host640.krwpu.com,0,benign,2025-01-01T10:40:00
host2402.kmtaq.com,0,benign,2025-01-02T16:02:00
xb1g6c8.biz,1,cryptolocker,2025-01-03T22:34:00
lrwsqui.net,1,conficker,2025-01-03T15:15:00
8ldv1ap.biz,1,cryptolocker,2025-01-02T02:26:00
slztrqumlhsq.com,1,kraken,2025-01-02T23:12:00
theyhisfrom.net,1,suppobox,2025-01-04T04:43:00
host3250.hoxjy.com,0,benign,2025-01-03T06:10:00
hishisthis.net,1,suppobox,2025-01-02T08:57:00
5ncen33.info,1,cryptolocker,2025-01-03T19:20:00
host4226.cojnp.com,0,benign,2025-01-03T22:26:00
host3502.lsone.com,0,benign,2025-01-03T10:22:00
1cs3zkv8nb7fw9b26i7m.ru,1,generic,2025-01-02T20:42:00
host4363.axqjs.com,0,benign,2025-01-04T00:43:00
wc15fdn.ru,1,cryptolocker,2025-01-02T23:02:00
salesforce.com,0,benign,2025-01-02T22:00:00
microsoft.com,0,benign,2025-01-03T23:43:00
pushiizdlasa.com,1,kraken,2025-01-03T06:58:00
host3350.yabre.com,0,benign,2025-01-03T07:50:00
kuqadvsa.net,1,conficker,2025-01-02T12:45:00
cherrycherry.org,1,matsnu,2025-01-04T10:39:00
bananacherry.org,1,matsnu,2025-01-04T06:16:00
r9yavyq.info,1,cryptolocker,2025-01-03T11:46:00
efqpjer.net,1,conficker,2025-01-03T00:07:00
firewater.org,1,matsnu,2025-01-03T06:12:00
salesforce.com,0,benign,2025-01-03T06:31:00
host2787.vlcrd.com,0,benign,2025-01-02T22:27:00
wlbomtf.net,1,conficker,2025-01-03T16:07:00
host4403.tbmps.com,0,benign,2025-01-04T01:23:00
ohgjawad.net,1,conficker,2025-01-02T10:30:00
inklxncqcfxno4yw56.info,1,generic,2025-01-01T00:09:00
host874.vjhou.com,0,benign,2025-01-01T14:34:00
i1584u6.info,1,cryptolocker,2025-01-01T19:13:00
xn3hubr9a.org,1,generic,2025-01-04T00:40:00
fkfghtzw.net,1,conficker,2025-01-01T18:52:00
facebook.com,0,benign,2025-01-03T23:25:00
host2059.epged.com,0,benign,2025-01-02T10:19:00
host3657.wcdpp.com,0,benign,2025-01-03T12:57:00
stonedate.org,1,matsnu,2025-01-01T22:16:00
izsyb3j.info,1,cryptolocker,2025-01-01T11:28:00
host4105.mjvdr.com,0,benign,2025-01-03T20:25:00
host1898.tiqap.com,0,benign,2025-01-02T07:38:00
notyouand.net,1,suppobox,2025-01-03T19:25:00
fhsnnp.net,1,conficker,2025-01-03T16:28:00
host465.dghqm.com,0,benign,2025-01-01T07:45:00
host1432.utesu.com,0,benign,2025-01-01T23:52:00
o4ahww4pjfwcs2.org,1,generic,2025-01-03T17:27:00
host1445.gvtpl.com,0,benign,2025-01-02T00:05:00
host4384.lvmop.com,0,benign,2025-01-04T01:04:00
zoom.us,0,benign,2025-01-02T11:11:00
host2478.qiotj.com,0,benign,2025-01-02T17:18:00
yimteeqwknxa.com,1,kraken,2025-01-03T02:27:00
thattheand.net,1,suppobox,2025-01-01T02:26:00
host2700.hzzmz.com,0,benign,2025-01-02T21:00:00
host491.kzzxs.com,0,benign,2025-01-01T08:11:00
office.com,0,benign,2025-01-04T09:24:00
wikipedia.org,0,benign,2025-01-01T02:06:00
gbcvdhw.net,1,conficker,2025-01-03T16:09:00
aqavjqyl.net,1,conficker,2025-01-02T16:43:00
uwwohzs.info,1,cryptolocker,2025-01-03T22:59:00
lxsaa5kx.ru,1,generic,2025-01-01T12:22:00
lfak2r9h11jghrb.ru,1,generic,2025-01-02T19:55:00
sahgbdqfqyel.com,1,kraken,2025-01-03T20:11:00
grapeelder.org,1,matsnu,2025-01-03T05:37:00
gvilodhhynmj.com,1,kraken,2025-01-01T01:54:00
host2009.fbpmg.com,0,benign,2025-01-02T09:29:00
fwz4drm0j.info,1,generic,2025-01-02T03:01:00
kg16q9pzlhd1c0kta.com,1,generic,2025-01-03T18:06:00
host634.cxena.com,0,benign,2025-01-01T10:34:00
ywrmtzqruapl.com,1,kraken,2025-01-03T09:34:00
mchfqgmuqftg.com,1,kraken,2025-01-01T18:18:00
host3728.udutm.com,0,benign,2025-01-03T14:08:00
p4hb4c5nng4xc.ru,1,generic,2025-01-01T14:02:00
watergrape.org,1,matsnu,2025-01-01T13:47:00
host1413.wbwee.com,0,benign,2025-01-01T23:33:00
aws.amazon.com,0,benign,2025-01-02T11:29:00
host3730.nsres.com,0,benign,2025-01-03T14:10:00
cherrybanana.org,1,matsnu,2025-01-02T21:43:00
host382.thumv.com,0,benign,2025-01-01T06:22:00
r0oij6d.biz,1,cryptolocker,2025-01-01T12:47:00
host1570.nwkpl.com,0,benign,2025-01-02T02:10:00
host1016.batcf.com,0,benign,2025-01-01T16:56:00
rvquey6iao.info,1,generic,2025-01-04T04:26:00
eqvbeg.net,1,conficker,2025-01-02T20:49:00
waterstone.org,1,matsnu,2025-01-02T21:05:00
host761.ekclr.com,0,benign,2025-01-01T12:41:00
microsoft.com,0,benign,2025-01-03T10:28:00
applecherry.org,1,matsnu,2025-01-02T13:29:00
host2595.wznan.com,0,benign,2025-01-02T19:15:00
host4916.lezfe.com,0,benign,2025-01-04T09:56:00
host4749.bgibx.com,0,benign,2025-01-04T07:09:00
p2qea5er.biz,1,generic,2025-01-03T00:26:00
host591.mrgiw.com,0,benign,2025-01-01T09:51:00
mfwlw.net,1,conficker,2025-01-02T10:24:00
bing.com,0,benign,2025-01-03T02:46:00
nqmbihl.net,1,conficker,2025-01-03T19:11:00
host2263.mypmk.com,0,benign,2025-01-02T13:43:00
bcuwtgfa.net,1,conficker,2025-01-03T19:45:00
host4724.dagyu.com,0,benign,2025-01-04T06:44:00
zoom.us,0,benign,2025-01-01T17:50:00
host2149.bzlhf.com,0,benign,2025-01-02T11:49:00
nnmo83y.ru,1,cryptolocker,2025-01-03T21:18:00
bivsye.net,1,conficker,2025-01-01T17:34:00
havethehave.net,1,suppobox,2025-01-03T01:09:00
google.com,0,benign,2025-01-01T22:27:00
n8y9cvei6q90w.org,1,generic,2025-01-04T08:10:00
nzng1ym8bcz84luz.biz,1,generic,2025-01-03T02:07:00
fromthisyou.net,1,suppobox,2025-01-04T04:44:00
host1999.kugmx.com,0,benign,2025-01-02T09:19:00
svtsvkkkxsuz.com,1,kraken,2025-01-03T04:29:00
histhebut.net,1,suppobox,2025-01-02T05:55:00
7kevc8m.biz,1,cryptolocker,2025-01-03T09:11:00
host3160.ssebq.com,0,benign,2025-01-03T04:40:00
host1680.jjwzh.com,0,benign,2025-01-02T04:00:00
github.com,0,benign,2025-01-01T04:38:00
dqorbjmg.net,1,conficker,2025-01-01T17:03:00
89o2fvc.info,1,cryptolocker,2025-01-02T09:13:00
host2411.sjfms.com,0,benign,2025-01-02T16:11:00
host647.qfdwo.com,0,benign,2025-01-01T10:47:00
youhavewith.net,1,suppobox,2025-01-03T16:00:00
host1717.hyhhu.com,0,benign,2025-01-02T04:37:00
cmxaepaptbqf.com,1,kraken,2025-01-04T07:28:00
treegrape.org,1,matsnu,2025-01-02T13:40:00
thefromthey.net,1,suppobox,2025-01-03T16:19:00
host3814.qahrf.com,0,benign,2025-01-03T15:34:00
z03oyxri.org,1,generic,2025-01-01T21:18:00
grapegrape.org,1,matsnu,2025-01-03T01:47:00
cherrydate.org,1,matsnu,2025-01-03T12:53:00
apple.com,0,benign,2025-01-02T06:58:00
youhisbut.net,1,suppobox,2025-01-03T03:30:00
kserijlhtnv83u.org,1,generic,2025-01-04T03:21:00
host261.krgsn.com,0,benign,2025-01-01T04:21:00
6e09whgpymr14olu.cn,1,generic,2025-01-01T03:24:00
host3127.mvrsw.com,0,benign,2025-01-03T04:07:00
host4521.rwhnu.com,0,benign,2025-01-04T03:21:00
host4786.xlzyy.com,0,benign,2025-01-04T07:46:00
hoknsudtsppo.com,1,kraken,2025-01-03T00:39:00
host1763.jgvaz.com,0,benign,2025-01-02T05:23:00
slack.com,0,benign,2025-01-01T11:10:00
notforwith.net,1,suppobox,2025-01-01T22:00:00
bananagrape.org,1,matsnu,2025-01-03T00:33:00
host1031.lqiit.com,0,benign,2025-01-01T17:11:00
gfdix.net,1,conficker,2025-01-03T16:59:00
host482.tbptf.com,0,benign,2025-01-01T08:02:00
figcherry.org,1,matsnu,2025-01-03T21:11:00
host695.qpmmu.com,0,benign,2025-01-01T11:35:00
rlubi.net,1,conficker,2025-01-04T01:35:00
kguagjs.net,1,conficker,2025-01-01T23:12:00
y0vq98k.info,1,cryptolocker,2025-01-03T02:09:00
grapebanana.org,1,matsnu,2025-01-01T07:03:00
host2002.umuyy.com,0,benign,2025-01-02T09:22:00
tibyesmd.net,1,conficker,2025-01-04T10:04:00
host1935.mjlzm.com,0,benign,2025-01-02T08:15:00
host909.azfmq.com,0,benign,2025-01-01T15:09:00
host2128.ixhmj.com,0,benign,2025-01-02T11:28:00
ifp8zed.biz,1,cryptolocker,2025-01-03T18:01:00
host1969.qfaep.com,0,benign,2025-01-02T08:49:00
host4641.wodpf.com,0,benign,2025-01-04T05:21:00
host1393.certb.com,0,benign,2025-01-01T23:13:00
b8m5em1.biz,1,cryptolocker,2025-01-04T02:27:00
aws.amazon.com,0,benign,2025-01-02T20:43:00
google.com,0,benign,2025-01-03T16:56:00
dateapple.org,1,matsnu,2025-01-04T07:31:00
vhqbtkpfpkgu.com,1,kraken,2025-01-01T20:45:00
withthefor.net,1,suppobox,2025-01-01T05:48:00
cherrywater.org,1,matsnu,2025-01-04T04:38:00
agvxg8ows67.tk,1,generic,2025-01-01T22:41:00
host1928.ktzsk.com,0,benign,2025-01-02T08:08:00
host2831.syivs.com,0,benign,2025-01-02T23:11:00
withwithhave.net,1,suppobox,2025-01-01T05:03:00
host2380.azncz.com,0,benign,2025-01-02T15:40:00
eldergrape.org,1,matsnu,2025-01-04T09:56:00
host3069.dxdrc.com,0,benign,2025-01-03T03:09:00
host4163.lyuis.com,0,benign,2025-01-03T21:23:00
theyandthat.net,1,suppobox,2025-01-03T08:08:00
ah7geq5.info,1,cryptolocker,2025-01-01T03:02:00
yahoo.com,0,benign,2025-01-03T21:17:00
figfig.org,1,matsnu,2025-01-03T06:36:00
host3869.ittdo.com,0,benign,2025-01-03T16:29:00
fortheyhave.net,1,suppobox,2025-01-02T20:23:00
fnba7yy.ru,1,cryptolocker,2025-01-02T23:22:00
host4389.dxjof.com,0,benign,2025-01-04T01:09:00
rwbutbzosjbo.com,1,kraken,2025-01-03T22:10:00
host884.cbvgm.com,0,benign,2025-01-01T14:44:00
host4692.ouynh.com,0,benign,2025-01-04T06:12:00
fynowdn.net,1,conficker,2025-01-03T09:59:00
host612.prmqg.com,0,benign,2025-01-01T10:12:00
mywev9ed88cug.ru,1,generic,2025-01-02T16:46:00
stoneelder.org,1,matsnu,2025-01-02T10:32:00
6v555yu.biz,1,cryptolocker,2025-01-03T17:48:00
qalbj.net,1,conficker,2025-01-03T12:26:00
aws.amazon.com,0,benign,2025-01-01T06:26:00
azure.com,0,benign,2025-01-03T19:39:00
s7dnp6f.biz,1,cryptolocker,2025-01-03T10:58:00
host4945.yyvpl.com,0,benign,2025-01-04T10:25:00
figgrape.org,1,matsnu,2025-01-03T02:48:00
1ggnney.biz,1,cryptolocker,2025-01-02T10:17:00
hishisthey.net,1,suppobox,2025-01-02T11:03:00
thatnotnot.net,1,suppobox,2025-01-03T11:36:00
host1177.lvwwm.com,0,benign,2025-01-01T19:37:00
host1944.rqdiv.com,0,benign,2025-01-02T08:24:00
cloudflare.com,0,benign,2025-01-03T04:54:00
host2663.lonxj.com,0,benign,2025-01-02T20:23:00
host1806.ynppi.com,0,benign,2025-01-02T06:06:00
host1122.rijhg.com,0,benign,2025-01-01T18:42:00
applestone.org,1,matsnu,2025-01-02T13:05:00
host4165.cpsvy.com,0,benign,2025-01-03T21:25:00
live.com,0,benign,2025-01-03T11:19:00
host2747.sqlyc.com,0,benign,2025-01-02T21:47:00
ammnrgkobsut.com,1,kraken,2025-01-01T15:47:00
host2028.jmdse.com,0,benign,2025-01-02T09:48:00
host1474.ibbzf.com,0,benign,2025-01-02T00:34:00
host1734.hunfq.com,0,benign,2025-01-02T04:54:00
treeelder.org,1,matsnu,2025-01-01T23:03:00
jdqpzltx.net,1,conficker,2025-01-01T16:34:00
google.com,0,benign,2025-01-03T05:40:00
znfbfhnejbhu.com,1,kraken,2025-01-01T18:00:00
butforthey.net,1,suppobox,2025-01-03T10:57:00
host979.quvmc.com,0,benign,2025-01-01T16:19:00
host2812.tyayw.com,0,benign,2025-01-02T22:52:00
host3786.igssi.com,0,benign,2025-01-03T15:06:00
host4922.tgkqk.com,0,benign,2025-01-04T10:02:00
host870.gmluj.com,0,benign,2025-01-01T14:30:00
megdt.net,1,conficker,2025-01-01T00:57:00
host2077.edaht.com,0,benign,2025-01-02T10:37:00
office.com,0,benign,2025-01-04T00:48:00
host4256.kornm.com,0,benign,2025-01-03T22:56:00
yepwtft3we6ma.cn,1,generic,2025-01-02T05:16:00
host1849.hbzle.com,0,benign,2025-01-02T06:49:00
host852.jqcep.com,0,benign,2025-01-01T14:12:00
bananafig.org,1,matsnu,2025-01-02T04:13:00
lzyzcokmehfb.com,1,kraken,2025-01-04T06:15:00
host608.sodyu.com,0,benign,2025-01-01T10:08:00
salesforce.com,0,benign,2025-01-04T04:48:00
host1467.cidvj.com,0,benign,2025-01-02T00:27:00
2h66yi2o.ru,1,generic,2025-01-04T03:24:00
bananaelder.org,1,matsnu,2025-01-01T09:02:00
host291.gbwly.com,0,benign,2025-01-01T04:51:00
waterfire.org,1,matsnu,2025-01-02T12:10:00
host4263.ctysd.com,0,benign,2025-01-03T23:03:00
host1874.zyjeh.com,0,benign,2025-01-02T07:14:00
host1919.kmcne.com,0,benign,2025-01-02T07:59:00
host4210.vnzgo.com,0,benign,2025-01-03T22:10:00
aggsdjkdrynt.com,1,kraken,2025-01-02T20:03:00
host2372.tsnyt.com,0,benign,2025-01-02T15:32:00
host4186.kgxto.com,0,benign,2025-01-03T21:46:00
knmzbmjskvlz.com,1,kraken,2025-01-03T03:35:00
facebook.com,0,benign,2025-01-04T03:06:00
bananafig.org,1,matsnu,2025-01-01T18:27:00
oqnygmctmqig.com,1,kraken,2025-01-03T03:42:00
fromandhave.net,1,suppobox,2025-01-01T19:56:00
waterrock.org,1,matsnu,2025-01-03T06:57:00
live.com,0,benign,2025-01-04T10:09:00
host578.nsohk.com,0,benign,2025-01-01T09:38:00
rzyifkzqestm.com,1,kraken,2025-01-01T23:44:00
rsmtohsy.net,1,conficker,2025-01-01T08:08:00
7adfsy7.info,1,cryptolocker,2025-01-01T19:09:00
host2137.oselm.com,0,benign,2025-01-02T11:37:00
host741.smcvx.com,0,benign,2025-01-01T12:21:00
withyouhis.net,1,suppobox,2025-01-01T14:29:00
host911.mxlog.com,0,benign,2025-01-01T15:11:00
yyvktbsfgrgm.com,1,kraken,2025-01-01T19:51:00
host4282.lpmcj.com,0,benign,2025-01-03T23:22:00
kidbfyoehpok.com,1,kraken,2025-01-01T20:05:00
figelder.org,1,matsnu,2025-01-04T04:06:00
wxrwnpixzhdg.com,1,kraken,2025-01-03T03:02:00
notthisyou.net,1,suppobox,2025-01-03T00:19:00
firecherry.org,1,matsnu,2025-01-03T12:03:00
4amnmqg.ru,1,cryptolocker,2025-01-04T00:02:00
hisnotthey.net,1,suppobox,2025-01-02T01:58:00
cvhgr.net,1,conficker,2025-01-02T08:21:00
host945.kaoqr.com,0,benign,2025-01-01T15:45:00
host312.lndic.com,0,benign,2025-01-01T05:12:00
host2774.gbgbq.com,0,benign,2025-01-02T22:14:00
host1927.depwn.com,0,benign,2025-01-02T08:07:00
host2615.ihnvq.com,0,benign,2025-01-02T19:35:00
mjcyeuymrwmz.com,1,kraken,2025-01-02T16:26:00
host1568.ybsxm.com,0,benign,2025-01-02T02:08:00
jwkvjnu.net,1,conficker,2025-01-04T03:26:00
cloudflare.com,0,benign,2025-01-03T20:05:00
waterstone.org,1,matsnu,2025-01-03T04:00:00
host944.ngsyo.com,0,benign,2025-01-01T15:44:00
nothavehave.net,1,suppobox,2025-01-01T18:51:00
theyhishis.net,1,suppobox,2025-01-02T07:46:00
y5amxer9h6.cn,1,generic,2025-01-02T09:50:00
host439.uueyh.com,0,benign,2025-01-01T07:19:00
host772.xrkwk.com,0,benign,2025-01-01T12:52:00
withforand.net,1,suppobox,2025-01-04T07:12:00
3u99epo.info,1,cryptolocker,2025-01-02T08:39:00
host4060.iyaeb.com,0,benign,2025-01-03T19:40:00
q3aewd5.biz,1,cryptolocker,2025-01-03T02:03:00
cloudflare.com,0,benign,2025-01-01T13:39:00
thisthefrom.net,1,suppobox,2025-01-02T13:53:00
lhl3ra4psqxkvb.org,1,generic,2025-01-01T00:47:00
cherrygrape.org,1,matsnu,2025-01-03T14:55:00
host4189.eonja.com,0,benign,2025-01-03T21:49:00
w4lzitjthn.com,1,generic,2025-01-04T10:14:00
live.com,0,benign,2025-01-03T02:27:00
pmtuemdxvzyj.com,1,kraken,2025-01-03T03:32:00
azure.com,0,benign,2025-01-03T22:40:00
vj60a21.info,1,cryptolocker,2025-01-03T22:16:00
ekrrxyhenqdu.com,1,kraken,2025-01-04T06:24:00
host4178.yksvx.com,0,benign,2025-01-03T21:38:00
es63nzs.biz,1,cryptolocker,2025-01-01T18:56:00
host4774.wwupl.com,0,benign,2025-01-04T07:34:00
netflix.com,0,benign,2025-01-01T14:24:00
apple.co,0,benign,2025-01-04T00:33:00
host174.oagnq.com,0,benign,2025-01-01T02:54:00
google.com,0,benign,2025-01-02T03:41:00
notbutthey.net,1,suppobox,2025-01-02T14:33:00
pacpvwwufxap.com,1,kraken,2025-01-03T06:04:00
96hjtcue552tx2l.tk,1,generic,2025-01-02T19:25:00
vuqsnaqomwyw.com,1,kraken,2025-01-02T09:00:00
gtqloui.net,1,conficker,2025-01-02T00:01:00
fjatjasj.net,1,conficker,2025-01-01T22:04:00
host705.yejfj.com,0,benign,2025-01-01T11:45:00
mbtpbwln2xiu9x.ru,1,generic,2025-01-02T13:28:00
lieis.net,1,conficker,2025-01-03T03:22:00
ltkhwnzf.net,1,conficker,2025-01-01T07:34:00
thatwithhis.net,1,suppobox,2025-01-01T21:02:00
slack.com,0,benign,2025-01-02T03:25:00
ehfd85l.ru,1,cryptolocker,2025-01-03T22:42:00
cherryfire.org,1,matsnu,2025-01-02T06:14:00
host4517.bnkun.com,0,benign,2025-01-04T03:17:00
host1845.rilhs.com,0,benign,2025-01-02T06:45:00
nyenbrle.net,1,conficker,2025-01-02T09:26:00
fvqhgfuaxiu315l.net,1,generic,2025-01-01T16:35:00
host2820.oiosq.com,0,benign,2025-01-02T23:00:00
host4761.gqhfo.com,0,benign,2025-01-04T07:21:00
linkedin.com,0,benign,2025-01-02T09:05:00
jbdj0jz.ru,1,cryptolocker,2025-01-02T18:04:00
waterelder.org,1,matsnu,2025-01-03T03:18:00
wikipedia.org,0,benign,2025-01-03T20:19:00
host3434.oqxov.com,0,benign,2025-01-03T09:14:00
ruhlf0s.biz,1,cryptolocker,2025-01-02T18:37:00
jejhqh.net,1,conficker,2025-01-02T19:32:00
hz1i5jajfgf.com,1,generic,2025-01-02T19:08:00
host961.cmvvg.com,0,benign,2025-01-01T16:01:00
firetree.org,1,matsnu,2025-01-03T16:18:00
rockfire.org,1,matsnu,2025-01-04T07:51:00
host927.pwjfb.com,0,benign,2025-01-01T15:27:00
asrtovmafddy.com,1,kraken,2025-01-01T05:36:00
host2168.exicu.com,0,benign,2025-01-02T12:08:00
host2016.fymro.com,0,benign,2025-01-02T09:36:00
host424.cbwhq.com,0,benign,2025-01-01T07:04:00
8npqeh7.ru,1,cryptolocker,2025-01-01T17:48:00
host215.tcchd.com,0,benign,2025-01-01T03:35:00
host2088.fumyl.com,0,benign,2025-01-02T10:48:00
host1736.pbsek.com,0,benign,2025-01-02T04:56:00
nhpotmjdvgqm.com,1,kraken,2025-01-04T08:40:00
ymkv6lq.ru,1,cryptolocker,2025-01-02T20:26:00
pwfs5e9bcxwweaw.tk,1,generic,2025-01-02T07:57:00
bing.com,0,benign,2025-01-02T11:08:00
host1008.ofycl.com,0,benign,2025-01-01T16:48:00
github.com,0,benign,2025-01-04T04:40:00
ya75bb5i8x04j42.biz,1,generic,2025-01-02T20:22:00
fromnotthat.net,1,suppobox,2025-01-02T23:05:00
host4152.cysip.com,0,benign,2025-01-03T21:12:00
notthefor.net,1,suppobox,2025-01-02T10:14:00
buttheyyou.net,1,suppobox,2025-01-03T07:38:00
nottheyhave.net,1,suppobox,2025-01-03T10:02:00
vpsjby9np1jvlg55t54.net,1,generic,2025-01-04T06:28:00
vuvrhsbv.net,1,conficker,2025-01-02T15:11:00
forandthat.net,1,suppobox,2025-01-01T02:04:00
tptkkqmtjbfp.com,1,kraken,2025-01-01T16:46:00
l697vhl0sbwhi36ah.net,1,generic,2025-01-02T05:01:00
h1amfsudn2ady.org,1,generic,2025-01-04T11:15:00
fromwithhis.net,1,suppobox,2025-01-03T18:04:00
ohbzwnocyzik.com,1,kraken,2025-01-01T16:30:00
thenotyou.net,1,suppobox,2025-01-01T02:43:00
host4135.gkbvm.com,0,benign,2025-01-03T20:55:00
host1767.zbphc.com,0,benign,2025-01-02T05:27:00
thatnotthis.net,1,suppobox,2025-01-04T07:26:00
host4258.bckia.com,0,benign,2025-01-03T22:58:00
waterrock.org,1,matsnu,2025-01-01T22:42:00
bananabanana.org,1,matsnu,2025-01-02T00:29:00
n4c2uil.biz,1,cryptolocker,2025-01-03T14:40:00
host3516.ufcqp.com,0,benign,2025-01-03T10:36:00
host2386.qirds.com,0,benign,2025-01-02T15:46:00
ne74pt54z28k9pei3fe.net,1,generic,2025-01-03T14:10:00
andhisnot.net,1,suppobox,2025-01-03T00:38:00
stonestone.org,1,matsnu,2025-01-04T06:21:00
host510.fsrwc.com,0,benign,2025-01-01T08:30:00
uymllx.net,1,conficker,2025-01-03T07:54:00
butandthis.net,1,suppobox,2025-01-03T22:57:00
slack.com,0,benign,2025-01-01T05:44:00
lz3miry.biz,1,cryptolocker,2025-01-02T06:19:00
yaelfkb.info,1,cryptolocker,2025-01-02T15:49:00
host2203.dskpl.com,0,benign,2025-01-02T12:43:00
butnothis.net,1,suppobox,2025-01-02T22:58:00
host4244.otcjm.com,0,benign,2025-01-03T22:44:00
host2652.lekkv.com,0,benign,2025-01-02T20:12:00
cloudflare.com,0,benign,2025-01-03T03:10:00
bananaapple.org,1,matsnu,2025-01-02T03:29:00
i71kvjz3ej13d741en.ru,1,generic,2025-01-02T21:49:00
host987.wjbmv.com,0,benign,2025-01-01T16:27:00
tpniksefuilc.com,1,kraken,2025-01-03T21:27:00
pyltcisi.net,1,conficker,2025-01-03T21:57:00
tm2navztofvco6e.ru,1,generic,2025-01-01T11:08:00
host2392.lwxpq.com,0,benign,2025-01-02T15:52:00
theythisthis.net,1,suppobox,2025-01-04T03:49:00
pzw4wro0zyga7idn0bax.net,1,generic,2025-01-02T09:03:00
host2126.ycqrp.com,0,benign,2025-01-02T11:26:00
host2921.jynmw.com,0,benign,2025-01-03T00:41:00
jtlttwrz.net,1,conficker,2025-01-04T08:57:00
host4264.afmzr.com,0,benign,2025-01-03T23:04:00
histheynot.net,1,suppobox,2025-01-01T15:04:00
aursvzjdwxvq.com,1,kraken,2025-01-03T16:52:00
host4445.gzghs.com,0,benign,2025-01-04T02:05:00
withyoufor.net,1,suppobox,2025-01-01T11:57:00
hvxnisuqehym.com,1,kraken,2025-01-02T02:37:00
dlpskninzuc5.org,1,generic,2025-01-01T12:27:00
youthethis.net,1,suppobox,2025-01-01T23:10:00
sbmw22y.ru,1,cryptolocker,2025-01-04T05:48:00
gywhqqdx.net,1,conficker,2025-01-01T06:37:00
qtpkdsu.net,1,conficker,2025-01-01T17:44:00
04q89l2gs.com,1,generic,2025-01-04T08:47:00
esdyjehjgnke.com,1,kraken,2025-01-01T19:35:00
host1204.pybtq.com,0,benign,2025-01-01T20:04:00
host4332.pmfan.com,0,benign,2025-01-04T00:12:00
host4625.abiuq.com,0,benign,2025-01-04T05:05:00
nothavethey.net,1,suppobox,2025-01-02T00:46:00
grapecherry.org,1,matsnu,2025-01-01T20:50:00
host3217.sxowa.com,0,benign,2025-01-03T05:37:00
s11ycpi.ru,1,cryptolocker,2025-01-01T21:41:00
host3535.qtpum.com,0,benign,2025-01-03T10:55:00
host4252.vzxon.com,0,benign,2025-01-03T22:52:00
lnpqrdfocwwy.com,1,kraken,2025-01-03T22:51:00
qbdwobhyzxpmrfhzp.ru,1,generic,2025-01-01T04:11:00
veowhocj.net,1,conficker,2025-01-01T00:40:00
qzbpb.net,1,conficker,2025-01-03T06:37:00
hisfromand.net,1,suppobox,2025-01-02T17:50:00
xdbiygfwzkiq.com,1,kraken,2025-01-01T19:16:00
tjlaoho.biz,1,cryptolocker,2025-01-01T14:10:00
h0rf1lpwi.tk,1,generic,2025-01-01T19:46:00
nrxbkcnb.net,1,conficker,2025-01-03T00:53:00
zfzyrfqtbjee.com,1,kraken,2025-01-01T11:51:00
host4001.tuxir.com,0,benign,2025-01-03T18:41:00
host4096.chaaf.com,0,benign,2025-01-03T20:16:00
host1088.slbre.com,0,benign,2025-01-01T18:08:00
host2413.wjauk.com,0,benign,2025-01-02T16:13:00
linkedin.com,0,benign,2025-01-02T10:38:00
v1uoi0uq4.biz,1,generic,2025-01-01T15:15:00
aws.amazon.com,0,benign,2025-01-04T01:59:00
host240.ihqbu.com,0,benign,2025-01-01T04:00:00
uptl2lw.ru,1,cryptolocker,2025-01-02T02:10:00
qoulxv57imk3qsm.ru,1,generic,2025-01-03T04:14:00
ilcermcw.net,1,conficker,2025-01-03T14:30:00
host2524.jdsso.com,0,benign,2025-01-02T18:04:00
uod11qfhdg8seyjky5o.com,1,generic,2025-01-03T19:07:00
xh73lw8.ru,1,cryptolocker,2025-01-01T18:47:00
host102.kkmjl.com,0,benign,2025-01-01T01:42:00
host1179.gjagd.com,0,benign,2025-01-01T19:39:00
wbpec.net,1,conficker,2025-01-01T13:09:00
host2697.cauii.com,0,benign,2025-01-02T20:57:00
uul1ani2h.info,1,generic,2025-01-04T07:15:00
host1365.fvuqz.com,0,benign,2025-01-01T22:45:00
host4683.tjwvv.com,0,benign,2025-01-04T06:03:00
stonegrape.org,1,matsnu,2025-01-02T03:43:00
thatforand.net,1,suppobox,2025-01-01T19:43:00
host2290.qioov.com,0,benign,2025-01-02T14:10:00
emjlv.net,1,conficker,2025-01-02T00:44:00
rockelder.org,1,matsnu,2025-01-01T16:59:00
mwnwfwuk.net,1,conficker,2025-01-01T11:54:00
host2495.wqwas.com,0,benign,2025-01-02T17:35:00
thatfromand.net,1,suppobox,2025-01-01T01:34:00
host1567.woigl.com,0,benign,2025-01-02T02:07:00
host3934.cdvin.com,0,benign,2025-01-03T17:34:00
host4807.hpmli.com,0,benign,2025-01-04T08:07:00
fireapple.org,1,matsnu,2025-01-04T00:04:00
firewater.org,1,matsnu,2025-01-01T11:15:00
figdate.org,1,matsnu,2025-01-02T21:13:00
hnzkvp.net,1,conficker,2025-01-03T07:22:00
grapedate.org,1,matsnu,2025-01-04T05:28:00
host2345.qkehi.com,0,benign,2025-01-02T15:05:00
rzsnmtgrmayg.com,1,kraken,2025-01-02T11:52:00
ntscdh6.ru,1,cryptolocker,2025-01-01T20:47:00
hisfromthis.net,1,suppobox,2025-01-04T07:27:00
host4118.rbzrp.com,0,benign,2025-01-03T20:38:00
host1856.rxdvc.com,0,benign,2025-01-02T06:56:00
host925.cdtvk.com,0,benign,2025-01-01T15:25:00
tb3r8bd.biz,1,cryptolocker,2025-01-01T21:11:00
host4740.wpzjq.com,0,benign,2025-01-04T07:00:00
host1237.riehh.com,0,benign,2025-01-01T20:37:00
apple.co,0,benign,2025-01-02T21:37:00
host3609.puwcq.com,0,benign,2025-01-03T12:09:00
am78fx70r.ru,1,generic,2025-01-02T21:12:00
butandhis.net,1,suppobox,2025-01-01T12:19:00
host4166.yloix.com,0,benign,2025-01-03T21:26:00
butnotthis.net,1,suppobox,2025-01-02T18:13:00
host3947.mcaet.com,0,benign,2025-01-03T17:47:00
netflix.com,0,benign,2025-01-02T15:29:00
h2xvz69mmbvr12rw.org,1,generic,2025-01-03T03:46:00
microsoft.com,0,benign,2025-01-02T04:57:00
host1092.zwtna.com,0,benign,2025-01-01T18:12:00
netflix.com,0,benign,2025-01-04T02:48:00
fodrrea.net,1,conficker,2025-01-01T02:11:00
host4599.sugwu.com,0,benign,2025-01-04T04:39:00
wikipedia.org,0,benign,2025-01-01T13:03:00
netflix.com,0,benign,2025-01-02T22:19:00
host3778.xmlgi.com,0,benign,2025-01-03T14:58:00
shwanjh.ru,1,cryptolocker,2025-01-01T10:38:00
apple.co,0,benign,2025-01-02T21:36:00
host1233.yldcv.com,0,benign,2025-01-01T20:33:00
eo8iayx.ru,1,cryptolocker,2025-01-02T08:20:00
host2836.ztbxl.com,0,benign,2025-01-02T23:16:00
host3024.jjqmk.com,0,benign,2025-01-03T02:24:00
hishavehis.net,1,suppobox,2025-01-02T22:24:00
n5v1qhf.info,1,cryptolocker,2025-01-03T23:22:00
aws.amazon.com,0,benign,2025-01-03T15:59:00
host2885.nrxgl.com,0,benign,2025-01-03T00:05:00
wwlytpcgwfuj.com,1,kraken,2025-01-03T19:48:00
a53wokx.info,1,cryptolocker,2025-01-02T06:10:00
bpxgzgz.net,1,conficker,2025-01-03T23:34:00
host734.yfwnj.com,0,benign,2025-01-01T12:14:00
yucmesa.net,1,conficker,2025-01-03T01:41:00
alrkupvdgpsm.com,1,kraken,2025-01-03T04:17:00
host2569.hoyaq.com,0,benign,2025-01-02T18:49:00
ztgptmo.net,1,conficker,2025-01-03T12:52:00
itcc1yz.info,1,cryptolocker,2025-01-03T01:23:00
host2047.veuso.com,0,benign,2025-01-02T10:07:00
is521lj.info,1,cryptolocker,2025-01-01T00:28:00
cherrygrape.org,1,matsnu,2025-01-01T00:11:00
fryj8ke9y1y9.biz,1,generic,2025-01-04T04:18:00
host2025.jbqpu.com,0,benign,2025-01-02T09:45:00
tmiiuot.net,1,conficker,2025-01-04T09:28:00
host2661.srruz.com,0,benign,2025-01-02T20:21:00
appledate.org,1,matsnu,2025-01-01T13:33:00
host2023.gderc.com,0,benign,2025-01-02T09:43:00
host3015.vzfse.com,0,benign,2025-01-03T02:15:00
host1921.pobqq.com,0,benign,2025-01-02T08:01:00
host251.brbvc.com,0,benign,2025-01-01T04:11:00
host1063.wsoez.com,0,benign,2025-01-01T17:43:00
host4810.kttap.com,0,benign,2025-01-04T08:10:00
k7tl093.ru,1,cryptolocker,2025-01-01T02:16:00
tzbfdei.net,1,conficker,2025-01-03T23:31:00
host2230.joskw.com,0,benign,2025-01-02T13:10:00
z568xmo1180thxtn0.tk,1,generic,2025-01-01T00:49:00
4xnwmge.info,1,cryptolocker,2025-01-02T02:11:00
ulgusua.net,1,conficker,2025-01-03T22:04:00
irlndi.net,1,conficker,2025-01-01T08:09:00
host587.sytvd.com,0,benign,2025-01-01T09:47:00
host2029.iihot.com,0,benign,2025-01-02T09:49:00
3qd9jbs.biz,1,cryptolocker,2025-01-02T04:35:00
36s8wfiz.info,1,generic,2025-01-01T18:16:00
rockapple.org,1,matsnu,2025-01-04T11:08:00
tkmzht.net,1,conficker,2025-01-03T20:06:00
host1203.uvolg.com,0,benign,2025-01-01T20:03:00
host3920.daswo.com,0,benign,2025-01-03T17:20:00
kjyaw.net,1,conficker,2025-01-02T02:24:00
lcxlo.net,1,conficker,2025-01-03T09:54:00
ssksf5f.ru,1,cryptolocker,2025-01-02T17:10:00
vjlllb8.ru,1,cryptolocker,2025-01-02T12:07:00
thatbutthey.net,1,suppobox,2025-01-01T22:59:00
host3796.dsppj.com,0,benign,2025-01-03T15:16:00
hisnotbut.net,1,suppobox,2025-01-02T12:08:00
youthatthat.net,1,suppobox,2025-01-01T05:07:00
stonebanana.org,1,matsnu,2025-01-02T10:51:00
notthatwith.net,1,suppobox,2025-01-03T09:35:00
host3388.lbqly.com,0,benign,2025-01-03T08:28:00
host1833.upggf.com,0,benign,2025-01-02T06:33:00
host3378.mxgmt.com,0,benign,2025-01-03T08:18:00
rarmwv.net,1,conficker,2025-01-03T01:52:00
eldercherry.org,1,matsnu,2025-01-03T10:46:00
host2883.tbfke.com,0,benign,2025-01-03T00:03:00
host2552.sifki.com,0,benign,2025-01-02T18:32:00
ewd1vs5h069whvlkeg.cn,1,generic,2025-01-02T10:46:00
llexod.net,1,conficker,2025-01-03T18:53:00
cloudflare.com,0,benign,2025-01-04T03:38:00
host4661.krzig.com,0,benign,2025-01-04T05:41:00
cherrybanana.org,1,matsnu,2025-01-04T01:40:00
host1212.mxwti.com,0,benign,2025-01-01T20:12:00
withthatthey.net,1,suppobox,2025-01-02T08:36:00
6gd6mkgj.com,1,generic,2025-01-04T10:13:00
host1159.dhxjc.com,0,benign,2025-01-01T19:19:00
host3029.lwsvs.com,0,benign,2025-01-03T02:29:00
host448.udtme.com,0,benign,2025-01-01T07:28:00
datestone.org,1,matsnu,2025-01-01T16:15:00
watergrape.org,1,matsnu,2025-01-01T18:22:00
vn7ccxmscbsf.info,1,generic,2025-01-03T10:31:00
wirpyml519ag1z9iaxwa.biz,1,generic,2025-01-01T02:01:00
y4hl8jt.biz,1,cryptolocker,2025-01-02T18:17:00
host2303.euusd.com,0,benign,2025-01-02T14:23:00
host2604.kyqht.com,0,benign,2025-01-02T19:24:00
aws.amazon.com,0,benign,2025-01-03T15:54:00
thatthisyou.net,1,suppobox,2025-01-01T16:53:00
6vzgikx.biz,1,cryptolocker,2025-01-01T03:41:00
host1587.xobwj.com,0,benign,2025-01-02T02:27:00
omoppi.net,1,conficker,2025-01-02T18:58:00
watercherry.org,1,matsnu,2025-01-01T17:35:00
host1918.kozlm.com,0,benign,2025-01-02T07:58:00
iolmej0gv3z.net,1,generic,2025-01-02T12:54:00
host3166.lwgrm.com,0,benign,2025-01-03T04:46:00
host1309.spdcl.com,0,benign,2025-01-01T21:49:00
wikipedia.org,0,benign,2025-01-04T11:16:00
host3293.jxamq.com,0,benign,2025-01-03T06:53:00
live.com,0,benign,2025-01-01T16:02:00
ofzwlff.net,1,conficker,2025-01-03T12:48:00
withthewith.net,1,suppobox,2025-01-01T01:06:00
linkedin.com,0,benign,2025-01-04T10:43:00
a5q1l49.info,1,cryptolocker,2025-01-04T03:37:00
watercherry.org,1,matsnu,2025-01-02T13:27:00
wx8t1vh.ru,1,cryptolocker,2025-01-03T13:26:00
aws.amazon.com,0,benign,2025-01-03T23:21:00
host4685.jzazi.com,0,benign,2025-01-04T06:05:00
thattheyhis.net,1,suppobox,2025-01-04T05:34:00
llix8no106.org,1,generic,2025-01-03T22:32:00
treegrape.org,1,matsnu,2025-01-03T11:22:00
host4651.pkddi.com,0,benign,2025-01-04T05:31:00
stoneapple.org,1,matsnu,2025-01-02T01:30:00
hvhpgoekufgw.com,1,kraken,2025-01-03T02:40:00
kybrheiaz8av1iyxs.ru,1,generic,2025-01-01T09:22:00
1cudpzrs3g0.cn,1,generic,2025-01-03T10:12:00
fromnotbut.net,1,suppobox,2025-01-02T23:15:00
cloudflare.com,0,benign,2025-01-02T07:44:00
google.com,0,benign,2025-01-01T23:01:00
google.com,0,benign,2025-01-03T22:12:00
datewater.org,1,matsnu,2025-01-01T23:39:00
host1698.emhub.com,0,benign,2025-01-02T04:18:00
host271.ukgqv.com,0,benign,2025-01-01T04:31:00
firefig.org,1,matsnu,2025-01-02T16:16:00
host1489.apgro.com,0,benign,2025-01-02T00:49:00
host3108.wiysv.com,0,benign,2025-01-03T03:48:00
host3943.mijth.com,0,benign,2025-01-03T17:43:00
notthisthis.net,1,suppobox,2025-01-01T04:24:00
host4690.mcvns.com,0,benign,2025-01-04T06:10:00
64wg2zy6ah.net,1,generic,2025-01-01T00:44:00
host2039.xijlg.com,0,benign,2025-01-02T09:59:00
pstimlo.net,1,conficker,2025-01-04T11:03:00
host1558.zjhko.com,0,benign,2025-01-02T01:58:00
host3296.nxyaj.com,0,benign,2025-01-03T06:56:00
host1475.segsj.com,0,benign,2025-01-02T00:35:00
yiw4qga.info,1,cryptolocker,2025-01-02T18:41:00
apple.com,0,benign,2025-01-03T09:27:00
host2377.srcua.com,0,benign,2025-01-02T15:37:00
gdron.net,1,conficker,2025-01-03T23:42:00
host468.vprjv.com,0,benign,2025-01-01T07:48:00
f7obz5mp9bpc.tk,1,generic,2025-01-03T07:56:00
host2331.gntit.com,0,benign,2025-01-02T14:51:00
host2729.iuxrx.com,0,benign,2025-01-02T21:29:00
host3331.aqaka.com,0,benign,2025-01-03T07:31:00
notthatwith.net,1,suppobox,2025-01-04T09:40:00
cherryelder.org,1,matsnu,2025-01-01T15:18:00
host880.mbqty.com,0,benign,2025-01-01T14:40:00
host1693.iriuu.com,0,benign,2025-01-02T04:13:00
haveyouthey.net,1,suppobox,2025-01-03T06:19:00
host2191.ytzbv.com,0,benign,2025-01-02T12:31:00
vgehnzjomsmu.com,1,kraken,2025-01-02T07:40:00
cloudflare.com,0,benign,2025-01-01T23:43:00
vcaespdytqzs.com,1,kraken,2025-01-04T08:21:00
pkejk.net,1,conficker,2025-01-01T12:58:00
host1501.elpcp.com,0,benign,2025-01-02T01:01:00
ypgeyh.net,1,conficker,2025-01-03T14:08:00
host1358.zgloj.com,0,benign,2025-01-01T22:38:00
iafcxocfhuvg.com,1,kraken,2025-01-01T09:26:00
bananadate.org,1,matsnu,2025-01-01T15:33:00
host1961.gahwd.com,0,benign,2025-01-02T08:41:00
host3438.jgzin.com,0,benign,2025-01-03T09:18:00
qexxx.net,1,conficker,2025-01-03T13:25:00
host4405.zkzah.com,0,benign,2025-01-04T01:25:00
elderapple.org,1,matsnu,2025-01-03T16:47:00
host2050.fjcua.com,0,benign,2025-01-02T10:10:00
liuckuaejuas.com,1,kraken,2025-01-04T03:13:00
hiytvhaecupm.com,1,kraken,2025-01-01T21:20:00
host1859.ndysr.com,0,benign,2025-01-02T06:59:00
host3909.googs.com,0,benign,2025-01-03T17:09:00
apple.com,0,benign,2025-01-01T13:31:00
host4227.joijh.com,0,benign,2025-01-03T22:27:00
host1282.rihyj.com,0,benign,2025-01-01T21:22:00
host2119.erqhm.com,0,benign,2025-01-02T11:19:00
host4798.rfugc.com,0,benign,2025-01-04T07:58:00
host2723.jftya.com,0,benign,2025-01-02T21:23:00
host624.ehxwn.com,0,benign,2025-01-01T10:24:00
host2144.iwfeg.com,0,benign,2025-01-02T11:44:00
host2874.fipgu.com,0,benign,2025-01-02T23:54:00
bbojyru.net,1,conficker,2025-01-01T19:06:00
knclhyyuhuoe.com,1,kraken,2025-01-02T18:53:00
qk08xgw.info,1,cryptolocker,2025-01-02T05:53:00
host4090.ehxhi.com,0,benign,2025-01-03T20:10:00
host2473.giegs.com,0,benign,2025-01-02T17:13:00
host4655.fhqhz.com,0,benign,2025-01-04T05:35:00
fortheywith.net,1,suppobox,2025-01-01T06:34:00
microsoft.com,0,benign,2025-01-03T21:36:00
host1053.cdrkb.com,0,benign,2025-01-01T17:33:00
tgkp1b2.biz,1,cryptolocker,2025-01-01T05:29:00
uowkdbe.net,1,conficker,2025-01-03T05:55:00
3u9vxqc.info,1,cryptolocker,2025-01-02T02:12:00
withbuthis.net,1,suppobox,2025-01-04T08:35:00
host2208.ehzzi.com,0,benign,2025-01-02T12:48:00
fromhavethis.net,1,suppobox,2025-01-01T15:24:00
j1lmga7.biz,1,cryptolocker,2025-01-03T00:10:00
ogfisin.net,1,conficker,2025-01-03T08:50:00
host1046.pnssz.com,0,benign,2025-01-01T17:26:00
host1869.ondxm.com,0,benign,2025-01-02T07:09:00
pgyic7p.info,1,cryptolocker,2025-01-02T15:08:00
host2394.ykpol.com,0,benign,2025-01-02T15:54:00
sy11h0b1d5d53wkf7s3.ru,1,generic,2025-01-01T08:21:00
rockstone.org,1,matsnu,2025-01-03T13:44:00
cherrycherry.org,1,matsnu,2025-01-03T11:06:00
wymgoytwgpma.com,1,kraken,2025-01-02T09:46:00
host1604.nzfmf.com,0,benign,2025-01-02T02:44:00
host1691.uerss.com,0,benign,2025-01-02T04:11:00
fromforthey.net,1,suppobox,2025-01-01T07:11:00
github.com,0,benign,2025-01-01T08:07:00
host4070.udaph.com,0,benign,2025-01-03T19:50:00
wzttnt.net,1,conficker,2025-01-02T14:55:00
69qfn4ihowhdlouq0xi.org,1,generic,2025-01-02T07:01:00
host966.ppuac.com,0,benign,2025-01-01T16:06:00
andyoubut.net,1,suppobox,2025-01-04T03:59:00
grapegrape.org,1,matsnu,2025-01-01T17:51:00
salesforce.com,0,benign,2025-01-04T04:52:00
msrdsdlonggb.com,1,kraken,2025-01-01T09:58:00
cherryelder.org,1,matsnu,2025-01-04T06:49:00
ybasuepyvbzy.com,1,kraken,2025-01-01T20:46:00
elderdate.org,1,matsnu,2025-01-01T22:22:00
aszqbqz.net,1,conficker,2025-01-02T14:09:00
theythisthat.net,1,suppobox,2025-01-02T09:05:00
nclgond.net,1,conficker,2025-01-03T04:22:00
uffrk.net,1,conficker,2025-01-03T23:05:00
host4671.lvsxd.com,0,benign,2025-01-04T05:51:00
host4772.lbvtd.com,0,benign,2025-01-04T07:32:00
youbutthis.net,1,suppobox,2025-01-01T09:04:00
ikkiv.net,1,conficker,2025-01-03T12:24:00
stonerock.org,1,matsnu,2025-01-03T16:39:00
k2m95c0.info,1,cryptolocker,2025-01-02T10:18:00
withhishave.net,1,suppobox,2025-01-02T23:30:00
google.com,0,benign,2025-01-02T01:46:00
host4306.bbygv.com,0,benign,2025-01-03T23:46:00
host3807.ywgtt.com,0,benign,2025-01-03T15:27:00
qksek0js6l857y9cejdi.info,1,generic,2025-01-02T20:41:00
agnwgr.net,1,conficker,2025-01-02T03:22:00
negcnim2ncay10b.cn,1,generic,2025-01-02T01:33:00
host4644.qlanq.com,0,benign,2025-01-04T05:24:00
host3886.cvusu.com,0,benign,2025-01-03T16:46:00
stonefig.org,1,matsnu,2025-01-02T21:31:00
datetree.org,1,matsnu,2025-01-03T19:57:00
firestone.org,1,matsnu,2025-01-03T12:49:00
host4738.sxbyh.com,0,benign,2025-01-04T06:58:00
host4593.ddrsv.com,0,benign,2025-01-04T04:33:00
netflix.com,0,benign,2025-01-03T18:55:00
treetree.org,1,matsnu,2025-01-04T01:38:00
host3803.zimqk.com,0,benign,2025-01-03T15:23:00
host2467.ydimr.com,0,benign,2025-01-02T17:07:00
host2523.gzxsk.com,0,benign,2025-01-02T18:03:00
8ywr6m1mv5p4bw3cqw5b.net,1,generic,2025-01-01T17:54:00
wikipedia.org,0,benign,2025-01-01T13:37:00
thethatwith.net,1,suppobox,2025-01-02T11:29:00
office.com,0,benign,2025-01-01T04:32:00
host1852.sipfw.com,0,benign,2025-01-02T06:52:00
host4177.hcsxe.com,0,benign,2025-01-03T21:37:00
host2991.fgoce.com,0,benign,2025-01-03T01:51:00
google.com,0,benign,2025-01-03T08:06:00
avryd.net,1,conficker,2025-01-03T06:11:00
host3047.rojcz.com,0,benign,2025-01-03T02:47:00
treedate.org,1,matsnu,2025-01-01T01:05:00
i62fuc8.ru,1,cryptolocker,2025-01-04T05:40:00
host2705.yhkwe.com,0,benign,2025-01-02T21:05:00
host2672.fyzzc.com,0,benign,2025-01-02T20:32:00
bananacherry.org,1,matsnu,2025-01-03T09:05:00
host4104.dnpxe.com,0,benign,2025-01-03T20:24:00
host2879.alusg.com,0,benign,2025-01-02T23:59:00
host2993.jhdwx.com,0,benign,2025-01-03T01:53:00
buttheythe.net,1,suppobox,2025-01-03T11:31:00
host2962.sbfox.com,0,benign,2025-01-03T01:22:00
host4053.vnoeh.com,0,benign,2025-01-03T19:33:00
microsoft.com,0,benign,2025-01-02T04:44:00
host340.nonnc.com,0,benign,2025-01-01T05:40:00
butthatfor.net,1,suppobox,2025-01-02T03:09:00
mclmqz8.biz,1,cryptolocker,2025-01-03T14:43:00
gcrbjs.net,1,conficker,2025-01-01T17:56:00
host972.tzqql.com,0,benign,2025-01-01T16:12:00
alfeid.net,1,conficker,2025-01-04T02:42:00
host61.pyvla.com,0,benign,2025-01-01T01:01:00
9lbrwwk.biz,1,cryptolocker,2025-01-02T11:10:00
host4684.nmsit.com,0,benign,2025-01-04T06:04:00
host516.ubwcl.com,0,benign,2025-01-01T08:36:00
host1446.awpwv.com,0,benign,2025-01-02T00:06:00
host4823.iblxy.com,0,benign,2025-01-04T08:23:00
microsoft.com,0,benign,2025-01-01T22:12:00
theyouthey.net,1,suppobox,2025-01-02T20:44:00
host1877.xahcm.com,0,benign,2025-01-02T07:17:00
host2965.rvtaq.com,0,benign,2025-01-03T01:25:00
ubnqnb.net,1,conficker,2025-01-04T07:54:00
thisforthey.net,1,suppobox,2025-01-02T21:35:00
host4465.gthkx.com,0,benign,2025-01-04T02:25:00
phgvdyb.net,1,conficker,2025-01-01T11:04:00
ljtqelqb.net,1,conficker,2025-01-02T01:01:00
btbdktjmqsms.com,1,kraken,2025-01-01T08:39:00
yahoo.com,0,benign,2025-01-02T01:35:00
aws.amazon.com,0,benign,2025-01-03T20:54:00
figgrape.org,1,matsnu,2025-01-01T00:29:00
theythebut.net,1,suppobox,2025-01-04T04:20:00
4v2bgnzsu65uf1fhp7hz.org,1,generic,2025-01-01T04:52:00
host3286.welun.com,0,benign,2025-01-03T06:46:00
host2199.hnogq.com,0,benign,2025-01-02T12:39:00
kbubby.net,1,conficker,2025-01-01T21:01:00
host4508.cpaok.com,0,benign,2025-01-04T03:08:00
notbutthat.net,1,suppobox,2025-01-01T01:58:00
firedate.org,1,matsnu,2025-01-02T19:26:00
host3272.mkdmo.com,0,benign,2025-01-03T06:32:00
host1316.ypidq.com,0,benign,2025-01-01T21:56:00
host924.qddac.com,0,benign,2025-01-01T15:24:00
havehavehave.net,1,suppobox,2025-01-01T11:14:00
zi5zqk5mtk56.tk,1,generic,2025-01-02T05:32:00
cloudflare.com,0,benign,2025-01-03T18:54:00
emdio0lu6.biz,1,generic,2025-01-01T19:50:00
host4818.qonwu.com,0,benign,2025-01-04T08:18:00
office.com,0,benign,2025-01-02T22:37:00
host343.wperf.com,0,benign,2025-01-01T05:43:00
host3319.egynv.com,0,benign,2025-01-03T07:19:00
j7zvdfn.ru,1,cryptolocker,2025-01-01T06:48:00
host4407.dznzu.com,0,benign,2025-01-04T01:27:00
0a2po3m2uial.info,1,generic,2025-01-03T23:35:00
host1554.vkfff.com,0,benign,2025-01-02T01:54:00
host4972.fjdhf.com,0,benign,2025-01-04T10:52:00
host4542.oqroe.com,0,benign,2025-01-04T03:42:00
host1512.uqnqd.com,0,benign,2025-01-02T01:12:00
facebook.com,0,benign,2025-01-02T00:07:00
3uqx4itpf78.com,1,generic,2025-01-03T00:11:00
host3333.gvmnt.com,0,benign,2025-01-03T07:33:00
host2314.lxmzn.com,0,benign,2025-01-02T14:34:00
mahsfyq.net,1,conficker,2025-01-04T04:33:00
waterbanana.org,1,matsnu,2025-01-03T11:07:00
ibgmnq.net,1,conficker,2025-01-02T07:44:00
host2843.qimsf.com,0,benign,2025-01-02T23:23:00
stonegrape.org,1,matsnu,2025-01-02T16:58:00
cahkxa.net,1,conficker,2025-01-04T04:57:00
host245.mylxv.com,0,benign,2025-01-01T04:05:00
azure.com,0,benign,2025-01-02T12:24:00
ppbtu.net,1,conficker,2025-01-03T03:17:00
datecherry.org,1,matsnu,2025-01-04T04:16:00
apple.com,0,benign,2025-01-03T03:23:00
host201.eupor.com,0,benign,2025-01-01T03:21:00
host3784.tfgpp.com,0,benign,2025-01-03T15:04:00
host3480.fmvsc.com,0,benign,2025-01-03T10:00:00
host2896.omslg.com,0,benign,2025-01-03T00:16:00
host497.oupar.com,0,benign,2025-01-01T08:17:00
lbslcripovtk.com,1,kraken,2025-01-04T08:59:00
host1110.image.com,0,benign,2025-01-01T18:30:00
host4748.oezfa.com,0,benign,2025-01-04T07:08:00
8d0c57q.info,1,cryptolocker,2025-01-01T10:05:00
andyoufrom.net,1,suppobox,2025-01-04T03:15:00
host4190.xwcbs.com,0,benign,2025-01-03T21:50:00
butfromthis.net,1,suppobox,2025-01-02T17:12:00
host3906.cjxbn.com,0,benign,2025-01-03T17:06:00
host1249.hcham.com,0,benign,2025-01-01T20:49:00
host4995.fuixq.com,0,benign,2025-01-04T11:15:00
host4305.hazzs.com,0,benign,2025-01-03T23:45:00
tvxtfrmexnue.com,1,kraken,2025-01-03T11:56:00
host1121.aurxg.com,0,benign,2025-01-01T18:41:00
1pi292wc4zey3532w.biz,1,generic,2025-01-02T03:51:00
host2854.vbfqr.com,0,benign,2025-01-02T23:34:00
netflix.com,0,benign,2025-01-04T08:21:00
host2819.nrptx.com,0,benign,2025-01-02T22:59:00
nothishave.net,1,suppobox,2025-01-01T14:52:00
fojpqa.net,1,conficker,2025-01-03T20:34:00
theyforand.net,1,suppobox,2025-01-01T18:10:00
linkedin.com,0,benign,2025-01-02T20:02:00
withyoufrom.net,1,suppobox,2025-01-04T08:58:00
twvkxzfvtciz.com,1,kraken,2025-01-03T20:40:00
host4877.hyrlj.com,0,benign,2025-01-04T09:17:00
host2437.fbmqp.com,0,benign,2025-01-02T16:37:00
kd5tut6z792lan.com,1,generic,2025-01-02T00:38:00
host3860.gjlfs.com,0,benign,2025-01-03T16:20:00
ztxcxyiirwpv.com,1,kraken,2025-01-03T19:31:00
hm04h489vf8ybi2797en.org,1,generic,2025-01-02T22:01:00
thatbuthis.net,1,suppobox,2025-01-02T00:17:00
xseijdpglkjx.com,1,kraken,2025-01-02T15:42:00
rockwater.org,1,matsnu,2025-01-02T02:57:00
youhisfrom.net,1,suppobox,2025-01-04T08:03:00
host3107.iocxn.com,0,benign,2025-01-03T03:47:00
host1201.vuxgd.com,0,benign,2025-01-01T20:01:00
tvpjdpxqcwke.com,1,kraken,2025-01-03T05:15:00
host3164.hvkne.com,0,benign,2025-01-03T04:44:00
iyur5yv.ru,1,cryptolocker,2025-01-03T16:04:00
yahoo.com,0,benign,2025-01-03T22:29:00
host4543.galai.com,0,benign,2025-01-04T03:43:00
thebuthave.net,1,suppobox,2025-01-01T06:46:00
host3789.rthfn.com,0,benign,2025-01-03T15:09:00
slack.com,0,benign,2025-01-04T06:42:00
bxd3owm.info,1,cryptolocker,2025-01-01T14:21:00
zilujfarxnom.com,1,kraken,2025-01-04T01:57:00
cloudflare.com,0,benign,2025-01-01T22:20:00
jnjjegh.net,1,conficker,2025-01-01T01:47:00
host3665.rnsee.com,0,benign,2025-01-03T13:05:00
host4803.ajrdt.com,0,benign,2025-01-04T08:03:00
spgzdqn.net,1,conficker,2025-01-01T05:57:00
host1119.dlljy.com,0,benign,2025-01-01T18:39:00
host2864.twrwj.com,0,benign,2025-01-02T23:44:00
host3557.vcmma.com,0,benign,2025-01-03T11:17:00
elderstone.org,1,matsnu,2025-01-03T20:59:00
host2042.zsxws.com,0,benign,2025-01-02T10:02:00
sntnxiu.net,1,conficker,2025-01-01T16:23:00
host2949.jfmug.com,0,benign,2025-01-03T01:09:00
avd4j82qhabll0w.com,1,generic,2025-01-02T09:34:00
owxqb.net,1,conficker,2025-01-01T16:00:00
host4896.vvrfg.com,0,benign,2025-01-04T09:36:00
host1784.rykte.com,0,benign,2025-01-02T05:44:00
applecherry.org,1,matsnu,2025-01-02T06:48:00
youbutbut.net,1,suppobox,2025-01-02T05:41:00
firefire.org,1,matsnu,2025-01-02T19:09:00
8m5vu4me8am.biz,1,generic,2025-01-01T18:21:00
zoom.us,0,benign,2025-01-02T02:39:00
host1161.eocrt.com,0,benign,2025-01-01T19:21:00
host4298.dgbxz.com,0,benign,2025-01-03T23:38:00
wikipedia.org,0,benign,2025-01-04T10:49:00
host2963.rspuo.com,0,benign,2025-01-03T01:23:00
apple.com,0,benign,2025-01-03T10:04:00
host2033.tlyiu.com,0,benign,2025-01-02T09:53:00
hmwsv.net,1,conficker,2025-01-01T02:47:00
host1673.nyest.com,0,benign,2025-01-02T03:53:00
xvmd3zhydli0gue.cn,1,generic,2025-01-02T19:02:00
host4047.pzxpo.com,0,benign,2025-01-03T19:27:00
host4347.eolqx.com,0,benign,2025-01-04T00:27:00
host2771.ldyha.com,0,benign,2025-01-02T22:11:00
appledate.org,1,matsnu,2025-01-02T06:35:00
andthathave.net,1,suppobox,2025-01-03T14:38:00
elderstone.org,1,matsnu,2025-01-02T01:29:00
host792.uqovi.com,0,benign,2025-01-01T13:12:00
apple.com,0,benign,2025-01-03T05:15:00
host2040.kjvlg.com,0,benign,2025-01-02T10:00:00
host2554.dgmua.com,0,benign,2025-01-02T18:34:00
thathisthat.net,1,suppobox,2025-01-02T19:38:00
gm7h3wg.biz,1,cryptolocker,2025-01-01T03:05:00
4crw4b30n2ly8e.tk,1,generic,2025-01-03T11:54:00
host2471.ttpqw.com,0,benign,2025-01-02T17:11:00
rocktree.org,1,matsnu,2025-01-02T12:26:00
ssmvukiybesr.com,1,kraken,2025-01-02T07:13:00
hnqnglyjraav.com,1,kraken,2025-01-03T05:41:00
6gh5vhbuzduayz.ru,1,generic,2025-01-03T02:23:00
elderfire.org,1,matsnu,2025-01-01T08:55:00
fromhishave.net,1,suppobox,2025-01-01T11:07:00
host3401.gggjh.com,0,benign,2025-01-03T08:41:00
ywfblunhewrm.com,1,kraken,2025-01-03T23:19:00
host4142.psmit.com,0,benign,2025-01-03T21:02:00
host1202.niwif.com,0,benign,2025-01-01T20:02:00
zoom.us,0,benign,2025-01-04T06:43:00
host3382.rkslw.com,0,benign,2025-01-03T08:22:00
zodpavshplzk.com,1,kraken,2025-01-03T23:30:00
zoom.us,0,benign,2025-01-01T19:58:00
host3443.wgzoe.com,0,benign,2025-01-03T09:23:00
host3231.jxysd.com,0,benign,2025-01-03T05:51:00
osi7rqfygt.info,1,generic,2025-01-01T22:05:00
eewmz8x0.tk,1,generic,2025-01-02T09:17:00
352sdul.ru,1,cryptolocker,2025-01-01T14:04:00
pdh40b1.ru,1,cryptolocker,2025-01-02T10:00:00
host140.nazgg.com,0,benign,2025-01-01T02:20:00
host4496.clatt.com,0,benign,2025-01-04T02:56:00
hoklyy.net,1,conficker,2025-01-03T19:22:00
oughmjpwvuda.com,1,kraken,2025-01-02T22:25:00
host1494.ftrdz.com,0,benign,2025-01-02T00:54:00
irsjtkv.ru,1,cryptolocker,2025-01-03T23:58:00
bwj646q.biz,1,cryptolocker,2025-01-01T08:54:00
host384.iozty.com,0,benign,2025-01-01T06:24:00
host3848.qgcel.com,0,benign,2025-01-03T16:08:00
host4771.semkj.com,0,benign,2025-01-04T07:31:00
cherryfire.org,1,matsnu,2025-01-02T05:00:00
host1520.qcoyr.com,0,benign,2025-01-02T01:20:00
host4101.lgdtn.com,0,benign,2025-01-03T20:21:00
host4672.pteor.com,0,benign,2025-01-04T05:52:00
host889.fupue.com,0,benign,2025-01-01T14:49:00
host2162.gchhe.com,0,benign,2025-01-02T12:02:00
qtygagv.ru,1,cryptolocker,2025-01-04T00:47:00
w037uvv.biz,1,cryptolocker,2025-01-01T05:10:00
stonetree.org,1,matsnu,2025-01-02T01:51:00
host4301.eeaoi.com,0,benign,2025-01-03T23:41:00
1mtsc6n.biz,1,cryptolocker,2025-01-01T10:35:00
qzucwfvb.net,1,conficker,2025-01-01T10:44:00
mozglcsaruwo.com,1,kraken,2025-01-01T14:31:00
fquhep.net,1,conficker,2025-01-03T21:41:00
yfblaoyb.net,1,conficker,2025-01-03T14:15:00
zmstzuw.net,1,conficker,2025-01-01T16:38:00
butthehave.net,1,suppobox,2025-01-03T07:45:00
host422.zsbbm.com,0,benign,2025-01-01T07:02:00
aws.amazon.com,0,benign,2025-01-03T09:15:00
hblgj8papud8yj8rvv9.cn,1,generic,2025-01-03T21:01:00
yahoo.com,0,benign,2025-01-02T17:10:00
host1792.cdqjy.com,0,benign,2025-01-02T05:52:00
firerock.org,1,matsnu,2025-01-04T08:36:00
host1511.ymmnr.com,0,benign,2025-01-02T01:11:00
a9mqmmjdtxk12kr5.cn,1,generic,2025-01-04T04:40:00
thatthehis.net,1,suppobox,2025-01-02T12:14:00
33nbt5v.ru,1,cryptolocker,2025-01-03T05:52:00
host4999.szqab.com,0,benign,2025-01-04T11:19:00
dr0wbhk6uxr8gvg.info,1,generic,2025-01-01T20:39:00
cfavnai.biz,1,cryptolocker,2025-01-04T04:48:00
host1708.dmzag.com,0,benign,2025-01-02T04:28:00
host747.ayxac.com,0,benign,2025-01-01T12:27:00
host2234.zaaal.com,0,benign,2025-01-02T13:14:00
host1582.vlevu.com,0,benign,2025-01-02T02:22:00
host35.juqfz.com,0,benign,2025-01-01T00:35:00
host750.uybiq.com,0,benign,2025-01-01T12:30:00
host1528.anayv.com,0,benign,2025-01-02T01:28:00
zkgo1ib.ru,1,cryptolocker,2025-01-02T18:59:00
host4760.jedml.com,0,benign,2025-01-04T07:20:00
andthatwith.net,1,suppobox,2025-01-02T18:29:00
rzsmmwystukh.com,1,kraken,2025-01-02T16:28:00
host890.rwdfm.com,0,benign,2025-01-01T14:50:00
isyc4hcikzc86.info,1,generic,2025-01-01T06:17:00
wzzflmpjowud.com,1,kraken,2025-01-04T09:43:00
host202.gmhlf.com,0,benign,2025-01-01T03:22:00
theythefor.net,1,suppobox,2025-01-03T13:59:00
hishisbut.net,1,suppobox,2025-01-03T06:54:00
stonerock.org,1,matsnu,2025-01-04T04:55:00
andthisthey.net,1,suppobox,2025-01-03T17:00:00
host3755.jccrx.com,0,benign,2025-01-03T14:35:00
nvnmgzfgpiam.com,1,kraken,2025-01-01T15:21:00
thehavethey.net,1,suppobox,2025-01-03T22:14:00
stonetree.org,1,matsnu,2025-01-02T10:42:00
host637.bdsds.com,0,benign,2025-01-01T10:37:00
butandthat.net,1,suppobox,2025-01-02T18:45:00
wdkri5yq5s3ezbu4dq.info,1,generic,2025-01-03T23:33:00
sxsrqswp.net,1,conficker,2025-01-02T14:32:00
haveforbut.net,1,suppobox,2025-01-03T05:02:00
host2924.aapjl.com,0,benign,2025-01-03T00:44:00
host2310.kdkpa.com,0,benign,2025-01-02T14:30:00
jegzpqid.net,1,conficker,2025-01-01T04:18:00
thethewith.net,1,suppobox,2025-01-02T16:59:00
chbvg.net,1,conficker,2025-01-01T10:25:00
qbwdxu.net,1,conficker,2025-01-01T19:20:00
host4773.bdlpg.com,0,benign,2025-01-04T07:33:00
host975.kxfek.com,0,benign,2025-01-01T16:15:00
host3054.vkkkl.com,0,benign,2025-01-03T02:54:00
host1499.rddji.com,0,benign,2025-01-02T00:59:00
dsmqitmoablx.com,1,kraken,2025-01-02T16:34:00
host2725.dehpy.com,0,benign,2025-01-02T21:25:00
ykm12e9098bbfa6obzdt.ru,1,generic,2025-01-03T03:55:00
host4529.tstxk.com,0,benign,2025-01-04T03:29:00
microsoft.com,0,benign,2025-01-01T23:14:00
youhishave.net,1,suppobox,2025-01-01T08:44:00
apple.co,0,benign,2025-01-03T06:01:00
host3552.zgnnp.com,0,benign,2025-01-03T11:12:00
owajcpooeevt.com,1,kraken,2025-01-02T05:20:00
me3lsfx.ru,1,cryptolocker,2025-01-04T06:04:00
w3d7u9x.ru,1,cryptolocker,2025-01-01T12:33:00
host661.ktobi.com,0,benign,2025-01-01T11:01:00
host1407.dkgay.com,0,benign,2025-01-01T23:27:00
cthmuqc.net,1,conficker,2025-01-02T00:12:00
wikipedia.org,0,benign,2025-01-03T12:19:00
treefire.org,1,matsnu,2025-01-01T11:22:00
cherrytree.org,1,matsnu,2025-01-01T16:54:00
brpj30t.info,1,cryptolocker,2025-01-02T00:51:00
host4116.rycrs.com,0,benign,2025-01-03T20:36:00
geqnynyd.net,1,conficker,2025-01-01T19:24:00
avhavuhqo075mp8pnur8.org,1,generic,2025-01-04T04:54:00
yahoo.com,0,benign,2025-01-01T16:45:00
host3058.ufsui.com,0,benign,2025-01-03T02:58:00
live.com,0,benign,2025-01-02T04:48:00
zoom.us,0,benign,2025-01-02T10:21:00
6gpt928.info,1,cryptolocker,2025-01-01T02:50:00
6bw0055.biz,1,cryptolocker,2025-01-03T20:19:00
cloudflare.com,0,benign,2025-01-03T16:44:00
live.com,0,benign,2025-01-03T12:46:00
histheyhis.net,1,suppobox,2025-01-02T16:35:00
zlrayexeckwv.com,1,kraken,2025-01-02T12:37:00
host192.padjf.com,0,benign,2025-01-01T03:12:00
ccuumk.net,1,conficker,2025-01-04T00:57:00
host3696.xirqj.com,0,benign,2025-01-03T13:36:00
90pe2gd.info,1,cryptolocker,2025-01-03T19:14:00
host436.zsptm.com,0,benign,2025-01-01T07:16:00
stonebanana.org,1,matsnu,2025-01-02T06:29:00
k3zbolp.biz,1,cryptolocker,2025-01-04T09:16:00
host3972.xuyly.com,0,benign,2025-01-03T18:12:00
host263.sgygc.com,0,benign,2025-01-01T04:23:00
host541.sdaqp.com,0,benign,2025-01-01T09:01:00
drpa1ac.biz,1,cryptolocker,2025-01-03T22:37:00
mnnpwy.net,1,conficker,2025-01-01T17:17:00
zagizvndqotj.com,1,kraken,2025-01-02T12:48:00
host163.mtmws.com,0,benign,2025-01-01T02:43:00
wrfjgro.net,1,conficker,2025-01-01T11:39:00
va4bxw3y9.biz,1,generic,2025-01-02T04:24:00
wr0yqmarpcdgp53399w3.cn,1,generic,2025-01-02T07:42:00
theywithyou.net,1,suppobox,2025-01-02T20:59:00
host3284.zgjor.com,0,benign,2025-01-03T06:44:00
withtheythis.net,1,suppobox,2025-01-04T06:26:00
theytheythey.net,1,suppobox,2025-01-02T13:07:00
bzsxceitsfqg.com,1,kraken,2025-01-03T16:26:00
host86.bradz.com,0,benign,2025-01-01T01:26:00
host1955.zdleq.com,0,benign,2025-01-02T08:35:00
cgsqhhlukfzz.com,1,kraken,2025-01-04T00:03:00
b1x0tkk.biz,1,cryptolocker,2025-01-01T09:49:00
qfpy4h7.biz,1,cryptolocker,2025-01-02T09:06:00
microsoft.com,0,benign,2025-01-02T02:51:00
0p9sgn96sb0.cn,1,generic,2025-01-03T09:03:00
pc7tjil.biz,1,cryptolocker,2025-01-02T01:39:00
zoom.us,0,benign,2025-01-01T23:53:00
host3194.aspdo.com,0,benign,2025-01-03T05:14:00
apple.co,0,benign,2025-01-03T07:58:00
bananabanana.org,1,matsnu,2025-01-01T02:46:00
host1009.vlexf.com,0,benign,2025-01-01T16:49:00
host2351.borhu.com,0,benign,2025-01-02T15:11:00
waterdate.org,1,matsnu,2025-01-02T05:49:00
histhatnot.net,1,suppobox,2025-01-03T10:37:00
acc1k7l.biz,1,cryptolocker,2025-01-02T08:54:00
stonetree.org,1,matsnu,2025-01-03T21:21:00
host4459.pdete.com,0,benign,2025-01-04T02:19:00
applegrape.org,1,matsnu,2025-01-01T13:54:00
host3580.hvbri.com,0,benign,2025-01-03T11:40:00
host4290.hepvm.com,0,benign,2025-01-03T23:30:00
figrock.org,1,matsnu,2025-01-03T08:58:00
facebook.com,0,benign,2025-01-01T12:16:00
host3918.tvfwi.com,0,benign,2025-01-03T17:18:00
host2205.eqalq.com,0,benign,2025-01-02T12:45:00
host950.bdjcp.com,0,benign,2025-01-01T15:50:00
host2123.rupzp.com,0,benign,2025-01-02T11:23:00
host408.mzodo.com,0,benign,2025-01-01T06:48:00
myvtaow.net,1,conficker,2025-01-03T13:27:00
u9rcrcv.info,1,cryptolocker,2025-01-03T20:25:00
bing.com,0,benign,2025-01-01T20:18:00
host413.evomc.com,0,benign,2025-01-01T06:53:00
host3682.fleni.com,0,benign,2025-01-03T13:22:00
thehisthe.net,1,suppobox,2025-01-04T03:29:00
host3751.yemky.com,0,benign,2025-01-03T14:31:00
xvwdti.net,1,conficker,2025-01-04T09:54:00
apple.com,0,benign,2025-01-04T01:10:00
8d01u4vl4z6u83y.biz,1,generic,2025-01-03T19:44:00
host1686.hrogv.com,0,benign,2025-01-02T04:06:00
z5arplz.biz,1,cryptolocker,2025-01-03T10:20:00
host2751.ebssx.com,0,benign,2025-01-02T21:51:00
0sk22h4.ru,1,cryptolocker,2025-01-03T04:25:00
office.com,0,benign,2025-01-01T18:45:00
bananawater.org,1,matsnu,2025-01-03T08:07:00
olqsl.net,1,conficker,2025-01-02T05:47:00
bing.com,0,benign,2025-01-01T14:07:00
host770.oxaiy.com,0,benign,2025-01-01T12:50:00
ujo9jmx.info,1,cryptolocker,2025-01-01T08:20:00
cloudflare.com,0,benign,2025-01-01T01:46:00
leddakugdlxc.com,1,kraken,2025-01-01T12:16:00
aws.amazon.com,0,benign,2025-01-03T08:23:00
host314.poqyc.com,0,benign,2025-01-01T05:14:00
sqyvudwirrhf.com,1,kraken,2025-01-03T04:10:00
host2872.klzmq.com,0,benign,2025-01-02T23:52:00
host3774.hwcth.com,0,benign,2025-01-03T14:54:00
syfx1el.biz,1,cryptolocker,2025-01-03T10:26:00
thisbutfrom.net,1,suppobox,2025-01-01T12:51:00
u21uvb4b4qs.tk,1,generic,2025-01-02T12:32:00
host4570.yzedw.com,0,benign,2025-01-04T04:10:00
host743.kgzrn.com,0,benign,2025-01-01T12:23:00
host936.ityqi.com,0,benign,2025-01-01T15:36:00
host1556.lnwgo.com,0,benign,2025-01-02T01:56:00
stonetree.org,1,matsnu,2025-01-02T12:13:00
alylej.net,1,conficker,2025-01-01T06:23:00
yahoo.com,0,benign,2025-01-04T02:42:00
4yt7542.ru,1,cryptolocker,2025-01-03T16:27:00
1adhn0cd.info,1,generic,2025-01-03T11:45:00
epdwxwc.net,1,conficker,2025-01-04T09:48:00
pe05lpv.ru,1,cryptolocker,2025-01-03T13:45:00
uimk5d8ng.net,1,generic,2025-01-02T11:59:00
wfbzygopceal.com,1,kraken,2025-01-02T00:28:00
quzuxmc.net,1,conficker,2025-01-01T04:48:00
s23rixp.biz,1,cryptolocker,2025-01-03T16:45:00
host4333.akhdk.com,0,benign,2025-01-04T00:13:00
host4779.ljqiw.com,0,benign,2025-01-04T07:39:00
host1168.rdcrw.com,0,benign,2025-01-01T19:28:00
host2802.vfsac.com,0,benign,2025-01-02T22:42:00
zk4rivz.biz,1,cryptolocker,2025-01-04T05:44:00
theyfromthe.net,1,suppobox,2025-01-01T09:14:00
live.com,0,benign,2025-01-03T23:51:00
ezffuelngwbr.com,1,kraken,2025-01-01T17:28:00
bananawater.org,1,matsnu,2025-01-03T00:29:00
nsktddjgzist.com,1,kraken,2025-01-02T21:20:00
ewqolpz.info,1,cryptolocker,2025-01-01T15:45:00
p5na9djh4uzn3.ru,1,generic,2025-01-04T08:34:00
host3791.lklol.com,0,benign,2025-01-03T15:11:00
bsglxf.net,1,conficker,2025-01-01T06:52:00
host3618.ubddf.com,0,benign,2025-01-03T12:18:00
zoom.us,0,benign,2025-01-01T00:55:00
host3636.bmqrd.com,0,benign,2025-01-03T12:36:00
thethatfrom.net,1,suppobox,2025-01-02T07:38:00
host3012.ngwda.com,0,benign,2025-01-03T02:12:00
host3710.ackkp.com,0,benign,2025-01-03T13:50:00
host765.vclnj.com,0,benign,2025-01-01T12:45:00
cherrydate.org,1,matsnu,2025-01-01T16:57:00
it2gnwvqsny.tk,1,generic,2025-01-02T10:40:00
fjfmmbvedzgp.com,1,kraken,2025-01-01T12:35:00
apple.com,0,benign,2025-01-01T14:37:00
host1681.alrnb.com,0,benign,2025-01-02T04:01:00
host3292.nhjhe.com,0,benign,2025-01-03T06:52:00
host2740.aowpx.com,0,benign,2025-01-02T21:40:00
782iyveu6v2s3.tk,1,generic,2025-01-02T13:44:00
jdksnzkggfqx.com,1,kraken,2025-01-01T22:47:00
waterstone.org,1,matsnu,2025-01-02T02:20:00
soexihrb.net,1,conficker,2025-01-01T15:39:00
host1631.urssc.com,0,benign,2025-01-02T03:11:00
vvqmvbs1bkuqz4f6ufy.info,1,generic,2025-01-02T04:49:00
elderwater.org,1,matsnu,2025-01-02T04:21:00
zattax.net,1,conficker,2025-01-03T10:00:00
histhathis.net,1,suppobox,2025-01-02T18:40:00
thethatfor.net,1,suppobox,2025-01-03T10:35:00
google.com,0,benign,2025-01-01T04:14:00
host3568.zluru.com,0,benign,2025-01-03T11:28:00
lmqhfbpglfeu.com,1,kraken,2025-01-02T11:04:00
fdbzwfqw.net,1,conficker,2025-01-03T12:18:00
z4nff4n12n1k39.info,1,generic,2025-01-01T22:15:00
wxkbfvhcyldo.com,1,kraken,2025-01-03T11:35:00
nelhkqxlurym.com,1,kraken,2025-01-02T13:18:00
host317.pszby.com,0,benign,2025-01-01T05:17:00
host1280.hoxgz.com,0,benign,2025-01-01T21:20:00
tettbbm.net,1,conficker,2025-01-01T12:17:00
host835.zzmtn.com,0,benign,2025-01-01T13:55:00
host2261.lfklw.com,0,benign,2025-01-02T13:41:00
salesforce.com,0,benign,2025-01-02T12:51:00
qakrmhdjitsc.com,1,kraken,2025-01-03T17:04:00
apple.co,0,benign,2025-01-03T14:41:00
rockelder.org,1,matsnu,2025-01-01T17:39:00
host606.itdtc.com,0,benign,2025-01-01T10:06:00
phyvdantrtfe.com,1,kraken,2025-01-02T03:24:00
host4583.wochf.com,0,benign,2025-01-04T04:23:00
host1366.yzzqe.com,0,benign,2025-01-01T22:46:00
host675.qhjwq.com,0,benign,2025-01-01T11:15:00
owrwdluigkm2a8yyapt1.ru,1,generic,2025-01-04T05:02:00
58auozh.info,1,cryptolocker,2025-01-03T00:58:00
lzbzovietvxb.com,1,kraken,2025-01-02T15:34:00
perrj.net,1,conficker,2025-01-01T17:23:00
host2236.pakex.com,0,benign,2025-01-02T13:16:00
host3246.jykbl.com,0,benign,2025-01-03T06:06:00
host3632.hgufe.com,0,benign,2025-01-03T12:32:00
host4064.hffim.com,0,benign,2025-01-03T19:44:00
host1163.txvmd.com,0,benign,2025-01-01T19:23:00
host1668.rcvzi.com,0,benign,2025-01-02T03:48:00
hbhoajtcallo.com,1,kraken,2025-01-03T22:29:00
host922.zmegs.com,0,benign,2025-01-01T15:22:00
wehnndixvsfp.com,1,kraken,2025-01-04T00:16:00
tbayakqwjdws.com,1,kraken,2025-01-02T01:24:00
host4151.dyexd.com,0,benign,2025-01-03T21:11:00
host2315.zknqr.com,0,benign,2025-01-02T14:35:00
andwithwith.net,1,suppobox,2025-01-03T18:05:00
host2453.nvtch.com,0,benign,2025-01-02T16:53:00
agrdhrhetqgn.com,1,kraken,2025-01-01T23:20:00
grapestone.org,1,matsnu,2025-01-02T12:43:00
wssws.net,1,conficker,2025-01-03T22:55:00
aws.amazon.com,0,benign,2025-01-01T11:27:00
host2966.ftzyf.com,0,benign,2025-01-03T01:26:00
host3588.npcvx.com,0,benign,2025-01-03T11:48:00
host1493.jeuun.com,0,benign,2025-01-02T00:53:00
rocktree.org,1,matsnu,2025-01-02T23:14:00
host1002.ilail.com,0,benign,2025-01-01T16:42:00
vneyw.net,1,conficker,2025-01-03T08:20:00
bananawater.org,1,matsnu,2025-01-03T01:56:00
htfyclhgwqhh.com,1,kraken,2025-01-03T00:43:00
host2309.pukbo.com,0,benign,2025-01-02T14:29:00
apple.co,0,benign,2025-01-03T16:43:00
sb3llvv.biz,1,cryptolocker,2025-01-03T01:02:00
host233.pgbsz.com,0,benign,2025-01-01T03:53:00
p4fhv2wbxwuurkm.ru,1,generic,2025-01-04T03:47:00
host2282.tniok.com,0,benign,2025-01-02T14:02:00
sen6ayf.info,1,cryptolocker,2025-01-03T16:43:00
google.com,0,benign,2025-01-02T14:07:00
host37.rfevf.com,0,benign,2025-01-01T00:37:00
host3620.lmvdq.com,0,benign,2025-01-03T12:20:00
host2984.orjdd.com,0,benign,2025-01-03T01:44:00
thishisthe.net,1,suppobox,2025-01-01T08:53:00
host2902.kscvh.com,0,benign,2025-01-03T00:22:00
host3342.jazru.com,0,benign,2025-01-03T07:42:00
host1459.vnztd.com,0,benign,2025-01-02T00:19:00
host150.pxkug.com,0,benign,2025-01-01T02:30:00
host3753.yhiso.com,0,benign,2025-01-03T14:33:00
apple.co,0,benign,2025-01-02T01:31:00
pxhepjc.net,1,conficker,2025-01-01T03:00:00
host4851.omdxa.com,0,benign,2025-01-04T08:51:00
host753.ntycp.com,0,benign,2025-01-01T12:33:00
host4257.eetps.com,0,benign,2025-01-03T22:57:00
host1056.jaipm.com,0,benign,2025-01-01T17:36:00
qwgykrnuqqdt.com,1,kraken,2025-01-03T15:41:00
2n0iwv22xii.cn,1,generic,2025-01-03T20:20:00
host4286.eejee.com,0,benign,2025-01-03T23:26:00
y04akmu.info,1,cryptolocker,2025-01-04T08:41:00
withwiththis.net,1,suppobox,2025-01-04T03:14:00
xqwfsxxajngr.com,1,kraken,2025-01-03T21:59:00
host2465.yermy.com,0,benign,2025-01-02T17:05:00
absoy.net,1,conficker,2025-01-01T05:46:00
host3258.ybllp.com,0,benign,2025-01-03T06:18:00
host1305.swmwc.com,0,benign,2025-01-01T21:45:00
znrpg3rzc32z23s4.cn,1,generic,2025-01-02T06:37:00
nothavefor.net,1,suppobox,2025-01-03T21:05:00
host2833.slfkl.com,0,benign,2025-01-02T23:13:00
amazon.com,0,benign,2025-01-04T01:46:00
host160.ltayd.com,0,benign,2025-01-01T02:40:00
salesforce.com,0,benign,2025-01-02T04:50:00
2mul5b2.biz,1,cryptolocker,2025-01-03T18:38:00
host871.erezb.com,0,benign,2025-01-01T14:31:00
host3268.dhfxh.com,0,benign,2025-01-03T06:28:00
host1682.skube.com,0,benign,2025-01-02T04:02:00
cnxzm.net,1,conficker,2025-01-01T01:23:00
zoom.us,0,benign,2025-01-04T02:49:00
host4148.hmzze.com,0,benign,2025-01-03T21:08:00
dateapple.org,1,matsnu,2025-01-03T00:48:00
host2677.fcrbf.com,0,benign,2025-01-02T20:37:00
host3165.eqxfr.com,0,benign,2025-01-03T04:45:00
la4jzjfbgosc.net,1,generic,2025-01-02T13:32:00
eesfmrhmklmf.com,1,kraken,2025-01-01T12:31:00
youthatnot.net,1,suppobox,2025-01-02T20:57:00
host4991.tfntk.com,0,benign,2025-01-04T11:11:00
3qdgaxo3.biz,1,generic,2025-01-04T08:05:00
niscxcgzupfn.com,1,kraken,2025-01-03T01:29:00
rockapple.org,1,matsnu,2025-01-03T20:43:00
jmhjkbnevqoz.com,1,kraken,2025-01-01T20:02:00
host469.jsmnl.com,0,benign,2025-01-01T07:49:00
host762.zszrp.com,0,benign,2025-01-01T12:42:00
ssbghpgb.net,1,conficker,2025-01-02T11:54:00
host2750.yabwy.com,0,benign,2025-01-02T21:50:00
host3408.calnk.com,0,benign,2025-01-03T08:48:00
sbguzhmchkxq.com,1,kraken,2025-01-02T15:12:00
host4370.zpmdr.com,0,benign,2025-01-04T00:50:00
wepeyks.info,1,cryptolocker,2025-01-03T14:48:00
host3719.khkme.com,0,benign,2025-01-03T13:59:00
jtmpmvgm.net,1,conficker,2025-01-03T01:54:00
8gtl0yw.ru,1,cryptolocker,2025-01-03T21:51:00
glakgqn.info,1,cryptolocker,2025-01-02T11:55:00
youbutnot.net,1,suppobox,2025-01-03T04:55:00
host575.kypla.com,0,benign,2025-01-01T09:35:00
host116.tzyrv.com,0,benign,2025-01-01T01:56:00
ujhfakfuqydj.com,1,kraken,2025-01-01T06:35:00
host3156.qmlue.com,0,benign,2025-01-03T04:36:00
zetimscplwyg.com,1,kraken,2025-01-01T09:51:00
uztbpyix.net,1,conficker,2025-01-03T07:15:00
host507.tmajj.com,0,benign,2025-01-01T08:27:00
eyitba9.biz,1,cryptolocker,2025-01-01T01:26:00
treetree.org,1,matsnu,2025-01-02T13:50:00
host401.hkcwy.com,0,benign,2025-01-01T06:41:00
host404.gwhnd.com,0,benign,2025-01-01T06:44:00
rf48fjd.ru,1,cryptolocker,2025-01-01T10:48:00
treeelder.org,1,matsnu,2025-01-01T04:01:00
host539.dkmvw.com,0,benign,2025-01-01T08:59:00
stonestone.org,1,matsnu,2025-01-02T23:49:00
host2629.vopoz.com,0,benign,2025-01-02T19:49:00
host973.ffdky.com,0,benign,2025-01-01T16:13:00
host1914.iyzdz.com,0,benign,2025-01-02T07:54:00
amazon.com,0,benign,2025-01-02T15:53:00
cherryelder.org,1,matsnu,2025-01-01T02:02:00
host938.lgfls.com,0,benign,2025-01-01T15:38:00
github.com,0,benign,2025-01-01T22:37:00
ustfvqpbqfjw.com,1,kraken,2025-01-01T16:16:00
nh05argg843o.tk,1,generic,2025-01-01T08:28:00
host748.isesv.com,0,benign,2025-01-01T12:28:00
butfromfrom.net,1,suppobox,2025-01-01T13:16:00
host2865.qtmoj.com,0,benign,2025-01-02T23:45:00
fromyouhis.net,1,suppobox,2025-01-03T04:21:00
cherrydate.org,1,matsnu,2025-01-03T19:28:00
zmhjjucuut.net,1,generic,2025-01-01T01:44:00
bananacherry.org,1,matsnu,2025-01-03T04:32:00
host2451.iwdri.com,0,benign,2025-01-02T16:51:00
fbhmh.net,1,conficker,2025-01-03T18:36:00
zlt6hr5.ru,1,cryptolocker,2025-01-01T21:59:00
jy9kqv3.biz,1,cryptolocker,2025-01-01T19:53:00
host4511.hrdhm.com,0,benign,2025-01-04T03:11:00
ls0uqym.biz,1,cryptolocker,2025-01-01T18:42:00
rockfire.org,1,matsnu,2025-01-01T22:23:00
rockstone.org,1,matsnu,2025-01-03T04:35:00
host2589.aqvwk.com,0,benign,2025-01-02T19:09:00
grapewater.org,1,matsnu,2025-01-01T14:39:00
mfhqjhkq.net,1,conficker,2025-01-01T17:10:00
zcbbxggogefy.com,1,kraken,2025-01-01T12:11:00
thethisthat.net,1,suppobox,2025-01-01T20:42:00
uxfdavm.net,1,conficker,2025-01-03T02:31:00
xywcc.net,1,conficker,2025-01-04T01:28:00
elderstone.org,1,matsnu,2025-01-04T10:52:00
5merz1g.biz,1,cryptolocker,2025-01-02T12:30:00
host614.jpsuc.com,0,benign,2025-01-01T10:14:00
utmokm.net,1,conficker,2025-01-04T05:08:00
owm38j3.ru,1,cryptolocker,2025-01-02T23:28:00
9v9uh07.ru,1,cryptolocker,2025-01-03T22:54:00
host6.srnhm.com,0,benign,2025-01-01T00:06:00
host1588.ihuch.com,0,benign,2025-01-02T02:28:00
host125.kcnff.com,0,benign,2025-01-01T02:05:00
host4559.wcvzv.com,0,benign,2025-01-04T03:59:00
host635.kyylm.com,0,benign,2025-01-01T10:35:00
781kx5x7g.info,1,generic,2025-01-03T23:03:00
ox34l0x.info,1,cryptolocker,2025-01-02T16:37:00
rtvvtukgpi17q7.biz,1,generic,2025-01-03T07:14:00
host3149.pbqjc.com,0,benign,2025-01-03T04:29:00
host3841.vyznq.com,0,benign,2025-01-03T16:01:00
17hkvrsu3kb4e.biz,1,generic,2025-01-01T10:32:00
putpg3zhgb.ru,1,generic,2025-01-02T14:48:00
appleelder.org,1,matsnu,2025-01-04T08:18:00
host515.egzeh.com,0,benign,2025-01-01T08:35:00
havethisfrom.net,1,suppobox,2025-01-03T10:45:00
host3985.fctsr.com,0,benign,2025-01-03T18:25:00
host2274.fkolu.com,0,benign,2025-01-02T13:54:00
host4728.dzxqv.com,0,benign,2025-01-04T06:48:00
applecherry.org,1,matsnu,2025-01-03T03:01:00
4a1ij1k4errsu.cn,1,generic,2025-01-02T07:43:00
rockapple.org,1,matsnu,2025-01-02T12:18:00
2dl6oz3.biz,1,cryptolocker,2025-01-03T23:11:00
youfornot.net,1,suppobox,2025-01-01T17:27:00
fgt65cv.ru,1,cryptolocker,2025-01-02T03:15:00
host188.niyaz.com,0,benign,2025-01-01T03:08:00
host4121.uxhzn.com,0,benign,2025-01-03T20:41:00
nbcvhx.net,1,conficker,2025-01-02T04:28:00
host4377.cultk.com,0,benign,2025-01-04T00:57:00
host110.akdkh.com,0,benign,2025-01-01T01:50:00
host2447.ebzgc.com,0,benign,2025-01-02T16:47:00
host2689.dannh.com,0,benign,2025-01-02T20:49:00
office.com,0,benign,2025-01-02T22:04:00
host3871.xpbln.com,0,benign,2025-01-03T16:31:00
rockgrape.org,1,matsnu,2025-01-02T13:20:00
host1750.ildbn.com,0,benign,2025-01-02T05:10:00
microsoft.com,0,benign,2025-01-02T15:15:00
bing.com,0,benign,2025-01-01T20:31:00
tr46ne8.biz,1,cryptolocker,2025-01-02T12:04:00
hishiswith.net,1,suppobox,2025-01-02T06:12:00
cloudflare.com,0,benign,2025-01-03T20:02:00
host3080.krjex.com,0,benign,2025-01-03T03:20:00
host918.dfjlj.com,0,benign,2025-01-01T15:18:00
rpdiebvpessr.com,1,kraken,2025-01-03T03:29:00
vntoebne.net,1,conficker,2025-01-01T14:57:00
nwmcns.net,1,conficker,2025-01-01T04:49:00
fromfromnot.net,1,suppobox,2025-01-01T09:17:00
host2680.iwfmv.com,0,benign,2025-01-02T20:40:00
host2105.ekklp.com,0,benign,2025-01-02T11:05:00
zw8z977.info,1,cryptolocker,2025-01-01T00:50:00
host3678.ocrbh.com,0,benign,2025-01-03T13:18:00
fromthisthis.net,1,suppobox,2025-01-01T19:25:00
2m9477afqoknbdh70gp.info,1,generic,2025-01-03T14:02:00
host4441.jhcis.com,0,benign,2025-01-04T02:01:00
host1085.owytw.com,0,benign,2025-01-01T18:05:00
host1367.bmtir.com,0,benign,2025-01-01T22:47:00
o4364dq.ru,1,cryptolocker,2025-01-04T00:27:00
host4861.uwecs.com,0,benign,2025-01-04T09:01:00
grapebanana.org,1,matsnu,2025-01-03T10:54:00
host1952.lzvvh.com,0,benign,2025-01-02T08:32:00
host4693.tzjnu.com,0,benign,2025-01-04T06:13:00
stonegrape.org,1,matsnu,2025-01-03T04:41:00
apple.com,0,benign,2025-01-02T19:22:00
igjjthv.net,1,conficker,2025-01-01T17:59:00
amazon.com,0,benign,2025-01-02T23:21:00
5spjuno.biz,1,cryptolocker,2025-01-03T04:33:00
host1745.wunml.com,0,benign,2025-01-02T05:05:00
host685.gjntu.com,0,benign,2025-01-01T11:25:00
host3653.bgjcq.com,0,benign,2025-01-03T12:53:00
host2675.mhhue.com,0,benign,2025-01-02T20:35:00
thebutbut.net,1,suppobox,2025-01-02T10:01:00
datestone.org,1,matsnu,2025-01-02T03:34:00
host3386.phmiq.com,0,benign,2025-01-03T08:26:00
google.com,0,benign,2025-01-02T08:28:00
host1436.dibxr.com,0,benign,2025-01-01T23:56:00
host2937.iwxej.com,0,benign,2025-01-03T00:57:00
host4536.rpuob.com,0,benign,2025-01-04T03:36:00
host1240.bcovp.com,0,benign,2025-01-01T20:40:00
cloudflare.com,0,benign,2025-01-03T14:07:00
host28.mzxyv.com,0,benign,2025-01-01T00:28:00
host4811.jrfaw.com,0,benign,2025-01-04T08:11:00
uiszcfb.net,1,conficker,2025-01-04T02:49:00
host2571.ioivh.com,0,benign,2025-01-02T18:51:00
ftufemw.net,1,conficker,2025-01-01T16:52:00
slack.com,0,benign,2025-01-01T12:07:00
hb1v225.biz,1,cryptolocker,2025-01-01T14:36:00
stonetree.org,1,matsnu,2025-01-01T15:13:00
lmqddfukfirj.com,1,kraken,2025-01-04T08:25:00
l2ozrocqo6s0ue2d.biz,1,generic,2025-01-02T20:46:00
2y1gcs6vumgw.tk,1,generic,2025-01-03T21:23:00
host2997.pgyxj.com,0,benign,2025-01-03T01:57:00
ynfx58urtuj5mu2w.net,1,generic,2025-01-03T16:15:00
host1072.dwmzc.com,0,benign,2025-01-01T17:52:00
host907.crzjo.com,0,benign,2025-01-01T15:07:00
host1731.zvjkt.com,0,benign,2025-01-02T04:51:00
opzrxoq.biz,1,cryptolocker,2025-01-02T10:11:00
7m52t61.info,1,cryptolocker,2025-01-02T16:56:00
host3005.eqgpe.com,0,benign,2025-01-03T02:05:00
thisfromthat.net,1,suppobox,2025-01-01T03:29:00
vjsygujlppme.com,1,kraken,2025-01-02T03:57:00
host4848.hxicc.com,0,benign,2025-01-04T08:48:00
lyussxbemxyr.com,1,kraken,2025-01-03T14:00:00
host3305.guzhg.com,0,benign,2025-01-03T07:05:00
host3143.aqrzt.com,0,benign,2025-01-03T04:23:00
host1400.jtaku.com,0,benign,2025-01-01T23:20:00
host2511.ecocd.com,0,benign,2025-01-02T17:51:00
figfig.org,1,matsnu,2025-01-03T15:33:00
live.com,0,benign,2025-01-03T07:41:00
host2609.vsucm.com,0,benign,2025-01-02T19:29:00
host3141.fjilc.com,0,benign,2025-01-03T04:21:00
host1867.ylpdn.com,0,benign,2025-01-02T07:07:00
tv2tst3.ru,1,cryptolocker,2025-01-02T17:46:00
host4197.wwbbk.com,0,benign,2025-01-03T21:57:00
qoogjuds.net,1,conficker,2025-01-01T07:47:00
lvpvr.net,1,conficker,2025-01-01T22:44:00
host4794.gimdb.com,0,benign,2025-01-04T07:54:00
host2227.saxlz.com,0,benign,2025-01-02T13:07:00
dcgb3ht.info,1,cryptolocker,2025-01-03T06:42:00
host2849.wfloz.com,0,benign,2025-01-02T23:29:00
fxb362m.ru,1,cryptolocker,2025-01-03T08:12:00
host4035.ewdul.com,0,benign,2025-01-03T19:15:00
lfhfzumysbgi.com,1,kraken,2025-01-01T16:25:00
host4642.ydtbu.com,0,benign,2025-01-04T05:22:00
havebutnot.net,1,suppobox,2025-01-03T09:50:00
gjpsrw.net,1,conficker,2025-01-02T06:32:00
bing.com,0,benign,2025-01-02T05:21:00
qawag48d8zc7kai.biz,1,generic,2025-01-03T10:51:00
auoeuk.net,1,conficker,2025-01-03T20:53:00
host361.guwxq.com,0,benign,2025-01-01T06:01:00
wzovpke.info,1,cryptolocker,2025-01-01T08:11:00
host796.mgkts.com,0,benign,2025-01-01T13:16:00
host2159.xfyrx.com,0,benign,2025-01-02T11:59:00
watercherry.org,1,matsnu,2025-01-03T13:43:00
lr3yg118.ru,1,generic,2025-01-04T09:32:00
wxcuhcugyzua.com,1,kraken,2025-01-01T23:51:00
host4346.qwyqn.com,0,benign,2025-01-04T00:26:00
host1523.fvssi.com,0,benign,2025-01-02T01:23:00
sfx90dz8.cn,1,generic,2025-01-03T22:02:00
vrv7wrfi5ki6jekqfgvk.tk,1,generic,2025-01-02T13:02:00
figtree.org,1,matsnu,2025-01-01T15:05:00
figtree.org,1,matsnu,2025-01-03T21:49:00
host2469.hhbvr.com,0,benign,2025-01-02T17:09:00
thenothis.net,1,suppobox,2025-01-04T07:43:00
andthathis.net,1,suppobox,2025-01-04T02:23:00
zodvhk.net,1,conficker,2025-01-01T23:18:00
facebook.com,0,benign,2025-01-01T03:31:00
host3993.nvtcd.com,0,benign,2025-01-03T18:33:00
host1752.zprlt.com,0,benign,2025-01-02T05:12:00
bing.com,0,benign,2025-01-01T19:34:00
thethefrom.net,1,suppobox,2025-01-02T14:08:00
host266.agjij.com,0,benign,2025-01-01T04:26:00
slack.com,0,benign,2025-01-02T08:16:00
grapecherry.org,1,matsnu,2025-01-03T12:44:00
withtheyou.net,1,suppobox,2025-01-03T09:17:00
host1740.pgyif.com,0,benign,2025-01-02T05:00:00
host3359.bpifk.com,0,benign,2025-01-03T07:59:00
1ll2tysji5123ya65a.org,1,generic,2025-01-03T17:43:00
ixhrjmfh.net,1,conficker,2025-01-04T01:41:00
bu357zi.biz,1,cryptolocker,2025-01-03T21:31:00
bzxskgw.biz,1,cryptolocker,2025-01-03T16:50:00
nqwucmxragbl.com,1,kraken,2025-01-01T06:03:00
host3173.ljvuw.com,0,benign,2025-01-03T04:53:00
host2895.ycpip.com,0,benign,2025-01-03T00:15:00
4ef0jbi0v.info,1,generic,2025-01-04T02:22:00
cherrytree.org,1,matsnu,2025-01-04T00:28:00
rockdate.org,1,matsnu,2025-01-01T10:54:00
fromthefrom.net,1,suppobox,2025-01-03T12:50:00
host4613.oayzg.com,0,benign,2025-01-04T04:53:00
b5ay9tt.biz,1,cryptolocker,2025-01-02T03:12:00
live.com,0,benign,2025-01-03T17:17:00
havehisfor.net,1,suppobox,2025-01-02T15:16:00
87byh3r.biz,1,cryptolocker,2025-01-01T02:17:00
host1104.ftqqk.com,0,benign,2025-01-01T18:24:00
host4739.dfulo.com,0,benign,2025-01-04T06:59:00
host1330.kvedb.com,0,benign,2025-01-01T22:10:00
v2jfmeskfldplm.info,1,generic,2025-01-01T16:22:00
chbxcqq.net,1,conficker,2025-01-04T10:23:00
host1678.odyms.com,0,benign,2025-01-02T03:58:00
host2401.pqvax.com,0,benign,2025-01-02T16:01:00
google.com,0,benign,2025-01-02T23:08:00
host3644.nuwrc.com,0,benign,2025-01-03T12:44:00
host285.ucssr.com,0,benign,2025-01-01T04:45:00
host1956.otpmt.com,0,benign,2025-01-02T08:36:00
pjcufetsmdrr.com,1,kraken,2025-01-02T08:03:00
amazon.com,0,benign,2025-01-02T20:16:00
github.com,0,benign,2025-01-04T05:44:00
host2862.xvusu.com,0,benign,2025-01-02T23:42:00
theyfornot.net,1,suppobox,2025-01-03T17:23:00
bing.com,0,benign,2025-01-01T02:41:00
host4345.eefkm.com,0,benign,2025-01-04T00:25:00
z2o30wxtvqfdem03o1.ru,1,generic,2025-01-01T23:55:00
host4796.plycc.com,0,benign,2025-01-04T07:56:00
host926.tjush.com,0,benign,2025-01-01T15:26:00
host3337.etfgj.com,0,benign,2025-01-03T07:37:00
fz5vuhw.ru,1,cryptolocker,2025-01-03T20:57:00
xotdlbcwkvxv.com,1,kraken,2025-01-03T17:20:00
haveyouthey.net,1,suppobox,2025-01-02T14:24:00
wysbewf.net,1,conficker,2025-01-03T15:34:00
havethehis.net,1,suppobox,2025-01-03T15:39:00
host182.lnamm.com,0,benign,2025-01-01T03:02:00
vvld400.info,1,cryptolocker,2025-01-02T08:01:00
v9al3i7.biz,1,cryptolocker,2025-01-03T10:01:00
eaknecv.biz,1,cryptolocker,2025-01-01T22:57:00
host2332.zmskq.com,0,benign,2025-01-02T14:52:00
7sitour.ru,1,cryptolocker,2025-01-02T10:20:00
google.com,0,benign,2025-01-01T00:41:00
watertree.org,1,matsnu,2025-01-01T22:27:00
host532.jmzqk.com,0,benign,2025-01-01T08:52:00
host1001.tbunt.com,0,benign,2025-01-01T16:41:00
lkx6jxo8aflnz9d.biz,1,generic,2025-01-04T06:30:00
applecherry.org,1,matsnu,2025-01-03T02:59:00
kmroejfnzguf.com,1,kraken,2025-01-04T00:54:00
host4299.kicyd.com,0,benign,2025-01-03T23:39:00
host3360.wizym.com,0,benign,2025-01-03T08:00:00
host3076.dmvbv.com,0,benign,2025-01-03T03:16:00
youbutfor.net,1,suppobox,2025-01-03T01:20:00
forfromthis.net,1,suppobox,2025-01-02T13:25:00
host4677.qixqc.com,0,benign,2025-01-04T05:57:00
forhavewith.net,1,suppobox,2025-01-01T05:39:00
host1851.amqqa.com,0,benign,2025-01-02T06:51:00
dj87k6q5m7y7k8mq4n3.info,1,generic,2025-01-01T08:03:00
host374.lhwvg.com,0,benign,2025-01-01T06:14:00
host1080.klskg.com,0,benign,2025-01-01T18:00:00
treeapple.org,1,matsnu,2025-01-03T05:24:00
host3290.bqxdg.com,0,benign,2025-01-03T06:50:00
hqfgtqgsvvnm.com,1,kraken,2025-01-04T04:23:00
host2317.rnhri.com,0,benign,2025-01-02T14:37:00
apple.com,0,benign,2025-01-02T08:57:00
theyhisthe.net,1,suppobox,2025-01-03T17:58:00
o8q4kb2.biz,1,cryptolocker,2025-01-01T03:22:00
host2062.gdyum.com,0,benign,2025-01-02T10:22:00
host4182.idqtl.com,0,benign,2025-01-03T21:42:00
mybwsben.net,1,conficker,2025-01-04T07:29:00
mrr3jow.biz,1,cryptolocker,2025-01-02T19:23:00
host4242.xrwov.com,0,benign,2025-01-03T22:42:00
host489.qnclr.com,0,benign,2025-01-01T08:09:00
live.com,0,benign,2025-01-01T03:23:00
apple.com,0,benign,2025-01-02T10:18:00
firetree.org,1,matsnu,2025-01-01T20:08:00
host3811.ndnlh.com,0,benign,2025-01-03T15:31:00
host820.lqvwl.com,0,benign,2025-01-01T13:40:00
wjjr3mezylyqhdfl.net,1,generic,2025-01-03T21:00:00
host1899.ntcdx.com,0,benign,2025-01-02T07:39:00
host4051.jqjqh.com,0,benign,2025-01-03T19:31:00
ianpattoxarm.com,1,kraken,2025-01-02T03:42:00
host4979.malde.com,0,benign,2025-01-04T10:59:00
host1319.rnnpj.com,0,benign,2025-01-01T21:59:00
host4789.bfloo.com,0,benign,2025-01-04T07:49:00
office.com,0,benign,2025-01-01T04:33:00
host4000.fatpn.com,0,benign,2025-01-03T18:40:00
host4234.hmthw.com,0,benign,2025-01-03T22:34:00
p0vr15d.ru,1,cryptolocker,2025-01-03T17:33:00
graperock.org,1,matsnu,2025-01-04T08:04:00
6rcsfo7.biz,1,cryptolocker,2025-01-04T00:13:00
host1346.zbpks.com,0,benign,2025-01-01T22:26:00
treeelder.org,1,matsnu,2025-01-02T21:10:00
fromtheybut.net,1,suppobox,2025-01-03T13:29:00
host2591.csaex.com,0,benign,2025-01-02T19:11:00
firewater.org,1,matsnu,2025-01-02T03:56:00
google.com,0,benign,2025-01-02T03:20:00
offupe.net,1,conficker,2025-01-01T07:49:00
thisyouthis.net,1,suppobox,2025-01-01T00:58:00
host855.muidh.com,0,benign,2025-01-01T14:15:00
host2328.xwtzp.com,0,benign,2025-01-02T14:48:00
havehisand.net,1,suppobox,2025-01-01T05:54:00
buthisfrom.net,1,suppobox,2025-01-03T15:03:00
host2408.ddrnf.com,0,benign,2025-01-02T16:08:00
obrhrkuknaum.com,1,kraken,2025-01-03T05:33:00
cherrystone.org,1,matsnu,2025-01-01T06:44:00
figfire.org,1,matsnu,2025-01-02T22:59:00
cherrygrape.org,1,matsnu,2025-01-04T00:26:00
host849.psqrf.com,0,benign,2025-01-01T14:09:00
ivokbb.net,1,conficker,2025-01-01T20:25:00
host4275.txslv.com,0,benign,2025-01-03T23:15:00
host2010.fciws.com,0,benign,2025-01-02T09:30:00
host1035.dafvp.com,0,benign,2025-01-01T17:15:00
rockfire.org,1,matsnu,2025-01-01T19:29:00
netflix.com,0,benign,2025-01-03T09:56:00
csdcrsod.net,1,conficker,2025-01-01T17:02:00
qorvlzv85cf5mau51o.cn,1,generic,2025-01-01T07:30:00
tswslbtgbgbq.com,1,kraken,2025-01-03T08:39:00
amazon.com,0,benign,2025-01-02T09:39:00
host2544.ogiam.com,0,benign,2025-01-02T18:24:00
bing.com,0,benign,2025-01-02T20:34:00
host3254.aemaq.com,0,benign,2025-01-03T06:14:00
host4079.lkqdz.com,0,benign,2025-01-03T19:59:00
host3291.ycipj.com,0,benign,2025-01-03T06:51:00
2i7hq2p.biz,1,cryptolocker,2025-01-03T07:13:00
host4626.kddgm.com,0,benign,2025-01-04T05:06:00
host559.hoksn.com,0,benign,2025-01-01T09:19:00
bing.com,0,benign,2025-01-03T11:20:00
live.com,0,benign,2025-01-04T02:00:00
otnzjios.net,1,conficker,2025-01-02T01:45:00
waterwater.org,1,matsnu,2025-01-02T18:32:00
cqogftpb.net,1,conficker,2025-01-04T02:02:00
qsmwaal.net,1,conficker,2025-01-02T20:52:00
host3489.jmukq.com,0,benign,2025-01-03T10:09:00
host2915.vdvjq.com,0,benign,2025-01-03T00:35:00
figrock.org,1,matsnu,2025-01-03T17:38:00
bing.com,0,benign,2025-01-02T18:29:00
grapefire.org,1,matsnu,2025-01-01T16:11:00
enkkdyd.ru,1,cryptolocker,2025-01-03T03:07:00
axppguikuxfv.com,1,kraken,2025-01-02T03:11:00
vriyr101wo6q4.org,1,generic,2025-01-02T11:22:00
host1759.wxsjq.com,0,benign,2025-01-02T05:19:00
gkdgy.net,1,conficker,2025-01-04T04:59:00
host1870.mnaag.com,0,benign,2025-01-02T07:10:00
cjgtcuas4tdby.biz,1,generic,2025-01-04T00:19:00
host3893.dvgtz.com,0,benign,2025-01-03T16:53:00
cloudflare.com,0,benign,2025-01-04T08:19:00
microsoft.com,0,benign,2025-01-03T19:43:00
host4586.ejbvb.com,0,benign,2025-01-04T04:26:00
apple.co,0,benign,2025-01-04T07:16:00
j4pxiqqfjstbpe6.net,1,generic,2025-01-02T20:36:00
host4725.lufpg.com,0,benign,2025-01-04T06:45:00
vplseyyslvdx.com,1,kraken,2025-01-03T21:33:00
host873.vbpio.com,0,benign,2025-01-01T14:33:00
host903.mpegx.com,0,benign,2025-01-01T15:03:00
1t6f07d.info,1,cryptolocker,2025-01-03T02:43:00
gujsq0q.biz,1,cryptolocker,2025-01-03T11:20:00
c763gmuv0.org,1,generic,2025-01-04T06:56:00
nottheyyou.net,1,suppobox,2025-01-03T20:23:00
7cucstnl2tgdwo4vbk.com,1,generic,2025-01-04T04:46:00
host1705.okpws.com,0,benign,2025-01-02T04:25:00
okcrpjcvialb.com,1,kraken,2025-01-02T15:18:00
firefig.org,1,matsnu,2025-01-02T06:15:00
host1596.norti.com,0,benign,2025-01-02T02:36:00
host2682.ctqao.com,0,benign,2025-01-02T20:42:00
host4018.maupl.com,0,benign,2025-01-03T18:58:00
notforhave.net,1,suppobox,2025-01-01T00:19:00
host1345.xjvty.com,0,benign,2025-01-01T22:25:00
b39vw1xr.biz,1,generic,2025-01-03T23:55:00
cxsrr.net,1,conficker,2025-01-02T04:52:00
host488.xvahj.com,0,benign,2025-01-01T08:08:00
zyshuv.net,1,conficker,2025-01-02T14:05:00
eu9q8bw.info,1,cryptolocker,2025-01-01T09:55:00
host565.uvnsg.com,0,benign,2025-01-01T09:25:00
host2060.uradb.com,0,benign,2025-01-02T10:20:00
applefig.org,1,matsnu,2025-01-03T23:17:00
mpynuqs.net,1,conficker,2025-01-03T04:51:00
skdmxo.net,1,conficker,2025-01-02T21:46:00
figapple.org,1,matsnu,2025-01-01T15:22:00
host282.oweqr.com,0,benign,2025-01-01T04:42:00
pwkqmzon.net,1,conficker,2025-01-04T04:09:00
fromtheyyou.net,1,suppobox,2025-01-02T12:34:00
host764.kjyil.com,0,benign,2025-01-01T12:44:00
cloudflare.com,0,benign,2025-01-04T06:54:00
nzzwtqxj.net,1,conficker,2025-01-02T07:17:00
host2636.oeihg.com,0,benign,2025-01-02T19:56:00
rncbof.net,1,conficker,2025-01-03T02:15:00
f489rb9.info,1,cryptolocker,2025-01-01T16:08:00
host113.jobhe.com,0,benign,2025-01-01T01:53:00
host4037.ohpfa.com,0,benign,2025-01-03T19:17:00
4vevwri.ru,1,cryptolocker,2025-01-03T12:09:00
butbutnot.net,1,suppobox,2025-01-03T17:56:00
okf7y8r5ttk.biz,1,generic,2025-01-02T10:07:00
havehavethat.net,1,suppobox,2025-01-01T09:15:00
ynrtg.net,1,conficker,2025-01-03T08:19:00
andforbut.net,1,suppobox,2025-01-02T16:42:00
butforhis.net,1,suppobox,2025-01-03T21:26:00
omwkzeutlxqm.com,1,kraken,2025-01-03T22:22:00
host4569.zapdb.com,0,benign,2025-01-04T04:09:00
w8h0y4e.info,1,cryptolocker,2025-01-01T04:26:00
host3097.cmodz.com,0,benign,2025-01-03T03:37:00
yahoo.com,0,benign,2025-01-03T00:53:00
tfydvojdubav.com,1,kraken,2025-01-01T13:11:00
host4304.dsaex.com,0,benign,2025-01-03T23:44:00
host1515.xzfee.com,0,benign,2025-01-02T01:15:00
host4706.jbmvi.com,0,benign,2025-01-04T06:26:00
nb5e98z.ru,1,cryptolocker,2025-01-04T08:37:00
03xe9ps.info,1,cryptolocker,2025-01-02T11:32:00
qpevhiu.net,1,conficker,2025-01-02T12:19:00
wp2yxhj.info,1,cryptolocker,2025-01-02T11:15:00
host4204.sjldb.com,0,benign,2025-01-03T22:04:00
host4960.vzakw.com,0,benign,2025-01-04T10:40:00
host303.amwkz.com,0,benign,2025-01-01T05:03:00
wikipedia.org,0,benign,2025-01-03T15:39:00
frombutthe.net,1,suppobox,2025-01-03T20:41:00
host2640.yclak.com,0,benign,2025-01-02T20:00:00
treestone.org,1,matsnu,2025-01-01T20:15:00
host4355.cxqwz.com,0,benign,2025-01-04T00:35:00
host2482.fzzdy.com,0,benign,2025-01-02T17:22:00
gwopyvc.net,1,conficker,2025-01-02T11:08:00
host4942.sgknn.com,0,benign,2025-01-04T10:22:00
host3316.pejpc.com,0,benign,2025-01-03T07:16:00
appledate.org,1,matsnu,2025-01-02T16:49:00
zrkan.net,1,conficker,2025-01-04T02:51:00
host4274.gnpfe.com,0,benign,2025-01-03T23:14:00
host2231.bovfg.com,0,benign,2025-01-02T13:11:00
host858.sorck.com,0,benign,2025-01-01T14:18:00
zoom.us,0,benign,2025-01-03T13:38:00
umbalvao.net,1,conficker,2025-01-01T13:06:00
microsoft.com,0,benign,2025-01-01T21:40:00
7wlnvze36u2h.org,1,generic,2025-01-01T11:43:00
butwithand.net,1,suppobox,2025-01-03T17:49:00
buthisnot.net,1,suppobox,2025-01-04T03:18:00
cdjewn.net,1,conficker,2025-01-02T17:42:00
host385.dodtz.com,0,benign,2025-01-01T06:25:00
amazon.com,0,benign,2025-01-03T03:00:00
host108.puvhf.com,0,benign,2025-01-01T01:48:00
host409.xxocp.com,0,benign,2025-01-01T06:49:00
6129czuzkbd.tk,1,generic,2025-01-04T05:33:00
host3327.juhja.com,0,benign,2025-01-03T07:27:00
datebanana.org,1,matsnu,2025-01-01T23:29:00
host3765.tyukv.com,0,benign,2025-01-03T14:45:00
host593.ijpiz.com,0,benign,2025-01-01T09:53:00
host2603.kenlg.com,0,benign,2025-01-02T19:23:00
thatnothis.net,1,suppobox,2025-01-03T15:07:00
apple.com,0,benign,2025-01-01T00:18:00
github.com,0,benign,2025-01-03T00:23:00
9zioxvl.biz,1,cryptolocker,2025-01-02T11:17:00
gtsmygwy.net,1,conficker,2025-01-04T05:00:00
host1649.eobnz.com,0,benign,2025-01-02T03:29:00
lqcshtt.info,1,cryptolocker,2025-01-04T08:54:00
ouolxjlqcysx.com,1,kraken,2025-01-03T06:40:00
079wkpi.ru,1,cryptolocker,2025-01-02T08:29:00
aws.amazon.com,0,benign,2025-01-01T03:44:00
z0hdumc.biz,1,cryptolocker,2025-01-01T00:08:00
host3150.rkoxp.com,0,benign,2025-01-03T04:30:00
ckldw9eix64o9ne.net,1,generic,2025-01-03T18:11:00
lvexkpi.net,1,conficker,2025-01-02T19:54:00
host2220.pelnd.com,0,benign,2025-01-02T13:00:00
elderdate.org,1,matsnu,2025-01-03T02:17:00
wqjlmqm.biz,1,cryptolocker,2025-01-04T10:24:00
host2565.aodtg.com,0,benign,2025-01-02T18:45:00
jziwkfoz.net,1,conficker,2025-01-03T19:16:00
bing.com,0,benign,2025-01-03T14:55:00
nwego1o.ru,1,cryptolocker,2025-01-01T01:40:00
rockstone.org,1,matsnu,2025-01-04T00:15:00
host2341.jobuy.com,0,benign,2025-01-02T15:01:00
host4601.pljgk.com,0,benign,2025-01-04T04:41:00
host2616.uzedm.com,0,benign,2025-01-02T19:36:00
lczqmvjqqugp.com,1,kraken,2025-01-03T02:10:00
theyandand.net,1,suppobox,2025-01-01T14:19:00
qpzukkv2.com,1,generic,2025-01-02T01:55:00
havefromthey.net,1,suppobox,2025-01-01T19:21:00
host4472.yygor.com,0,benign,2025-01-04T02:32:00
host1529.iegpa.com,0,benign,2025-01-02T01:29:00
host1743.poyoj.com,0,benign,2025-01-02T05:03:00
andforwith.net,1,suppobox,2025-01-02T04:58:00
hisforthe.net,1,suppobox,2025-01-03T18:47:00
thetheyfrom.net,1,suppobox,2025-01-02T08:37:00
host3824.vcmgu.com,0,benign,2025-01-03T15:44:00
pgantig.net,1,conficker,2025-01-02T11:26:00
nefadwxlkixi.com,1,kraken,2025-01-04T03:10:00
havehavebut.net,1,suppobox,2025-01-03T04:42:00
host4102.fzrhy.com,0,benign,2025-01-03T20:22:00
ndrveylqhhug.com,1,kraken,2025-01-03T20:26:00
26v13g0.info,1,cryptolocker,2025-01-02T21:09:00
live.com,0,benign,2025-01-01T06:20:00
host1847.custi.com,0,benign,2025-01-02T06:47:00
host3942.zokqk.com,0,benign,2025-01-03T17:42:00
4tjebyk.ru,1,cryptolocker,2025-01-02T00:05:00
host2734.fzrxb.com,0,benign,2025-01-02T21:34:00
host813.kbnol.com,0,benign,2025-01-01T13:33:00
host3423.uyvkz.com,0,benign,2025-01-03T09:03:00
0bi8am9bvcrmhzb9xtc6.tk,1,generic,2025-01-02T19:39:00
ywbifiwbkvbm.com,1,kraken,2025-01-01T12:32:00
host1443.tayih.com,0,benign,2025-01-02T00:03:00
host4239.vtmpj.com,0,benign,2025-01-03T22:39:00
waterelder.org,1,matsnu,2025-01-02T22:46:00
p9wyza2.biz,1,cryptolocker,2025-01-04T10:05:00
fcfzniroqnge.com,1,kraken,2025-01-03T11:05:00
kfapapjc.net,1,conficker,2025-01-02T02:43:00
host3570.dowup.com,0,benign,2025-01-03T11:30:00
figdate.org,1,matsnu,2025-01-02T22:38:00
azure.com,0,benign,2025-01-01T01:00:00
applerock.org,1,matsnu,2025-01-01T13:56:00
host4640.nqzfb.com,0,benign,2025-01-04T05:20:00
theynotfrom.net,1,suppobox,2025-01-04T10:17:00
host3381.yandw.com,0,benign,2025-01-03T08:21:00
host3795.orubj.com,0,benign,2025-01-03T15:15:00
jlpvrmyfbiaw.com,1,kraken,2025-01-03T18:39:00
host2588.jsoev.com,0,benign,2025-01-02T19:08:00
host446.drrbq.com,0,benign,2025-01-01T07:26:00
host3367.rvypm.com,0,benign,2025-01-03T08:07:00
netflix.com,0,benign,2025-01-01T14:17:00
rwo9ww6fhgm76defh8.cn,1,generic,2025-01-03T17:17:00
23arj80.info,1,cryptolocker,2025-01-01T00:05:00
host2598.wrxwb.com,0,benign,2025-01-02T19:18:00
google.com,0,benign,2025-01-02T10:53:00
3c7l4p95ayfz8.tk,1,generic,2025-01-02T18:20:00
host893.hhyzu.com,0,benign,2025-01-01T14:53:00
host2269.tgkox.com,0,benign,2025-01-02T13:49:00
ykvbzsukvrdw.com,1,kraken,2025-01-02T12:11:00
host1302.aptzj.com,0,benign,2025-01-01T21:42:00
host3441.axhfj.com,0,benign,2025-01-03T09:21:00
slack.com,0,benign,2025-01-01T17:48:00
host4737.weajq.com,0,benign,2025-01-04T06:57:00
host49.skokk.com,0,benign,2025-01-01T00:49:00
56emq0ed.ru,1,generic,2025-01-04T10:49:00
2l9ggfqk877boq.tk,1,generic,2025-01-01T13:40:00
applerock.org,1,matsnu,2025-01-02T00:08:00
theandbut.net,1,suppobox,2025-01-03T06:25:00
rzursqgh.net,1,conficker,2025-01-01T09:03:00
x0nyp05aumq0w44d7oi5.info,1,generic,2025-01-03T11:53:00
host4203.hkenj.com,0,benign,2025-01-03T22:03:00
facebook.com,0,benign,2025-01-02T21:41:00
rtkxbujn.net,1,conficker,2025-01-03T10:32:00
thisyouwith.net,1,suppobox,2025-01-01T10:43:00
host2742.fiznb.com,0,benign,2025-01-02T21:42:00
host3352.zvlds.com,0,benign,2025-01-03T07:52:00
host3078.lfivo.com,0,benign,2025-01-03T03:18:00
frakjhl.net,1,conficker,2025-01-01T21:38:00
orktte.net,1,conficker,2025-01-02T01:53:00
ufkayrn.net,1,conficker,2025-01-01T06:01:00
firebanana.org,1,matsnu,2025-01-01T01:20:00
ryvayzuagicv.com,1,kraken,2025-01-02T11:35:00
host12.jqgqc.com,0,benign,2025-01-01T00:12:00
rgxnqsztgwlb.com,1,kraken,2025-01-01T03:46:00
facebook.com,0,benign,2025-01-03T05:11:00
office.com,0,benign,2025-01-03T22:43:00
host700.ckgxj.com,0,benign,2025-01-01T11:40:00
tarunsvv.net,1,conficker,2025-01-03T20:22:00
wohhbnbe.net,1,conficker,2025-01-01T11:44:00
host1603.wkisn.com,0,benign,2025-01-02T02:43:00
ft30fud.biz,1,cryptolocker,2025-01-03T11:37:00
host2567.mwxhl.com,0,benign,2025-01-02T18:47:00
facebook.com,0,benign,2025-01-02T01:43:00
zfhujvtaffcy.com,1,kraken,2025-01-02T09:49:00
pozpeciufgmt.com,1,kraken,2025-01-03T03:31:00
wikipedia.org,0,benign,2025-01-03T15:58:00
host4348.rmvbs.com,0,benign,2025-01-04T00:28:00
buttheythis.net,1,suppobox,2025-01-02T00:20:00
fromwithwith.net,1,suppobox,2025-01-02T05:39:00
gitciqjilg0t9.info,1,generic,2025-01-03T17:19:00
host789.ugzhz.com,0,benign,2025-01-01T13:09:00
wvdvjtbd.net,1,conficker,2025-01-03T18:15:00
notyouthe.net,1,suppobox,2025-01-02T08:08:00
host1688.jcgzt.com,0,benign,2025-01-02T04:08:00
rockwater.org,1,matsnu,2025-01-04T07:09:00
host4254.vzjzx.com,0,benign,2025-01-03T22:54:00
8a774c2.biz,1,cryptolocker,2025-01-03T04:04:00
host1425.hjgwn.com,0,benign,2025-01-01T23:45:00
office.com,0,benign,2025-01-03T06:25:00
stoneelder.org,1,matsnu,2025-01-02T06:55:00
grapefire.org,1,matsnu,2025-01-01T10:24:00
host4719.oczhb.com,0,benign,2025-01-04T06:39:00
host1137.rsbku.com,0,benign,2025-01-01T18:57:00
figwater.org,1,matsnu,2025-01-01T13:55:00
thatthethey.net,1,suppobox,2025-01-03T19:18:00
ak41jm9.info,1,cryptolocker,2025-01-01T01:59:00
afludty.net,1,conficker,2025-01-02T02:03:00
aws.amazon.com,0,benign,2025-01-02T18:33:00
host8.bbqxn.com,0,benign,2025-01-01T00:08:00
host311.vregp.com,0,benign,2025-01-01T05:11:00
host1808.uejai.com,0,benign,2025-01-02T06:08:00
1qbswns25k5wlu.org,1,generic,2025-01-03T09:20:00
host901.rfnsi.com,0,benign,2025-01-01T15:01:00
grtsubxlqkfm.com,1,kraken,2025-01-04T07:56:00
host2155.ecnmo.com,0,benign,2025-01-02T11:55:00
host4581.xrnej.com,0,benign,2025-01-04T04:21:00
tepzieeq470g740jv7.info,1,generic,2025-01-03T18:00:00
fromandfrom.net,1,suppobox,2025-01-02T15:06:00
host2197.qijnc.com,0,benign,2025-01-02T12:37:00
pla92av5d.tk,1,generic,2025-01-01T21:36:00
host4588.ycmps.com,0,benign,2025-01-04T04:28:00
facebook.com,0,benign,2025-01-01T20:36:00
host2348.iiges.com,0,benign,2025-01-02T15:08:00
host3168.tahst.com,0,benign,2025-01-03T04:48:00
host4968.mmlbf.com,0,benign,2025-01-04T10:48:00
ds5iwga.ru,1,cryptolocker,2025-01-03T10:19:00
live.com,0,benign,2025-01-03T13:27:00
host2054.jagsy.com,0,benign,2025-01-02T10:14:00
bananacherry.org,1,matsnu,2025-01-01T01:29:00
salesforce.com,0,benign,2025-01-03T19:55:00
host1180.faerk.com,0,benign,2025-01-01T19:40:00
live.com,0,benign,2025-01-02T16:22:00
withyouyou.net,1,suppobox,2025-01-03T05:17:00
host2557.trxph.com,0,benign,2025-01-02T18:37:00
wndfd2l.ru,1,cryptolocker,2025-01-01T05:27:00
apple.com,0,benign,2025-01-02T01:19:00
host1269.lkzpm.com,0,benign,2025-01-01T21:09:00
host2466.ditbv.com,0,benign,2025-01-02T17:06:00
host3030.xqonb.com,0,benign,2025-01-03T02:30:00
rajnn.net,1,conficker,2025-01-03T19:41:00
2ks20r8.ru,1,cryptolocker,2025-01-01T05:01:00
gnsrofe.ru,1,cryptolocker,2025-01-01T21:16:00
host3748.ceyxh.com,0,benign,2025-01-03T14:28:00
host2063.ntcdq.com,0,benign,2025-01-02T10:23:00
treefire.org,1,matsnu,2025-01-02T06:05:00
lh4uo3b.info,1,cryptolocker,2025-01-03T23:08:00
b4t1ieiqs0a9jpz.net,1,generic,2025-01-03T15:26:00
thatandthat.net,1,suppobox,2025-01-02T00:10:00
host144.gpgse.com,0,benign,2025-01-01T02:24:00
s1mn79ttfb1th.net,1,generic,2025-01-01T05:40:00
gxfyt.net,1,conficker,2025-01-01T15:44:00
host1925.rnbaa.com,0,benign,2025-01-02T08:05:00
souisrpyfolx.com,1,kraken,2025-01-01T02:21:00
n8yx0pmq7qyig41bpv1.biz,1,generic,2025-01-03T03:52:00
datedate.org,1,matsnu,2025-01-03T05:10:00
host4380.znlii.com,0,benign,2025-01-04T01:00:00
firecherry.org,1,matsnu,2025-01-01T03:42:00
kecbxabbtafb.com,1,kraken,2025-01-04T00:06:00
t93jybaz0pxjo13z5ecg.info,1,generic,2025-01-02T15:41:00
cvfmfkffhual.com,1,kraken,2025-01-03T22:11:00
host4552.xezad.com,0,benign,2025-01-04T03:52:00
host3843.pvbkg.com,0,benign,2025-01-03T16:03:00
rn3c8b8.biz,1,cryptolocker,2025-01-02T09:01:00
isxvjl1ui.tk,1,generic,2025-01-02T19:51:00
host1647.mcnzx.com,0,benign,2025-01-02T03:27:00
host564.jihrm.com,0,benign,2025-01-01T09:24:00
tusquzkkdsga.com,1,kraken,2025-01-01T05:55:00
watertree.org,1,matsnu,2025-01-04T01:01:00
ppucntzwykfj.com,1,kraken,2025-01-02T00:45:00
host756.ohiak.com,0,benign,2025-01-01T12:36:00
jfosv.net,1,conficker,2025-01-04T11:02:00
host4868.alkqr.com,0,benign,2025-01-04T09:08:00
google.com,0,benign,2025-01-03T05:03:00
host1114.jutbl.com,0,benign,2025-01-01T18:34:00
google.com,0,benign,2025-01-04T09:58:00
host674.eeyjv.com,0,benign,2025-01-01T11:14:00
treerock.org,1,matsnu,2025-01-01T23:59:00
apple.com,0,benign,2025-01-01T18:22:00
host243.gareq.com,0,benign,2025-01-01T04:03:00
host1175.ioeap.com,0,benign,2025-01-01T19:35:00
fbllo.net,1,conficker,2025-01-02T01:47:00
4tvx6zw.info,1,cryptolocker,2025-01-03T23:49:00
stoneelder.org,1,matsnu,2025-01-03T09:21:00
host1810.bvvrc.com,0,benign,2025-01-02T06:10:00
rockwater.org,1,matsnu,2025-01-01T02:12:00
host247.ltyka.com,0,benign,2025-01-01T04:07:00
host336.looaq.com,0,benign,2025-01-01T05:36:00
zyttu4t.info,1,cryptolocker,2025-01-02T11:14:00
0dzjebx.ru,1,cryptolocker,2025-01-01T05:52:00
notthehis.net,1,suppobox,2025-01-03T21:24:00
bgtssnh.net,1,conficker,2025-01-04T07:40:00
noipjckupwmj.com,1,kraken,2025-01-01T12:36:00
apple.co,0,benign,2025-01-01T03:03:00
host1690.qcair.com,0,benign,2025-01-02T04:10:00
host1242.bswni.com,0,benign,2025-01-01T20:42:00
appletree.org,1,matsnu,2025-01-03T05:18:00
nndth.net,1,conficker,2025-01-04T01:13:00
elderrock.org,1,matsnu,2025-01-03T03:50:00
uvjhvwpihvha.com,1,kraken,2025-01-02T14:39:00
host3071.uwnle.com,0,benign,2025-01-03T03:11:00
cherryelder.org,1,matsnu,2025-01-03T13:54:00
host3921.zsmxi.com,0,benign,2025-01-03T17:21:00
zoom.us,0,benign,2025-01-02T03:23:00
host3574.bmsrl.com,0,benign,2025-01-03T11:34:00
hfmbkjychdjx.com,1,kraken,2025-01-01T21:33:00
host2449.bqhgt.com,0,benign,2025-01-02T16:49:00
cloudflare.com,0,benign,2025-01-02T22:10:00
mmvcoswb.net,1,conficker,2025-01-01T09:52:00
cherryapple.org,1,matsnu,2025-01-04T01:06:00
host4128.gecoa.com,0,benign,2025-01-03T20:48:00
2znakz8t5o.ru,1,generic,2025-01-03T23:23:00
host2706.jrcel.com,0,benign,2025-01-02T21:06:00
amazon.com,0,benign,2025-01-01T06:36:00
zrkjbdi.info,1,cryptolocker,2025-01-03T16:48:00
gnygfybgrbdh.com,1,kraken,2025-01-01T09:19:00
host3115.kqwva.com,0,benign,2025-01-03T03:55:00
9jdlf8y2kzgv5.org,1,generic,2025-01-02T03:17:00
azure.com,0,benign,2025-01-01T16:34:00
host3546.yjtdq.com,0,benign,2025-01-03T11:06:00
nznbdch.net,1,conficker,2025-01-03T13:48:00
host676.dwkfi.com,0,benign,2025-01-01T11:16:00
host1444.ehows.com,0,benign,2025-01-02T00:04:00
smkurtmwqdju.com,1,kraken,2025-01-01T21:28:00
xovjz.net,1,conficker,2025-01-01T23:24:00
grapetree.org,1,matsnu,2025-01-02T04:39:00
host4584.abtul.com,0,benign,2025-01-04T04:24:00
host4156.cjvvk.com,0,benign,2025-01-03T21:16:00
bananafig.org,1,matsnu,2025-01-01T20:19:00
89owysl.info,1,cryptolocker,2025-01-04T02:04:00
host3067.yfdwd.com,0,benign,2025-01-03T03:07:00
host3345.tstbr.com,0,benign,2025-01-03T07:45:00
host3061.goxwh.com,0,benign,2025-01-03T03:01:00
slack.com,0,benign,2025-01-02T05:58:00
host1793.nxtzx.com,0,benign,2025-01-02T05:53:00
host2458.azoyf.com,0,benign,2025-01-02T16:58:00
host4746.xopdt.com,0,benign,2025-01-04T07:06:00
88d3bvw.ru,1,cryptolocker,2025-01-04T08:02:00
ltyusltbtwmx.com,1,kraken,2025-01-01T03:40:00
host3617.uclox.com,0,benign,2025-01-03T12:17:00
host3701.nikyj.com,0,benign,2025-01-03T13:41:00
host4320.owjuc.com,0,benign,2025-01-04T00:00:00
kgoxo.net,1,conficker,2025-01-01T05:13:00
r95dn6o.ru,1,cryptolocker,2025-01-02T02:06:00
host2357.plaqm.com,0,benign,2025-01-02T15:17:00
nvt826gm.cn,1,generic,2025-01-01T08:46:00
dzwikgmxy.net,1,generic,2025-01-03T10:52:00
younotwith.net,1,suppobox,2025-01-01T05:26:00
firefire.org,1,matsnu,2025-01-03T11:21:00
host3206.twauu.com,0,benign,2025-01-03T05:26:00
ovzuhoye.net,1,conficker,2025-01-01T14:35:00
host4375.ifcin.com,0,benign,2025-01-04T00:55:00
host2350.gdmhs.com,0,benign,2025-01-02T15:10:00
k32zs18.biz,1,cryptolocker,2025-01-01T20:11:00
host4604.myxvp.com,0,benign,2025-01-04T04:44:00
bananawater.org,1,matsnu,2025-01-04T10:57:00
treetree.org,1,matsnu,2025-01-02T10:43:00
host2519.wcuvd.com,0,benign,2025-01-02T17:59:00
mlbofifxreks.com,1,kraken,2025-01-01T23:14:00
host3433.plmhr.com,0,benign,2025-01-03T09:13:00
andandbut.net,1,suppobox,2025-01-03T12:30:00
host3201.itvpq.com,0,benign,2025-01-03T05:21:00
host4388.zicdd.com,0,benign,2025-01-04T01:08:00
kfxsmwj.info,1,cryptolocker,2025-01-03T12:29:00
mv1ivah7q3g.biz,1,generic,2025-01-02T22:08:00
host4351.fsogm.com,0,benign,2025-01-04T00:31:00
aflkngonttho.com,1,kraken,2025-01-02T23:26:00
host648.pthrr.com,0,benign,2025-01-01T10:48:00
host536.xlhks.com,0,benign,2025-01-01T08:56:00
coafoj.net,1,conficker,2025-01-04T06:53:00
frombutthe.net,1,suppobox,2025-01-04T02:53:00
host1926.mnjsp.com,0,benign,2025-01-02T08:06:00
host3472.dlfet.com,0,benign,2025-01-03T09:52:00
hisnothave.net,1,suppobox,2025-01-04T09:19:00
host2306.vxgja.com,0,benign,2025-01-02T14:26:00
rmbh7svkzn.cn,1,generic,2025-01-04T03:23:00
netflix.com,0,benign,2025-01-02T21:59:00
kdpbldb.net,1,conficker,2025-01-01T01:19:00
cherrywater.org,1,matsnu,2025-01-03T07:36:00
host1096.zirjf.com,0,benign,2025-01-01T18:16:00
yr1ez5jq.tk,1,generic,2025-01-01T05:08:00
host2417.vrlxu.com,0,benign,2025-01-02T16:17:00
host3624.dngzh.com,0,benign,2025-01-03T12:24:00
na31vx4nqzo5kzj46m.org,1,generic,2025-01-01T07:45:00
host1557.xufuu.com,0,benign,2025-01-02T01:57:00
histhatthe.net,1,suppobox,2025-01-01T23:17:00
host1374.rrfcy.com,0,benign,2025-01-01T22:54:00
forfromhis.net,1,suppobox,2025-01-04T10:19:00
h5chrwj.info,1,cryptolocker,2025-01-03T01:08:00
host4169.fqqhm.com,0,benign,2025-01-03T21:29:00
figapple.org,1,matsnu,2025-01-04T02:01:00
h3rpwen.ru,1,cryptolocker,2025-01-03T08:34:00
32uem4udm65.org,1,generic,2025-01-03T15:04:00
figbanana.org,1,matsnu,2025-01-02T03:13:00
host4374.wedir.com,0,benign,2025-01-04T00:54:00
apple.com,0,benign,2025-01-02T04:04:00
61w93z8i7kq6aonx.com,1,generic,2025-01-01T02:23:00
andthatfor.net,1,suppobox,2025-01-02T02:53:00
deoliislfexy.com,1,kraken,2025-01-03T05:13:00
host818.knqeo.com,0,benign,2025-01-01T13:38:00
host1259.nkbyc.com,0,benign,2025-01-01T20:59:00
host557.ftaqw.com,0,benign,2025-01-01T09:17:00
dcrdo.net,1,conficker,2025-01-04T07:02:00
host2550.heeiw.com,0,benign,2025-01-02T18:30:00
host3885.dzfdb.com,0,benign,2025-01-03T16:45:00
tccyimbtduzz.com,1,kraken,2025-01-03T18:23:00
host4224.tpuar.com,0,benign,2025-01-03T22:24:00
host512.pbtuv.com,0,benign,2025-01-01T08:32:00
x2hv49tx.cn,1,generic,2025-01-03T17:03:00
host3094.narzg.com,0,benign,2025-01-03T03:34:00
dloqyto.net,1,conficker,2025-01-03T03:25:00
9armwth.ru,1,cryptolocker,2025-01-02T08:12:00
upwfak.net,1,conficker,2025-01-03T09:56:00
havehishis.net,1,suppobox,2025-01-03T08:09:00
host1997.pfhqj.com,0,benign,2025-01-02T09:17:00
butthehis.net,1,suppobox,2025-01-01T04:14:00
host309.dqrnp.com,0,benign,2025-01-01T05:09:00
host1685.voecx.com,0,benign,2025-01-02T04:05:00
host2617.dpgor.com,0,benign,2025-01-02T19:37:00
jy7sj6c.info,1,cryptolocker,2025-01-03T02:41:00
c2q4k48.info,1,cryptolocker,2025-01-02T15:28:00
kqknljf.net,1,conficker,2025-01-04T09:25:00
host3532.pgjss.com,0,benign,2025-01-03T10:52:00
microsoft.com,0,benign,2025-01-02T19:01:00
apple.com,0,benign,2025-01-02T06:09:00
azure.com,0,benign,2025-01-01T12:04:00
k08qq7c.biz,1,cryptolocker,2025-01-01T18:39:00
host1440.qoeiy.com,0,benign,2025-01-02T00:00:00
amazon.com,0,benign,2025-01-02T13:03:00
7x5il5rq1rf6vvk19f.org,1,generic,2025-01-01T16:12:00
5yqkx5551955.ru,1,generic,2025-01-03T14:59:00
host4012.qpdam.com,0,benign,2025-01-03T18:52:00
office.com,0,benign,2025-01-01T17:03:00
theyouthis.net,1,suppobox,2025-01-02T13:26:00
host2279.easvw.com,0,benign,2025-01-02T13:59:00
yahoo.com,0,benign,2025-01-01T11:00:00
host1038.dsegg.com,0,benign,2025-01-01T17:18:00
vspoxmllecvz.com,1,kraken,2025-01-02T06:21:00
host3688.tnsht.com,0,benign,2025-01-03T13:28:00
2zts3dj.biz,1,cryptolocker,2025-01-01T16:32:00
host1234.peyby.com,0,benign,2025-01-01T20:34:00
lmwvcnqsfdrz.com,1,kraken,2025-01-03T00:31:00
phcksonakutg.com,1,kraken,2025-01-03T03:37:00
yahhuclg.net,1,conficker,2025-01-01T19:32:00
microsoft.com,0,benign,2025-01-04T10:37:00
host3455.lifxg.com,0,benign,2025-01-03T09:35:00
lutvkggzplzb.com,1,kraken,2025-01-01T23:36:00
host3603.zicum.com,0,benign,2025-01-03T12:03:00
havethishis.net,1,suppobox,2025-01-01T15:19:00
cherrygrape.org,1,matsnu,2025-01-03T02:13:00
host3621.tojae.com,0,benign,2025-01-03T12:21:00
cfufhsietmsq.com,1,kraken,2025-01-04T02:48:00
host3757.zptrs.com,0,benign,2025-01-03T14:37:00
host2807.qeczp.com,0,benign,2025-01-02T22:47:00
fqackglzddgg.com,1,kraken,2025-01-02T12:50:00
5n6m5spkj58.biz,1,generic,2025-01-02T00:04:00
host4183.futxm.com,0,benign,2025-01-03T21:43:00
host3826.pbaxy.com,0,benign,2025-01-03T15:46:00
thistheythis.net,1,suppobox,2025-01-03T15:57:00
bscub3ecd1tf9i3btx.cn,1,generic,2025-01-03T16:21:00
host682.lzjhk.com,0,benign,2025-01-01T11:22:00
zkzllajargba.com,1,kraken,2025-01-03T09:48:00
stonewater.org,1,matsnu,2025-01-04T02:59:00
theynotfrom.net,1,suppobox,2025-01-02T19:50:00
havehiswith.net,1,suppobox,2025-01-03T22:31:00
host2397.uvsnc.com,0,benign,2025-01-02T15:57:00
apple.co,0,benign,2025-01-03T00:37:00
x3t9le2gek.net,1,generic,2025-01-02T11:40:00
host3705.awveh.com,0,benign,2025-01-03T13:45:00
apouok.net,1,conficker,2025-01-03T21:06:00
yoadj.net,1,conficker,2025-01-01T20:44:00
host2678.vzipa.com,0,benign,2025-01-02T20:38:00
forbutfrom.net,1,suppobox,2025-01-02T20:18:00
host1660.agvjj.com,0,benign,2025-01-02T03:40:00
thatwiththis.net,1,suppobox,2025-01-02T19:19:00
thethehave.net,1,suppobox,2025-01-01T22:53:00
yahoo.com,0,benign,2025-01-04T05:19:00
bing.com,0,benign,2025-01-02T07:43:00
host1692.bxsww.com,0,benign,2025-01-02T04:12:00
stonerock.org,1,matsnu,2025-01-04T01:25:00
omdsg.net,1,conficker,2025-01-04T07:57:00
klputwk.net,1,conficker,2025-01-02T07:51:00
host1983.cxuys.com,0,benign,2025-01-02T09:03:00
host2365.mrluh.com,0,benign,2025-01-02T15:25:00
voeznhsgklnl.com,1,kraken,2025-01-03T04:26:00
host2767.uikii.com,0,benign,2025-01-02T22:07:00
vkavcl.net,1,conficker,2025-01-04T04:42:00
host3182.jjjgs.com,0,benign,2025-01-03T05:02:00
host4549.dfpyu.com,0,benign,2025-01-04T03:49:00
host2688.dxchi.com,0,benign,2025-01-02T20:48:00
host4423.eersd.com,0,benign,2025-01-04T01:43:00
host1328.izfbz.com,0,benign,2025-01-01T22:08:00
youthethe.net,1,suppobox,2025-01-01T02:31:00
figelder.org,1,matsnu,2025-01-03T16:20:00
host4605.mvyvq.com,0,benign,2025-01-04T04:45:00
host964.rzyem.com,0,benign,2025-01-01T16:04:00
host4900.cykpb.com,0,benign,2025-01-04T09:40:00
namxmj.net,1,conficker,2025-01-02T03:35:00
host2881.nsaqs.com,0,benign,2025-01-03T00:01:00
host3146.fjekm.com,0,benign,2025-01-03T04:26:00
lkljbhu.net,1,conficker,2025-01-03T22:21:00
host513.edukx.com,0,benign,2025-01-01T08:33:00
host1498.llqos.com,0,benign,2025-01-02T00:58:00
5dyija7.info,1,cryptolocker,2025-01-01T08:06:00
krtxvsmpoddn.com,1,kraken,2025-01-02T10:45:00
host3578.fgskw.com,0,benign,2025-01-03T11:38:00
host1965.izklr.com,0,benign,2025-01-02T08:45:00
ig2d6vibhn.com,1,generic,2025-01-03T21:12:00
host9.dathr.com,0,benign,2025-01-01T00:09:00
vejppzgyyjsf.com,1,kraken,2025-01-02T10:15:00
eldertree.org,1,matsnu,2025-01-01T02:39:00
host1481.tzwwf.com,0,benign,2025-01-02T00:41:00
thfqxsroasxe.com,1,kraken,2025-01-03T14:12:00
host1715.mrduc.com,0,benign,2025-01-02T04:35:00
eldercherry.org,1,matsnu,2025-01-04T07:22:00
dioxg.net,1,conficker,2025-01-02T16:05:00
appleapple.org,1,matsnu,2025-01-04T01:22:00
host4112.uyzuv.com,0,benign,2025-01-03T20:32:00
host782.izfcu.com,0,benign,2025-01-01T13:02:00
waterwater.org,1,matsnu,2025-01-02T01:16:00
host452.gdjbr.com,0,benign,2025-01-01T07:32:00
nluss8khbzk7eiw3gu3m.cn,1,generic,2025-01-04T01:19:00
96v27pla.cn,1,generic,2025-01-01T18:30:00
sbebbdxlczyn.com,1,kraken,2025-01-01T02:27:00
host737.fxjfl.com,0,benign,2025-01-01T12:17:00
trvju.net,1,conficker,2025-01-01T19:27:00
host597.ufkqz.com,0,benign,2025-01-01T09:57:00
stonefig.org,1,matsnu,2025-01-02T08:25:00
host428.urqdg.com,0,benign,2025-01-01T07:08:00
host4061.alqgc.com,0,benign,2025-01-03T19:41:00
host3049.vdbwx.com,0,benign,2025-01-03T02:49:00
ounhmpfxiuiv.com,1,kraken,2025-01-03T06:51:00
host636.vhqcs.com,0,benign,2025-01-01T10:36:00
7bx9iea6b95p6co.info,1,generic,2025-01-04T06:22:00
host1945.oqzis.com,0,benign,2025-01-02T08:25:00
grapestone.org,1,matsnu,2025-01-03T23:32:00
qrnhawreuaig.com,1,kraken,2025-01-02T10:04:00
host1863.ihpyt.com,0,benign,2025-01-02T07:03:00
miazju4yryisde18z2m.info,1,generic,2025-01-04T00:17:00
wwcs0yb.ru,1,cryptolocker,2025-01-04T10:47:00
pmardu.net,1,conficker,2025-01-04T07:42:00
xuavxdd.net,1,conficker,2025-01-03T10:47:00
host2493.baatr.com,0,benign,2025-01-02T17:33:00
host2034.xiriq.com,0,benign,2025-01-02T09:54:00
host1970.cwcrg.com,0,benign,2025-01-02T08:50:00
kuqqpkrmtjgi.com,1,kraken,2025-01-02T01:28:00
cjn2np2.biz,1,cryptolocker,2025-01-02T16:40:00
7hrl4me.biz,1,cryptolocker,2025-01-04T00:44:00
youtheyfrom.net,1,suppobox,2025-01-01T22:08:00
host712.dvjjj.com,0,benign,2025-01-01T11:52:00
g60cvh8za.biz,1,generic,2025-01-04T01:53:00
host2115.dwyom.com,0,benign,2025-01-02T11:15:00
pnffkmqzbfeg.com,1,kraken,2025-01-01T01:24:00
hm9049h.biz,1,cryptolocker,2025-01-02T03:05:00
host3178.lmjrm.com,0,benign,2025-01-03T04:58:00
arplvb0.ru,1,cryptolocker,2025-01-04T10:51:00
fyscbg.net,1,conficker,2025-01-03T07:52:00
butwithnot.net,1,suppobox,2025-01-02T10:08:00
zpbuicwiuobh.com,1,kraken,2025-01-02T11:36:00
lh19owm.info,1,cryptolocker,2025-01-03T02:30:00
host2246.oiiez.com,0,benign,2025-01-02T13:26:00
google.com,0,benign,2025-01-03T23:01:00
host2254.zeqpi.com,0,benign,2025-01-02T13:34:00
google.com,0,benign,2025-01-01T14:55:00
yvkn95q44z977sr7ntvf.cn,1,generic,2025-01-02T05:14:00
uga1kmnyye.tk,1,generic,2025-01-01T10:55:00
thisthisthe.net,1,suppobox,2025-01-02T09:21:00
host1848.vikhu.com,0,benign,2025-01-02T06:48:00
netflix.com,0,benign,2025-01-03T07:23:00
thisyouthey.net,1,suppobox,2025-01-04T00:18:00
host4650.blujq.com,0,benign,2025-01-04T05:30:00
ttysud.net,1,conficker,2025-01-01T14:32:00
wugtmakutzii.com,1,kraken,2025-01-01T18:02:00
youforand.net,1,suppobox,2025-01-03T09:09:00
ocjxj6u.biz,1,cryptolocker,2025-01-04T06:42:00
host932.agczs.com,0,benign,2025-01-01T15:32:00
host3779.lmunb.com,0,benign,2025-01-03T14:59:00
google.com,0,benign,2025-01-03T05:00:00
52kf0l3jy843i1.org,1,generic,2025-01-04T09:11:00
vu75d0m674z1ujtl4.ru,1,generic,2025-01-03T12:02:00
host2035.xlkcw.com,0,benign,2025-01-02T09:55:00
host470.igwlt.com,0,benign,2025-01-01T07:50:00
salesforce.com,0,benign,2025-01-02T17:58:00
kdxtinwzizbu.com,1,kraken,2025-01-02T15:09:00
bing.com,0,benign,2025-01-04T04:15:00
lrajuinzuzbz.com,1,kraken,2025-01-03T04:05:00
host4627.rbypw.com,0,benign,2025-01-04T05:07:00
host1646.qebql.com,0,benign,2025-01-02T03:26:00
github.com,0,benign,2025-01-01T20:58:00
host2139.rptlw.com,0,benign,2025-01-02T11:39:00
4jnubkv.ru,1,cryptolocker,2025-01-01T13:12:00
dgmmo54.ru,1,cryptolocker,2025-01-01T18:17:00
w0wasft.info,1,cryptolocker,2025-01-03T00:06:00
35885kb.info,1,cryptolocker,2025-01-03T09:28:00
firetree.org,1,matsnu,2025-01-04T10:01:00
wy6aa7g.biz,1,cryptolocker,2025-01-03T10:30:00
p0i2zen.info,1,cryptolocker,2025-01-03T13:08:00
xddwjjy.net,1,conficker,2025-01-03T07:41:00
firefire.org,1,matsnu,2025-01-03T11:11:00
host3912.wrgqm.com,0,benign,2025-01-03T17:12:00
treefire.org,1,matsnu,2025-01-01T09:23:00
nothavehave.net,1,suppobox,2025-01-01T18:24:00
